Protein1,Protein2,AbsPos1,AbsPos2
sp|P22138|RPA2_YEAST,sp|P10964|RPA1_YEAST,916,612
sp|P10964|RPA1_YEAST,sp|P22138|RPA2_YEAST,1376,740
sp|P20434|RPAB1_YEAST,sp|P20435|RPAB2_YEAST,171,72
sp|Q01080|RPA49_YEAST,sp|P22138|RPA2_YEAST,306,140
sp|P10964|RPA1_YEAST,sp|Q01080|RPA49_YEAST,250,170
sp|P10964|RPA1_YEAST,sp|P22138|RPA2_YEAST,1012,916
sp|P10964|RPA1_YEAST,sp|P20434|RPAB1_YEAST,195,161
sp|P10964|RPA1_YEAST,sp|P22138|RPA2_YEAST,1376,916
sp|P10964|RPA1_YEAST,sp|P20434|RPAB1_YEAST,1516,201
sp|P07703|RPAC1_YEAST,sp|P22138|RPA2_YEAST,148,30
sp|Q01080|RPA49_YEAST,sp|P22138|RPA2_YEAST,170,140
sp|P22138|RPA2_YEAST,sp|P10964|RPA1_YEAST,1043,612
sp|P47006|RPA34_YEAST,sp|P22138|RPA2_YEAST,158,6
sp|P10964|RPA1_YEAST,sp|P22138|RPA2_YEAST,1376,924
sp|P20434|RPAB1_YEAST,sp|P20435|RPAB2_YEAST,171,72
sp|P22138|RPA2_YEAST,sp|P10964|RPA1_YEAST,916,612
sp|P10964|RPA1_YEAST,sp|P20434|RPAB1_YEAST,1110,201
sp|Q01080|RPA49_YEAST,sp|P10964|RPA1_YEAST,306,267
sp|P10964|RPA1_YEAST,sp|P20434|RPAB1_YEAST,1110,201
sp|P07703|RPAC1_YEAST,sp|P22138|RPA2_YEAST,148,30
sp|Q01080|RPA49_YEAST,sp|P10964|RPA1_YEAST,153,450
sp|P22138|RPA2_YEAST,sp|Q01080|RPA49_YEAST,140,282
sp|P47006|RPA34_YEAST,sp|Q01080|RPA49_YEAST,49,86
sp|P10964|RPA1_YEAST,sp|Q01080|RPA49_YEAST,410,170
sp|P47006|RPA34_YEAST,sp|Q01080|RPA49_YEAST,49,86
sp|P22138|RPA2_YEAST,sp|Q01080|RPA49_YEAST,77,139
sp|P10964|RPA1_YEAST,sp|P22138|RPA2_YEAST,1012,924
sp|P10964|RPA1_YEAST,sp|Q01080|RPA49_YEAST,410,211
sp|P22138|RPA2_YEAST,sp|P10964|RPA1_YEAST,916,612
sp|P10964|RPA1_YEAST,sp|Q01080|RPA49_YEAST,250,306
sp|P10964|RPA1_YEAST,sp|P32529|RPA12_YEAST,910,83
sp|P10964|RPA1_YEAST,sp|P20434|RPAB1_YEAST,195,161
sp|P47006|RPA34_YEAST,sp|Q01080|RPA49_YEAST,135,86
sp|P32529|RPA12_YEAST,sp|P10964|RPA1_YEAST,83,756
sp|P10964|RPA1_YEAST,sp|Q01080|RPA49_YEAST,450,170
sp|P07703|RPAC1_YEAST,sp|P22139|RPAB5_YEAST,148,68
sp|P10964|RPA1_YEAST,sp|P22138|RPA2_YEAST,1376,924
sp|P22138|RPA2_YEAST,sp|P22139|RPAB5_YEAST,120,68
sp|P22138|RPA2_YEAST,sp|Q01080|RPA49_YEAST,77,170
sp|P10964|RPA1_YEAST,sp|P22138|RPA2_YEAST,1379,740
sp|P10964|RPA1_YEAST,sp|Q01080|RPA49_YEAST,1376,170
sp|P10964|RPA1_YEAST,sp|Q01080|RPA49_YEAST,1363,170
sp|Q01080|RPA49_YEAST,sp|P10964|RPA1_YEAST,223,410
sp|P10964|RPA1_YEAST,sp|P20434|RPAB1_YEAST,1143,201
sp|P10964|RPA1_YEAST,sp|P22138|RPA2_YEAST,612,1043
sp|P10964|RPA1_YEAST,sp|P22138|RPA2_YEAST,1376,808
sp|P22138|RPA2_YEAST,sp|Q01080|RPA49_YEAST,77,282
sp|P22138|RPA2_YEAST,sp|P22138|RPA2_YEAST,1043,916
sp|P10964|RPA1_YEAST,sp|P10964|RPA1_YEAST,372,469
sp|P47006|RPA34_YEAST,sp|P47006|RPA34_YEAST,126,49
sp|P22138|RPA2_YEAST,sp|P22138|RPA2_YEAST,916,924
sp|P22138|RPA2_YEAST,sp|P22138|RPA2_YEAST,916,1043
sp|P22138|RPA2_YEAST,sp|P22138|RPA2_YEAST,916,1043
sp|P22138|RPA2_YEAST,sp|P22138|RPA2_YEAST,1043,740
sp|P10964|RPA1_YEAST,sp|P10964|RPA1_YEAST,848,841
sp|P47006|RPA34_YEAST,sp|P47006|RPA34_YEAST,152,158
sp|P22138|RPA2_YEAST,sp|P22138|RPA2_YEAST,1043,916
sp|P22138|RPA2_YEAST,sp|P22138|RPA2_YEAST,1043,924
sp|P22138|RPA2_YEAST,sp|P22138|RPA2_YEAST,1043,740
sp|P10964|RPA1_YEAST,sp|P10964|RPA1_YEAST,991,848
sp|Q01080|RPA49_YEAST,sp|Q01080|RPA49_YEAST,170,211
sp|P10964|RPA1_YEAST,sp|P10964|RPA1_YEAST,991,848
sp|P10964|RPA1_YEAST,sp|P10964|RPA1_YEAST,910,848
sp|Q01080|RPA49_YEAST,sp|Q01080|RPA49_YEAST,306,170
sp|P22138|RPA2_YEAST,sp|P22138|RPA2_YEAST,1144,1139
sp|P10964|RPA1_YEAST,sp|P10964|RPA1_YEAST,111,267
sp|P10964|RPA1_YEAST,sp|P10964|RPA1_YEAST,232,111
sp|Q01080|RPA49_YEAST,sp|Q01080|RPA49_YEAST,306,139
sp|P10964|RPA1_YEAST,sp|P10964|RPA1_YEAST,372,1376
sp|P20434|RPAB1_YEAST,sp|P20434|RPAB1_YEAST,197,201
sp|P50106|RPA14_YEAST,sp|P50106|RPA14_YEAST,118,131
sp|P22138|RPA2_YEAST,sp|P22138|RPA2_YEAST,174,120
sp|P10964|RPA1_YEAST,sp|P10964|RPA1_YEAST,232,267
sp|P10964|RPA1_YEAST,sp|P10964|RPA1_YEAST,1119,1107
sp|P40422|RPAB4_YEAST,sp|P40422|RPAB4_YEAST,28,49
sp|Q01080|RPA49_YEAST,sp|Q01080|RPA49_YEAST,170,139
sp|Q01080|RPA49_YEAST,sp|Q01080|RPA49_YEAST,99,106
sp|P10964|RPA1_YEAST,sp|P10964|RPA1_YEAST,910,841
sp|P10964|RPA1_YEAST,sp|P10964|RPA1_YEAST,405,410
sp|Q01080|RPA49_YEAST,sp|Q01080|RPA49_YEAST,170,282
sp|Q01080|RPA49_YEAST,sp|Q01080|RPA49_YEAST,306,282
sp|P46669|RPA43_YEAST,sp|P46669|RPA43_YEAST,88,103
sp|P22138|RPA2_YEAST,sp|P22138|RPA2_YEAST,106,120
sp|P10964|RPA1_YEAST,sp|P10964|RPA1_YEAST,259,267
sp|P22138|RPA2_YEAST,sp|P22138|RPA2_YEAST,916,924
sp|P07703|RPAC1_YEAST,sp|P07703|RPAC1_YEAST,240,288
sp|Q01080|RPA49_YEAST,sp|Q01080|RPA49_YEAST,306,211
sp|P10964|RPA1_YEAST,sp|P10964|RPA1_YEAST,171,111
sp|Q01080|RPA49_YEAST,sp|Q01080|RPA49_YEAST,153,139
sp|P22138|RPA2_YEAST,sp|P22138|RPA2_YEAST,805,740
sp|P10964|RPA1_YEAST,sp|P10964|RPA1_YEAST,582,604
sp|Q01080|RPA49_YEAST,sp|Q01080|RPA49_YEAST,116,112
sp|P07703|RPAC1_YEAST,sp|P07703|RPAC1_YEAST,205,168
sp|P22138|RPA2_YEAST,sp|P22138|RPA2_YEAST,77,441
sp|P10964|RPA1_YEAST,sp|P10964|RPA1_YEAST,171,267
sp|P10964|RPA1_YEAST,sp|P10964|RPA1_YEAST,1110,1103
sp|P10964|RPA1_YEAST,sp|P10964|RPA1_YEAST,877,888
sp|P10964|RPA1_YEAST,sp|P10964|RPA1_YEAST,250,450
sp|Q01080|RPA49_YEAST,sp|Q01080|RPA49_YEAST,153,116
sp|P10964|RPA1_YEAST,sp|P10964|RPA1_YEAST,983,848
sp|P10964|RPA1_YEAST,sp|P10964|RPA1_YEAST,1363,450
sp|Q01080|RPA49_YEAST,sp|Q01080|RPA49_YEAST,153,282
sp|P10964|RPA1_YEAST,sp|P10964|RPA1_YEAST,267,111
sp|P10964|RPA1_YEAST,sp|P10964|RPA1_YEAST,217,225
sp|P10964|RPA1_YEAST,sp|P10964|RPA1_YEAST,910,848
sp|Q01080|RPA49_YEAST,sp|Q01080|RPA49_YEAST,153,306
sp|P20435|RPAB2_YEAST,sp|P20435|RPAB2_YEAST,123,129
sp|Q01080|RPA49_YEAST,sp|Q01080|RPA49_YEAST,99,106
sp|P22138|RPA2_YEAST,sp|P22138|RPA2_YEAST,1150,1139
sp|P10964|RPA1_YEAST,sp|P10964|RPA1_YEAST,1376,450
sp|P07703|RPAC1_YEAST,sp|P07703|RPAC1_YEAST,240,288
sp|Q01080|RPA49_YEAST,sp|Q01080|RPA49_YEAST,230,223
sp|Q01080|RPA49_YEAST,sp|Q01080|RPA49_YEAST,230,223
sp|P22138|RPA2_YEAST,sp|P22138|RPA2_YEAST,805,740
sp|P10964|RPA1_YEAST,sp|P10964|RPA1_YEAST,783,756
sp|Q01080|RPA49_YEAST,sp|Q01080|RPA49_YEAST,153,170
sp|P20435|RPAB2_YEAST,sp|P20435|RPAB2_YEAST,123,129
sp|P22138|RPA2_YEAST,sp|P22138|RPA2_YEAST,805,1043
sp|P20434|RPAB1_YEAST,sp|P20434|RPAB1_YEAST,171,166
sp|P10964|RPA1_YEAST,sp|P10964|RPA1_YEAST,1119,1110
sp|Q01080|RPA49_YEAST,sp|Q01080|RPA49_YEAST,306,116
sp|P10964|RPA1_YEAST,sp|P10964|RPA1_YEAST,1376,450
sp|P20434|RPAB1_YEAST,sp|P20434|RPAB1_YEAST,171,166
sp|Q01080|RPA49_YEAST,sp|Q01080|RPA49_YEAST,153,223
sp|P10964|RPA1_YEAST,sp|P10964|RPA1_YEAST,1516,1110
sp|P47006|RPA34_YEAST,sp|P47006|RPA34_YEAST,208,191
sp|P20434|RPAB1_YEAST,sp|P20434|RPAB1_YEAST,171,161
sp|Q01080|RPA49_YEAST,sp|Q01080|RPA49_YEAST,135,139
sp|P07703|RPAC1_YEAST,sp|P07703|RPAC1_YEAST,268,272
sp|P22138|RPA2_YEAST,sp|P22138|RPA2_YEAST,443,140
sp|Q01080|RPA49_YEAST,sp|Q01080|RPA49_YEAST,306,135
sp|P10964|RPA1_YEAST,sp|P10964|RPA1_YEAST,450,462
sp|Q01080|RPA49_YEAST,sp|Q01080|RPA49_YEAST,223,170
sp|P32529|RPA12_YEAST,sp|P32529|RPA12_YEAST,77,68
sp|P10964|RPA1_YEAST,sp|P10964|RPA1_YEAST,182,111
sp|P47006|RPA34_YEAST,sp|P47006|RPA34_YEAST,152,158
sp|P32529|RPA12_YEAST,sp|P32529|RPA12_YEAST,77,68
sp|P20434|RPAB1_YEAST,sp|P20434|RPAB1_YEAST,45,20
sp|P22138|RPA2_YEAST,sp|P22138|RPA2_YEAST,1043,924
sp|P10964|RPA1_YEAST,sp|P10964|RPA1_YEAST,888,877
sp|P10964|RPA1_YEAST,sp|P10964|RPA1_YEAST,1107,1103
sp|Q01080|RPA49_YEAST,sp|Q01080|RPA49_YEAST,135,170
sp|P10964|RPA1_YEAST,sp|P10964|RPA1_YEAST,1363,1376
sp|P10964|RPA1_YEAST,sp|P10964|RPA1_YEAST,529,555
sp|P20434|RPAB1_YEAST,sp|P20434|RPAB1_YEAST,171,161
sp|Q01080|RPA49_YEAST,sp|Q01080|RPA49_YEAST,241,227
sp|P22138|RPA2_YEAST,sp|P22138|RPA2_YEAST,916,924
sp|Q01080|RPA49_YEAST,sp|Q01080|RPA49_YEAST,223,170
sp|P10964|RPA1_YEAST,sp|P10964|RPA1_YEAST,1363,225
sp|P10964|RPA1_YEAST,sp|P10964|RPA1_YEAST,1363,1012
sp|P20434|RPAB1_YEAST,sp|P20434|RPAB1_YEAST,45,20
sp|P46669|RPA43_YEAST,sp|P46669|RPA43_YEAST,22,228
sp|P10964|RPA1_YEAST,sp|P10964|RPA1_YEAST,1363,462
sp|P50106|RPA14_YEAST,sp|P50106|RPA14_YEAST,117,131
sp|P47006|RPA34_YEAST,sp|P47006|RPA34_YEAST,47,49
sp|P47006|RPA34_YEAST,sp|P47006|RPA34_YEAST,208,209
sp|P10964|RPA1_YEAST,sp|P10964|RPA1_YEAST,225,226
sp|P46669|RPA43_YEAST,sp|P46669|RPA43_YEAST,21,22
sp|Q01080|RPA49_YEAST,sp|Q01080|RPA49_YEAST,45,48
sp|P50106|RPA14_YEAST,sp|P50106|RPA14_YEAST,117,118
sp|P47006|RPA34_YEAST,sp|P47006|RPA34_YEAST,208,210
sp|P10964|RPA1_YEAST,sp|P10964|RPA1_YEAST,405,408
sp|P10964|RPA1_YEAST,sp|P10964|RPA1_YEAST,1119,1126
sp|Q01080|RPA49_YEAST,sp|Q01080|RPA49_YEAST,398,402
sp|Q01080|RPA49_YEAST,sp|Q01080|RPA49_YEAST,135,136
sp|P46669|RPA43_YEAST,sp|P46669|RPA43_YEAST,88,97
sp|P10964|RPA1_YEAST,sp|P10964|RPA1_YEAST,1376,1379
sp|Q01080|RPA49_YEAST,sp|Q01080|RPA49_YEAST,114,116
sp|Q01080|RPA49_YEAST,sp|Q01080|RPA49_YEAST,135,138
sp|P10964|RPA1_YEAST,sp|P10964|RPA1_YEAST,1376,1377
sp|P20435|RPAB2_YEAST,sp|P20435|RPAB2_YEAST,128,129
sp|P47006|RPA34_YEAST,sp|P47006|RPA34_YEAST,36,45
sp|Q01080|RPA49_YEAST,sp|Q01080|RPA49_YEAST,210,211
sp|P07703|RPAC1_YEAST,sp|P07703|RPAC1_YEAST,249,268
sp|P47006|RPA34_YEAST,sp|P47006|RPA34_YEAST,36,46
sp|P47006|RPA34_YEAST,sp|P47006|RPA34_YEAST,208,209
sp|P10964|RPA1_YEAST,sp|P10964|RPA1_YEAST,457,462
sp|P47006|RPA34_YEAST,sp|P47006|RPA34_YEAST,68,88
sp|P28000|RPAC2_YEAST,sp|P28000|RPAC2_YEAST,122,138
sp|P10964|RPA1_YEAST,sp|P10964|RPA1_YEAST,321,330
sp|P10964|RPA1_YEAST,sp|P10964|RPA1_YEAST,555,575
sp|P32529|RPA12_YEAST,sp|P32529|RPA12_YEAST,73,83
sp|P47006|RPA34_YEAST,sp|P47006|RPA34_YEAST,195,208
sp|Q01080|RPA49_YEAST,sp|Q01080|RPA49_YEAST,135,136
sp|P22138|RPA2_YEAST,sp|P22138|RPA2_YEAST,1150,1166
sp|P10964|RPA1_YEAST,sp|P10964|RPA1_YEAST,1150,1153
sp|P47006|RPA34_YEAST,sp|P47006|RPA34_YEAST,126,144
sp|P10964|RPA1_YEAST,-,1269,n/a
sp|P10964|RPA1_YEAST,-,372,n/a
sp|P10964|RPA1_YEAST,-,372,n/a
sp|P07703|RPAC1_YEAST,-,205,n/a
sp|P22138|RPA2_YEAST,-,834,n/a
sp|Q01080|RPA49_YEAST,-,99,n/a
sp|P20436|RPAB3_YEAST,-,136,n/a
sp|P10964|RPA1_YEAST,-,442,n/a
sp|P07703|RPAC1_YEAST,-,205,n/a
sp|P50106|RPA14_YEAST,-,118,n/a
sp|Q01080|RPA49_YEAST,-,241,n/a
sp|P10964|RPA1_YEAST,-,1012,n/a
sp|P20434|RPAB1_YEAST,-,197,n/a
sp|P07703|RPAC1_YEAST,-,25,n/a
sp|P20434|RPAB1_YEAST,-,171,n/a
sp|P20434|RPAB1_YEAST,-,171,n/a
sp|P07703|RPAC1_YEAST,-,249,n/a
sp|P07703|RPAC1_YEAST,-,25,n/a
sp|Q01080|RPA49_YEAST,-,42,n/a
sp|P10964|RPA1_YEAST,-,1143,n/a
sp|P10964|RPA1_YEAST,-,848,n/a
sp|P22138|RPA2_YEAST,-,916,n/a
sp|P10964|RPA1_YEAST,-,195,n/a
sp|P10964|RPA1_YEAST,-,555,n/a
sp|P47006|RPA34_YEAST,-,208,n/a
sp|P10964|RPA1_YEAST,-,1363,n/a
sp|P50106|RPA14_YEAST,-,117,n/a
sp|P10964|RPA1_YEAST,-,772,n/a
sp|P10964|RPA1_YEAST,-,555,n/a
sp|Q01080|RPA49_YEAST,-,241,n/a
sp|P22138|RPA2_YEAST,-,1043,n/a
sp|Q01080|RPA49_YEAST,-,99,n/a
sp|P46669|RPA43_YEAST,-,88,n/a
sp|P47006|RPA34_YEAST,-,49,n/a
sp|P07703|RPAC1_YEAST,-,148,n/a
sp|P10964|RPA1_YEAST,-,1269,n/a
sp|P46669|RPA43_YEAST,-,72,n/a
sp|P10964|RPA1_YEAST,-,555,n/a
sp|P10964|RPA1_YEAST,-,1363,n/a
sp|P10964|RPA1_YEAST,-,1376,n/a
sp|P22139|RPAB5_YEAST,-,59,n/a
sp|P10964|RPA1_YEAST,-,250,n/a
sp|P20436|RPAB3_YEAST,-,136,n/a
sp|P10964|RPA1_YEAST,-,877,n/a
sp|P22138|RPA2_YEAST,-,77,n/a
sp|P10964|RPA1_YEAST,-,309,n/a
sp|P22138|RPA2_YEAST,-,834,n/a
sp|P10964|RPA1_YEAST,-,1516,n/a
sp|P47006|RPA34_YEAST,-,126,n/a
sp|P07703|RPAC1_YEAST,-,249,n/a
sp|P32529|RPA12_YEAST,-,46,n/a
sp|P10964|RPA1_YEAST,-,242,n/a
sp|P10964|RPA1_YEAST,-,1260,n/a
sp|P10964|RPA1_YEAST,-,111,n/a
sp|P47006|RPA34_YEAST,-,208,n/a
sp|P20434|RPAB1_YEAST,-,94,n/a
sp|Q01080|RPA49_YEAST,-,223,n/a
sp|P22138|RPA2_YEAST,-,872,n/a
sp|P10964|RPA1_YEAST,-,330,n/a
sp|P10964|RPA1_YEAST,-,226,n/a
sp|P10964|RPA1_YEAST,-,182,n/a
sp|P10964|RPA1_YEAST,-,372,n/a
sp|P20435|RPAB2_YEAST,-,46,n/a
sp|P47006|RPA34_YEAST,-,36,n/a
sp|P10964|RPA1_YEAST,-,866,n/a
sp|P10964|RPA1_YEAST,-,910,n/a
sp|Q01080|RPA49_YEAST,-,48,n/a
sp|P47006|RPA34_YEAST,-,49,n/a
sp|P20434|RPAB1_YEAST,-,94,n/a
sp|P07703|RPAC1_YEAST,-,154,n/a
sp|P10964|RPA1_YEAST,-,866,n/a
sp|P10964|RPA1_YEAST,-,1376,n/a
sp|P22138|RPA2_YEAST,-,106,n/a
sp|P20435|RPAB2_YEAST,-,128,n/a
sp|P10964|RPA1_YEAST,-,555,n/a
sp|P50106|RPA14_YEAST,-,117,n/a
sp|P10964|RPA1_YEAST,-,330,n/a
sp|P10964|RPA1_YEAST,-,877,n/a
sp|P32529|RPA12_YEAST,-,46,n/a
sp|P10964|RPA1_YEAST,-,30,n/a
sp|P10964|RPA1_YEAST,-,910,n/a
sp|P50106|RPA14_YEAST,-,130,n/a
sp|P10964|RPA1_YEAST,-,457,n/a
sp|Q01080|RPA49_YEAST,-,45,n/a
sp|P10964|RPA1_YEAST,-,330,n/a
sp|P10964|RPA1_YEAST,-,225,n/a
sp|P22138|RPA2_YEAST,-,1043,n/a
sp|P47006|RPA34_YEAST,-,47,n/a
sp|P20435|RPAB2_YEAST,-,46,n/a
sp|P22138|RPA2_YEAST,-,513,n/a
sp|P10964|RPA1_YEAST,-,225,n/a
sp|P20435|RPAB2_YEAST,-,129,n/a
sp|P22138|RPA2_YEAST,-,513,n/a
sp|P46669|RPA43_YEAST,-,31,n/a
sp|P20435|RPAB2_YEAST,-,46,n/a
sp|P10964|RPA1_YEAST,-,899,n/a
sp|P46669|RPA43_YEAST,-,31,n/a
sp|P10964|RPA1_YEAST,-,888,n/a
sp|P10964|RPA1_YEAST,-,582,n/a
sp|P10964|RPA1_YEAST,-,1377,n/a
sp|P32529|RPA12_YEAST,-,77,n/a
sp|Q01080|RPA49_YEAST,-,306,n/a
sp|Q01080|RPA49_YEAST,-,223,n/a
sp|P10964|RPA1_YEAST,-,225,n/a
sp|Q01080|RPA49_YEAST,-,48,n/a
sp|P46669|RPA43_YEAST,-,103,n/a
sp|P10964|RPA1_YEAST,-,1363,n/a
sp|P20436|RPAB3_YEAST,-,136,n/a
sp|P47006|RPA34_YEAST,-,144,n/a
sp|P22138|RPA2_YEAST,-,1061,n/a
sp|P20434|RPAB1_YEAST,-,45,n/a
sp|P07703|RPAC1_YEAST,-,288,n/a
sp|P22138|RPA2_YEAST,-,266,n/a
sp|P28000|RPAC2_YEAST,-,20,n/a
sp|P22138|RPA2_YEAST,-,894,n/a
sp|P46669|RPA43_YEAST,-,228,n/a
sp|P50106|RPA14_YEAST,-,118,n/a
sp|P32529|RPA12_YEAST,-,120,n/a
sp|P10964|RPA1_YEAST,-,983,n/a
sp|P10964|RPA1_YEAST,-,888,n/a
sp|P10964|RPA1_YEAST,-,1110,n/a
sp|P10964|RPA1_YEAST,-,991,n/a
sp|P10964|RPA1_YEAST,-,330,n/a
sp|P22138|RPA2_YEAST,-,548,n/a
sp|P32529|RPA12_YEAST,-,120,n/a
sp|Q01080|RPA49_YEAST,-,306,n/a
sp|P10964|RPA1_YEAST,-,30,n/a
sp|Q01080|RPA49_YEAST,-,28,n/a
sp|P10964|RPA1_YEAST,-,195,n/a
sp|P10964|RPA1_YEAST,-,410,n/a
sp|Q01080|RPA49_YEAST,-,136,n/a
sp|P28000|RPAC2_YEAST,-,8,n/a
sp|P47006|RPA34_YEAST,-,152,n/a
sp|P47006|RPA34_YEAST,-,210,n/a
sp|P20434|RPAB1_YEAST,-,45,n/a
sp|P10964|RPA1_YEAST,-,1645,n/a
sp|P10964|RPA1_YEAST,-,1025,n/a
sp|P22138|RPA2_YEAST,-,548,n/a
sp|P20435|RPAB2_YEAST,-,129,n/a
sp|P10964|RPA1_YEAST,-,1624,n/a
sp|P20435|RPAB2_YEAST,-,46,n/a
sp|P07703|RPAC1_YEAST,-,290,n/a
sp|P10964|RPA1_YEAST,-,309,n/a
sp|P10964|RPA1_YEAST,-,283,n/a
sp|P10964|RPA1_YEAST,-,330,n/a
sp|P22138|RPA2_YEAST,-,1144,n/a
sp|P10964|RPA1_YEAST,-,582,n/a
sp|P10964|RPA1_YEAST,-,721,n/a
sp|P22138|RPA2_YEAST,-,602,n/a
sp|P28000|RPAC2_YEAST,-,9,n/a
sp|P40422|RPAB4_YEAST,-,28,n/a
sp|P46669|RPA43_YEAST,-,88,n/a
sp|P10964|RPA1_YEAST,-,1376,n/a
sp|P10964|RPA1_YEAST,-,283,n/a
sp|Q01080|RPA49_YEAST,-,48,n/a
sp|P22138|RPA2_YEAST,-,916,n/a
sp|P32529|RPA12_YEAST,-,85,n/a
sp|Q01080|RPA49_YEAST,-,48,n/a
sp|P10964|RPA1_YEAST,-,182,n/a
sp|P46669|RPA43_YEAST,-,88,n/a
sp|P20435|RPAB2_YEAST,-,129,n/a
sp|P10964|RPA1_YEAST,-,711,n/a
sp|P22138|RPA2_YEAST,-,894,n/a
sp|P10964|RPA1_YEAST,-,267,n/a
sp|P10964|RPA1_YEAST,-,754,n/a
sp|P10964|RPA1_YEAST,-,983,n/a
sp|P10964|RPA1_YEAST,-,888,n/a
sp|P10964|RPA1_YEAST,-,604,n/a
sp|P10964|RPA1_YEAST,-,1377,n/a
sp|P10964|RPA1_YEAST,-,991,n/a
sp|P10964|RPA1_YEAST,-,1377,n/a
sp|Q01080|RPA49_YEAST,-,210,n/a
sp|P32529|RPA12_YEAST,-,85,n/a
sp|P46669|RPA43_YEAST,-,31,n/a
sp|P10964|RPA1_YEAST,-,309,n/a
sp|P10964|RPA1_YEAST,-,711,n/a
sp|P22138|RPA2_YEAST,-,32,n/a
sp|P10964|RPA1_YEAST,-,351,n/a
sp|P22138|RPA2_YEAST,-,548,n/a
sp|P10964|RPA1_YEAST,-,1659,n/a
sp|P22138|RPA2_YEAST,-,184,n/a
sp|P22138|RPA2_YEAST,-,1061,n/a
sp|P10964|RPA1_YEAST,-,321,n/a
sp|P22138|RPA2_YEAST,-,616,n/a
sp|P20434|RPAB1_YEAST,-,45,n/a
sp|P10964|RPA1_YEAST,-,1645,n/a
sp|P10964|RPA1_YEAST,-,1376,n/a
sp|P10964|RPA1_YEAST,-,182,n/a
sp|P22138|RPA2_YEAST,-,32,n/a
sp|P10964|RPA1_YEAST,-,991,n/a
sp|P22138|RPA2_YEAST,-,591,n/a
sp|P47006|RPA34_YEAST,-,167,n/a
sp|Q01080|RPA49_YEAST,-,116,n/a
sp|P22138|RPA2_YEAST,-,616,n/a
sp|Q01080|RPA49_YEAST,-,45,n/a
sp|P46669|RPA43_YEAST,-,22,n/a
sp|P20436|RPAB3_YEAST,-,136,n/a
sp|P07703|RPAC1_YEAST,-,154,n/a
sp|P10964|RPA1_YEAST,-,276,n/a
sp|P10964|RPA1_YEAST,-,267,n/a
sp|P50106|RPA14_YEAST,-,97,n/a
sp|P10964|RPA1_YEAST,-,182,n/a
sp|Q01080|RPA49_YEAST,-,153,n/a
sp|P07703|RPAC1_YEAST,-,288,n/a
sp|P10964|RPA1_YEAST,-,184,n/a
sp|P10964|RPA1_YEAST,-,783,n/a
sp|P50106|RPA14_YEAST,-,118,n/a
sp|P46669|RPA43_YEAST,-,228,n/a
sp|P47006|RPA34_YEAST,-,84,n/a
sp|P47006|RPA34_YEAST,-,88,n/a
sp|P28000|RPAC2_YEAST,-,48,n/a
sp|P20434|RPAB1_YEAST,-,56,n/a
sp|P40422|RPAB4_YEAST,-,28,n/a
sp|P47006|RPA34_YEAST,-,195,n/a
sp|P10964|RPA1_YEAST,-,1173,n/a
sp|P20436|RPAB3_YEAST,-,22,n/a
sp|P20434|RPAB1_YEAST,-,45,n/a
sp|P46669|RPA43_YEAST,-,76,n/a
