Id,Protein1,Protein2,AbsPos1,AbsPos2
TPQIGDKFSSR-VRVLPNEKTLR-a7-b8,sp|P22138|RPA2_YEAST,sp|P10964|RPA1_YEAST,916,612
RLEEDNDEEQSHKK-SDNKLYR-a13-b4,sp|P10964|RPA1_YEAST,sp|P22138|RPA2_YEAST,1376,740
YRLKESQLPR-EKAIPK-a4-b2,sp|P20434|RPAB1_YEAST,sp|P20435|RPAB2_YEAST,171,72
FTVIKPGQFGR-LLLKLK-a5-b4,sp|Q01080|RPA49_YEAST,sp|P22138|RPA2_YEAST,306,140
DGFTKIFETALNEK-TASKDLPTR-a5-b4,sp|P10964|RPA1_YEAST,sp|Q01080|RPA49_YEAST,250,170
EGLIDTAVKTSR-TPQIGDKFSSR-a9-b7,sp|P10964|RPA1_YEAST,sp|P22138|RPA2_YEAST,1012,916
RSEYVDMAIAKALSDGR-LSSDEKR-a11-b6,sp|P10964|RPA1_YEAST,sp|P20434|RPAB1_YEAST,195,161
RLEEDNDEEQSHKK-RTPQIGDKFSSR-a13-b8,sp|P10964|RPA1_YEAST,sp|P22138|RPA2_YEAST,1376,916
CVHPEPENGKR-KSETSGR-a10-b1,sp|P10964|RPA1_YEAST,sp|P20434|RPAB1_YEAST,1516,201
NPDAPKGSTDPK-FINPPKDK-a6-b6,sp|P07703|RPAC1_YEAST,sp|P22138|RPA2_YEAST,148,30
TASKDLPTR-LLLKLK-a4-b4,sp|Q01080|RPA49_YEAST,sp|P22138|RPA2_YEAST,170,140
HMVNDKFQVR-VLPNEKTLR-a6-b6,sp|P22138|RPA2_YEAST,sp|P10964|RPA1_YEAST,1043,612
KDVPKVEGLK-VIKPPGQAR-a1-b3,sp|P47006|RPA34_YEAST,sp|P22138|RPA2_YEAST,158,6
RLEEDNDEEQSHKK-HGQKGVCSR-a13-b4,sp|P10964|RPA1_YEAST,sp|P22138|RPA2_YEAST,1376,924
LKESQLPR-EKAIPK-a2-b2,sp|P20434|RPAB1_YEAST,sp|P20435|RPAB2_YEAST,171,72
TPQIGDKFSSR-VLPNEKTLR-a7-b6,sp|P22138|RPA2_YEAST,sp|P10964|RPA1_YEAST,916,612
KHSKEPHYK-KSETSGR-a4-b1,sp|P10964|RPA1_YEAST,sp|P20434|RPAB1_YEAST,1110,201
FTVIKPGQFGR-VKGFIR-a5-b2,sp|Q01080|RPA49_YEAST,sp|P10964|RPA1_YEAST,306,267
HSKEPHYK-KSETSGR-a3-b1,sp|P10964|RPA1_YEAST,sp|P20434|RPAB1_YEAST,1110,201
CTRNPDAPKGSTDPK-FINPPKDK-a9-b6,sp|P07703|RPAC1_YEAST,sp|P22138|RPA2_YEAST,148,30
NRIDSDKLTDSAIDIVDSVR-TSGKVPIPGVK-a7-b4,sp|Q01080|RPA49_YEAST,sp|P10964|RPA1_YEAST,153,450
LLLKLK-TKLLER-a4-b2,sp|P22138|RPA2_YEAST,sp|Q01080|RPA49_YEAST,140,282
AKQQQVWLIK-KSIQLYK-a2-b1,sp|P47006|RPA34_YEAST,sp|Q01080|RPA49_YEAST,49,86
DKVSLEDRR-TASKDLPTR-a2-b4,sp|P10964|RPA1_YEAST,sp|Q01080|RPA49_YEAST,410,170
KAKQQQVWLIK-KSIQLYK-a3-b1,sp|P47006|RPA34_YEAST,sp|Q01080|RPA49_YEAST,49,86
VIFDGKPLNSEDEISNSGYLGNK-KAIADLER-a6-b1,sp|P22138|RPA2_YEAST,sp|Q01080|RPA49_YEAST,77,139
EGLIDTAVKTSR-HGQKGVCSR-a9-b4,sp|P10964|RPA1_YEAST,sp|P22138|RPA2_YEAST,1012,924
DKVSLEDRR-KELQFIR-a2-b1,sp|P10964|RPA1_YEAST,sp|Q01080|RPA49_YEAST,410,211
RTPQIGDKFSSR-VRVLPNEKTLR-a8-b8,sp|P22138|RPA2_YEAST,sp|P10964|RPA1_YEAST,916,612
DGFTKIFETALNEK-FTVIKPGQFGR-a5-b5,sp|P10964|RPA1_YEAST,sp|Q01080|RPA49_YEAST,250,306
VNAITSQVVSKCVPDGTMK-DGATIKEK-a11-b6,sp|P10964|RPA1_YEAST,sp|P32529|RPA12_YEAST,910,83
SEYVDMAIAKALSDGR-LSSDEKR-a10-b6,sp|P10964|RPA1_YEAST,sp|P20434|RPAB1_YEAST,195,161
DNAPLQFDKVFSVSETAK-KSIQLYK-a9-b1,sp|P47006|RPA34_YEAST,sp|Q01080|RPA49_YEAST,135,86
DGATIKEK-IKNEYWGK-a6-b2,sp|P32529|RPA12_YEAST,sp|P10964|RPA1_YEAST,83,756
TSGKVPIPGVK-TASKDLPTR-a4-b4,sp|P10964|RPA1_YEAST,sp|Q01080|RPA49_YEAST,450,170
CTRNPDAPKGSTDPK-YNPLEKRD-a9-b6,sp|P07703|RPAC1_YEAST,sp|P22139|RPAB5_YEAST,148,68
LEEDNDEEQSHKK-HGQKGVCSR-a12-b4,sp|P10964|RPA1_YEAST,sp|P22138|RPA2_YEAST,1376,924
KVYPSESR-YNPLEKRD-a1-b6,sp|P22138|RPA2_YEAST,sp|P22139|RPAB5_YEAST,120,68
VIFDGKPLNSEDEISNSGYLGNK-TASKDLPTR-a6-b4,sp|P22138|RPA2_YEAST,sp|Q01080|RPA49_YEAST,77,170
TKQAVSYDEPDEDEIETMR-SDNKLYR-a2-b4,sp|P10964|RPA1_YEAST,sp|P22138|RPA2_YEAST,1379,740
RLEEDNDEEQSHKK-TASKDLPTR-a13-b4,sp|P10964|RPA1_YEAST,sp|Q01080|RPA49_YEAST,1376,170
LQTDVANSSSNSKR-TASKDLPTR-a13-b4,sp|P10964|RPA1_YEAST,sp|Q01080|RPA49_YEAST,1363,170
VSSILKEADKEK-DKVSLEDRR-a6-b2,sp|Q01080|RPA49_YEAST,sp|P10964|RPA1_YEAST,223,410
YLGSVSENFQDKLESFLDK-KSETSGR-a12-b1,sp|P10964|RPA1_YEAST,sp|P20434|RPAB1_YEAST,1143,201
VRVLPNEKTLR-HMVNDKFQVR-a8-b6,sp|P10964|RPA1_YEAST,sp|P22138|RPA2_YEAST,612,1043
RLEEDNDEEQSHKK-TEKVDLALNR-a13-b3,sp|P10964|RPA1_YEAST,sp|P22138|RPA2_YEAST,1376,808
VIFDGKPLNSEDEISNSGYLGNK-TKLLER-a6-b2,sp|P22138|RPA2_YEAST,sp|Q01080|RPA49_YEAST,77,282
LRHMVNDKFQVR-TPQIGDKFSSR-a8-b7,sp|P22138|RPA2_YEAST,sp|P22138|RPA2_YEAST,1043,916
FRLPSKLGEEVHENSQNQLLSK-KHMMGK-a6-b1,sp|P10964|RPA1_YEAST,sp|P10964|RPA1_YEAST,372,469
IASTAKDNAPLQFDK-AKQQQVWLIK-a6-b2,sp|P47006|RPA34_YEAST,sp|P47006|RPA34_YEAST,126,49
TPQIGDKFSSR-HGQKGVCSR-a7-b4,sp|P22138|RPA2_YEAST,sp|P22138|RPA2_YEAST,916,924
TPQIGDKFSSR-HMVNDKFQVR-a7-b6,sp|P22138|RPA2_YEAST,sp|P22138|RPA2_YEAST,916,1043
RTPQIGDKFSSR-HMVNDKFQVR-a8-b6,sp|P22138|RPA2_YEAST,sp|P22138|RPA2_YEAST,916,1043
LRHMVNDKFQVR-SDNKLYR-a8-b4,sp|P22138|RPA2_YEAST,sp|P22138|RPA2_YEAST,1043,740
TDILKTSVDTGR-LTAEGNKWR-a5-b7,sp|P10964|RPA1_YEAST,sp|P10964|RPA1_YEAST,848,841
IPAIDYSKVR-KDVPKVEGLK-a8-b1,sp|P47006|RPA34_YEAST,sp|P47006|RPA34_YEAST,152,158
LRHMVNDKFQVR-RTPQIGDKFSSR-a8-b8,sp|P22138|RPA2_YEAST,sp|P22138|RPA2_YEAST,1043,916
HMVNDKFQVR-HGQKGVCSR-a6-b4,sp|P22138|RPA2_YEAST,sp|P22138|RPA2_YEAST,1043,924
HMVNDKFQVR-SDNKLYR-a6-b4,sp|P22138|RPA2_YEAST,sp|P22138|RPA2_YEAST,1043,740
GRFYSGIKPQEYYFHCMAGR-TDILKTSVDTGR-a8-b5,sp|P10964|RPA1_YEAST,sp|P10964|RPA1_YEAST,991,848
TASKDLPTR-KELQFIR-a4-b1,sp|Q01080|RPA49_YEAST,sp|Q01080|RPA49_YEAST,170,211
FYSGIKPQEYYFHCMAGR-TDILKTSVDTGR-a6-b5,sp|P10964|RPA1_YEAST,sp|P10964|RPA1_YEAST,991,848
VNAITSQVVSKCVPDGTMK-TDILKTSVDTGR-a11-b5,sp|P10964|RPA1_YEAST,sp|P10964|RPA1_YEAST,910,848
FTVIKPGQFGR-TASKDLPTR-a5-b4,sp|Q01080|RPA49_YEAST,sp|Q01080|RPA49_YEAST,306,170
LLTKSEDGEK-FEDAKK-a4-b5,sp|P22138|RPA2_YEAST,sp|P22138|RPA2_YEAST,1144,1139
LKSVEVHR-VKGFIR-a2-b2,sp|P10964|RPA1_YEAST,sp|P10964|RPA1_YEAST,111,267
GKCDNCGMFSPK-LKSVEVHR-a2-b2,sp|P10964|RPA1_YEAST,sp|P10964|RPA1_YEAST,232,111
FTVIKPGQFGR-KAIADLER-a5-b1,sp|Q01080|RPA49_YEAST,sp|Q01080|RPA49_YEAST,306,139
FRLPSKLGEEVHENSQNQLLSK-RLEEDNDEEQSHKK-a6-b13,sp|P10964|RPA1_YEAST,sp|P10964|RPA1_YEAST,372,1376
RGEVVKIIR-KSETSGR-a6-b1,sp|P20434|RPAB1_YEAST,sp|P20434|RPAB1_YEAST,197,201
KETSIGVSATGGK-KTTFADE-a1-b1,sp|P50106|RPA14_YEAST,sp|P50106|RPA14_YEAST,118,131
CHLNKMSPYELVQHKEESDEIGGYFIVNGIEK-KVYPSESR-a5-b1,sp|P22138|RPA2_YEAST,sp|P22138|RPA2_YEAST,174,120
GKCDNCGMFSPK-VKGFIR-a2-b2,sp|P10964|RPA1_YEAST,sp|P10964|RPA1_YEAST,232,267
QSVKYDPVLAK-KHSKEPHYK-a4-b1,sp|P10964|RPA1_YEAST,sp|P10964|RPA1_YEAST,1119,1107
TATLKYICAECSSK-CKDCGHR-a5-b2,sp|P40422|RPAB4_YEAST,sp|P40422|RPAB4_YEAST,28,49
TASKDLPTR-KAIADLER-a4-b1,sp|Q01080|RPA49_YEAST,sp|Q01080|RPA49_YEAST,170,139
APVLVSKVVSK-SSKNLR-a7-b3,sp|Q01080|RPA49_YEAST,sp|Q01080|RPA49_YEAST,99,106
VNAITSQVVSKCVPDGTMK-LTAEGNKWR-a11-b7,sp|P10964|RPA1_YEAST,sp|P10964|RPA1_YEAST,910,841
DLNDDLSKLQK-DKVSLEDRR-a8-b2,sp|P10964|RPA1_YEAST,sp|P10964|RPA1_YEAST,405,410
TASKDLPTR-TKLLER-a4-b2,sp|Q01080|RPA49_YEAST,sp|Q01080|RPA49_YEAST,170,282
FTVIKPGQFGR-TKLLER-a5-b2,sp|Q01080|RPA49_YEAST,sp|Q01080|RPA49_YEAST,306,282
VGGVVLGYEGLKILDADPLSK-EDTSEKLIK-a12-b6,sp|P46669|RPA43_YEAST,sp|P46669|RPA43_YEAST,88,103
LSVSVEQVSIAKPMSNDGVSSAVER-KVYPSESR-a12-b1,sp|P22138|RPA2_YEAST,sp|P22138|RPA2_YEAST,106,120
IFETALNEKQITNNR-VKGFIR-a9-b2,sp|P10964|RPA1_YEAST,sp|P10964|RPA1_YEAST,259,267
RTPQIGDKFSSR-HGQKGVCSR-a8-b4,sp|P22138|RPA2_YEAST,sp|P22138|RPA2_YEAST,916,924
LLPQINILQPIKGESAR-YEEFADKVK-a12-b7,sp|P07703|RPAC1_YEAST,sp|P07703|RPAC1_YEAST,240,288
FTVIKPGQFGR-KELQFIR-a5-b1,sp|Q01080|RPA49_YEAST,sp|Q01080|RPA49_YEAST,306,211
QSKDISSTLLNELK-LKSVEVHR-a3-b2,sp|P10964|RPA1_YEAST,sp|P10964|RPA1_YEAST,171,111
NRIDSDKLTDSAIDIVDSVR-KAIADLER-a7-b1,sp|Q01080|RPA49_YEAST,sp|Q01080|RPA49_YEAST,153,139
SADERGFGYGTMYKTEK-SDNKLYR-a14-b4,sp|P22138|RPA2_YEAST,sp|P22138|RPA2_YEAST,805,740
HIKNRDVVLMNR-ASMMGHKVR-a3-b7,sp|P10964|RPA1_YEAST,sp|P10964|RPA1_YEAST,582,604
SKSDTRPSALR-NLRGPKIK-a2-b6,sp|Q01080|RPA49_YEAST,sp|Q01080|RPA49_YEAST,116,112
LRPGQEISLKAHCILGIGGDHAK-DLKFEPQGR-a10-b3,sp|P07703|RPAC1_YEAST,sp|P07703|RPAC1_YEAST,205,168
VIFDGKPLNSEDEISNSGYLGNK-GMAINFKDKR-a6-b7,sp|P22138|RPA2_YEAST,sp|P22138|RPA2_YEAST,77,441
QSKDISSTLLNELK-VKGFIR-a3-b2,sp|P10964|RPA1_YEAST,sp|P10964|RPA1_YEAST,171,267
KHSKEPHYK-TLKYRK-a4-b3,sp|P10964|RPA1_YEAST,sp|P10964|RPA1_YEAST,1110,1103
EAAAEVTNLDKDTPADDPELLKR-DNNKSGILDAVTSSK-a22-b4,sp|P10964|RPA1_YEAST,sp|P10964|RPA1_YEAST,877,888
DGFTKIFETALNEK-TSGKVPIPGVK-a5-b4,sp|P10964|RPA1_YEAST,sp|P10964|RPA1_YEAST,250,450
NRIDSDKLTDSAIDIVDSVR-SKSDTRPSALR-a7-b2,sp|Q01080|RPA49_YEAST,sp|Q01080|RPA49_YEAST,153,116
TLPSFKPYETDAMAGGYVKGR-TDILKTSVDTGR-a19-b5,sp|P10964|RPA1_YEAST,sp|P10964|RPA1_YEAST,983,848
LQTDVANSSSNSKR-TSGKVPIPGVK-a13-b4,sp|P10964|RPA1_YEAST,sp|P10964|RPA1_YEAST,1363,450
NRIDSDKLTDSAIDIVDSVR-TKLLER-a7-b2,sp|Q01080|RPA49_YEAST,sp|Q01080|RPA49_YEAST,153,282
VKGFIRQDMIK-LKSVEVHR-a2-b2,sp|P10964|RPA1_YEAST,sp|P10964|RPA1_YEAST,267,111
GSFTATVNDERKK-LVHEFHKK-a12-b7,sp|P10964|RPA1_YEAST,sp|P10964|RPA1_YEAST,217,225
VNAITSQVVSKCVPDGTMK-WRTDILKTSVDTGR-a11-b7,sp|P10964|RPA1_YEAST,sp|P10964|RPA1_YEAST,910,848
NRIDSDKLTDSAIDIVDSVR-FTVIKPGQFGR-a7-b5,sp|Q01080|RPA49_YEAST,sp|Q01080|RPA49_YEAST,153,306
IAMKELAEK-KIPLVIR-a4-b1,sp|P20435|RPAB2_YEAST,sp|P20435|RPAB2_YEAST,123,129
APVLVSKVVSK-SSKNLRGPK-a7-b3,sp|Q01080|RPA49_YEAST,sp|Q01080|RPA49_YEAST,99,106
SEDGEKIFIDDSQIWEDGQGNK-FEDAKK-a6-b5,sp|P22138|RPA2_YEAST,sp|P22138|RPA2_YEAST,1150,1139
RLEEDNDEEQSHKK-TSGKVPIPGVK-a13-b4,sp|P10964|RPA1_YEAST,sp|P10964|RPA1_YEAST,1376,450
LLPQINILQPIKGESAR-EVLRYEEFADKVK-a12-b11,sp|P07703|RPAC1_YEAST,sp|P07703|RPAC1_YEAST,240,288
EKKLELFPYQNNSK-VSSILKEADK-a3-b6,sp|Q01080|RPA49_YEAST,sp|Q01080|RPA49_YEAST,230,223
KLELFPYQNNSK-VSSILKEADKEK-a1-b6,sp|Q01080|RPA49_YEAST,sp|Q01080|RPA49_YEAST,230,223
GFGYGTMYKTEK-SDNKLYR-a9-b4,sp|P22138|RPA2_YEAST,sp|P22138|RPA2_YEAST,805,740
DGALLCGILDKSQYGASK-NKIKNEYWGK-a11-b4,sp|P10964|RPA1_YEAST,sp|P10964|RPA1_YEAST,783,756
NRIDSDKLTDSAIDIVDSVR-TASKDLPTR-a7-b4,sp|Q01080|RPA49_YEAST,sp|Q01080|RPA49_YEAST,153,170
IAMKELAEK-KIPLVIRR-a4-b1,sp|P20435|RPAB2_YEAST,sp|P20435|RPAB2_YEAST,123,129
GFGYGTMYKTEK-HMVNDKFQVR-a9-b6,sp|P22138|RPA2_YEAST,sp|P22138|RPA2_YEAST,805,1043
LKESQLPR-ELLKRYR-a2-b4,sp|P20434|RPAB1_YEAST,sp|P20434|RPAB1_YEAST,171,166
QSVKYDPVLAK-KHSKEPHYK-a4-b4,sp|P10964|RPA1_YEAST,sp|P10964|RPA1_YEAST,1119,1110
FTVIKPGQFGR-SKSDTRPSALR-a5-b2,sp|Q01080|RPA49_YEAST,sp|Q01080|RPA49_YEAST,306,116
LEEDNDEEQSHKK-TSGKVPIPGVK-a12-b4,sp|P10964|RPA1_YEAST,sp|P10964|RPA1_YEAST,1376,450
LKESQLPR-RELLKR-a2-b5,sp|P20434|RPAB1_YEAST,sp|P20434|RPAB1_YEAST,171,166
NRIDSDKLTDSAIDIVDSVR-VSSILKEADKEK-a7-b6,sp|Q01080|RPA49_YEAST,sp|Q01080|RPA49_YEAST,153,223
CVHPEPENGKR-HSKEPHYK-a10-b3,sp|P10964|RPA1_YEAST,sp|P10964|RPA1_YEAST,1516,1110
SHHDDEEESSEKK-ENKKEPK-a12-b4,sp|P47006|RPA34_YEAST,sp|P47006|RPA34_YEAST,208,191
LKESQLPR-LSSDEKR-a2-b6,sp|P20434|RPAB1_YEAST,sp|P20434|RPAB1_YEAST,171,161
NALGEAFGTKK-KAIADLER-a10-b1,sp|Q01080|RPA49_YEAST,sp|Q01080|RPA49_YEAST,135,139
CFPPGVIGIDEGSDEAYVKDAR-KDTVSR-a19-b1,sp|P07703|RPAC1_YEAST,sp|P07703|RPAC1_YEAST,268,272
GMAINFKDKR-LLLKLK-a9-b4,sp|P22138|RPA2_YEAST,sp|P22138|RPA2_YEAST,443,140
FTVIKPGQFGR-NALGEAFGTKK-a5-b10,sp|Q01080|RPA49_YEAST,sp|Q01080|RPA49_YEAST,306,135
TSGKVPIPGVK-QALEKK-a4-b5,sp|P10964|RPA1_YEAST,sp|P10964|RPA1_YEAST,450,462
VSSILKEADK-TASKDLPTR-a6-b4,sp|Q01080|RPA49_YEAST,sp|Q01080|RPA49_YEAST,223,170
KNELKDGATIK-KSVVKTSLK-a5-b5,sp|P32529|RPA12_YEAST,sp|P32529|RPA12_YEAST,77,68
DISSTLLNELKSK-LKSVEVHR-a11-b2,sp|P10964|RPA1_YEAST,sp|P10964|RPA1_YEAST,182,111
IPAIDYSKVR-VPRKDVPK-a8-b4,sp|P47006|RPA34_YEAST,sp|P47006|RPA34_YEAST,152,158
KNELKDGATIK-SVVKTSLK-a5-b4,sp|P32529|RPA12_YEAST,sp|P32529|RPA12_YEAST,77,68
AKYCDSMGRPQRK-TVKEMVK-a2-b3,sp|P20434|RPAB1_YEAST,sp|P20434|RPAB1_YEAST,45,20
LRHMVNDKFQVR-HGQKGVCSR-a8-b4,sp|P22138|RPA2_YEAST,sp|P22138|RPA2_YEAST,1043,924
LQEILRDNNKSGILDAVTSSK-DTPADDPELLKR-a10-b11,sp|P10964|RPA1_YEAST,sp|P10964|RPA1_YEAST,888,877
KHSKEPHYK-TLKYRK-a1-b3,sp|P10964|RPA1_YEAST,sp|P10964|RPA1_YEAST,1107,1103
NALGEAFGTKK-TASKDLPTR-a10-b4,sp|Q01080|RPA49_YEAST,sp|Q01080|RPA49_YEAST,135,170
LQTDVANSSSNSKR-LEEDNDEEQSHKK-a13-b12,sp|P10964|RPA1_YEAST,sp|P10964|RPA1_YEAST,1363,1376
QAVINGPDKWPGATQIQNEDGSLVSLIGMSVEQR-KALANQLLTPSSNVSTHTLNKK-a9-b1,sp|P10964|RPA1_YEAST,sp|P10964|RPA1_YEAST,529,555
YRLKESQLPR-LSSDEKR-a4-b6,sp|P20434|RPAB1_YEAST,sp|P20434|RPAB1_YEAST,171,161
KLELFPYQNNSKYVAK-EADKEK-a12-b4,sp|Q01080|RPA49_YEAST,sp|Q01080|RPA49_YEAST,241,227
RTPQIGDKFSSR-HGQKGVCSRK-a8-b4,sp|P22138|RPA2_YEAST,sp|P22138|RPA2_YEAST,916,924
VSSILKEADKEK-TASKDLPTR-a6-b4,sp|Q01080|RPA49_YEAST,sp|Q01080|RPA49_YEAST,223,170
LQTDVANSSSNSKR-KLVHEFHKK-a13-b8,sp|P10964|RPA1_YEAST,sp|P10964|RPA1_YEAST,1363,225
LQTDVANSSSNSKR-EGLIDTAVKTSR-a13-b9,sp|P10964|RPA1_YEAST,sp|P10964|RPA1_YEAST,1363,1012
AKYCDSMGRPQRK-TVKEMVKDR-a2-b3,sp|P20434|RPAB1_YEAST,sp|P20434|RPAB1_YEAST,45,20
KQVTNPIDEKNGTSNCIVR-SLGHWVDSNGEPIDGKLR-a1-b16,sp|P46669|RPA43_YEAST,sp|P46669|RPA43_YEAST,22,228
LQTDVANSSSNSKR-QALEKK-a13-b5,sp|P10964|RPA1_YEAST,sp|P10964|RPA1_YEAST,1363,462
GLPPAQDFSAAPIQVSTTEKK-KTTFADE-a20-b1,sp|P50106|RPA14_YEAST,sp|P50106|RPA14_YEAST,117,131
KAKQQQVWLIK-a1-a3,sp|P47006|RPA34_YEAST,sp|P47006|RPA34_YEAST,47,49
SHHDDEEESSEKKK-a12-b13,sp|P47006|RPA34_YEAST,sp|P47006|RPA34_YEAST,208,209
LVHEFHKKLLSR-a7-b8,sp|P10964|RPA1_YEAST,sp|P10964|RPA1_YEAST,225,226
HKKQVTNPIDEK-a2-b3,sp|P46669|RPA43_YEAST,sp|P46669|RPA43_YEAST,21,22
KSEKDEFVLHGENER-a1-b4,sp|Q01080|RPA49_YEAST,sp|Q01080|RPA49_YEAST,45,48
GLPPAQDFSAAPIQVSTTEKKETSIGVSATGGK-a20-b21,sp|P50106|RPA14_YEAST,sp|P50106|RPA14_YEAST,117,118
SHHDDEEESSEKKK-a12-b14,sp|P47006|RPA34_YEAST,sp|P47006|RPA34_YEAST,208,210
DLNDDLSKLQKDK-a8-b11,sp|P10964|RPA1_YEAST,sp|P10964|RPA1_YEAST,405,408
QSVKYDPVLAKYNPAK-a4-b11,sp|P10964|RPA1_YEAST,sp|P10964|RPA1_YEAST,1119,1126
IATMKVPFKLPEMTR-a5-b9,sp|Q01080|RPA49_YEAST,sp|Q01080|RPA49_YEAST,398,402
NALGEAFGTKKAK-a10-b11,sp|Q01080|RPA49_YEAST,sp|Q01080|RPA49_YEAST,135,136
VGGVVLGYEGLKILDADPLSKEDTSEK-a12-b21,sp|P46669|RPA43_YEAST,sp|P46669|RPA43_YEAST,88,97
LEEDNDEEQSHKKTK-a12-b15,sp|P10964|RPA1_YEAST,sp|P10964|RPA1_YEAST,1376,1379
IKSKSDTRPSALR-a2-b4,sp|Q01080|RPA49_YEAST,sp|Q01080|RPA49_YEAST,114,116
NALGEAFGTKKAK-a10-b13,sp|Q01080|RPA49_YEAST,sp|Q01080|RPA49_YEAST,135,138
LEEDNDEEQSHKKTK-a12-b13,sp|P10964|RPA1_YEAST,sp|P10964|RPA1_YEAST,1376,1377
ELAEKKIPLVIR-a5-b6,sp|P20435|RPAB2_YEAST,sp|P20435|RPAB2_YEAST,128,129
HLKNFPLNGDNKK-a3-b12,sp|P47006|RPA34_YEAST,sp|P47006|RPA34_YEAST,36,45
AQLDEITSNDRPTPLANIDATDVEQIYPIESIIPKKELQFIR-a35-b36,sp|Q01080|RPA49_YEAST,sp|Q01080|RPA49_YEAST,210,211
FQKCFPPGVIGIDEGSDEAYVKDAR-a3-b22,sp|P07703|RPAC1_YEAST,sp|P07703|RPAC1_YEAST,249,268
HLKNFPLNGDNKK-a3-b13,sp|P47006|RPA34_YEAST,sp|P47006|RPA34_YEAST,36,46
SHHDDEEESSEKK-a12-b13,sp|P47006|RPA34_YEAST,sp|P47006|RPA34_YEAST,208,209
VPIPGVKQALEKK-a7-b12,sp|P10964|RPA1_YEAST,sp|P10964|RPA1_YEAST,457,462
LKSLPVDFESSTTMTIDKHDYK-a2-b22,sp|P47006|RPA34_YEAST,sp|P47006|RPA34_YEAST,68,88
GLKDLMDLCDVVESKFTEK-a3-b19,sp|P28000|RPAC2_YEAST,sp|P28000|RPAC2_YEAST,122,138
TGSTYILSTEVKNILDTVFRK-a12-b21,sp|P10964|RPA1_YEAST,sp|P10964|RPA1_YEAST,321,330
KALANQLLTPSSNVSTHTLNK-a1-b21,sp|P10964|RPA1_YEAST,sp|P10964|RPA1_YEAST,555,575
KNELKDGATIK-a1-b11,sp|P32529|RPA12_YEAST,sp|P32529|RPA12_YEAST,73,83
KRSHHDDEEESSEK-a1-b14,sp|P47006|RPA34_YEAST,sp|P47006|RPA34_YEAST,195,208
NALGEAFGTKK-a10-b11,sp|Q01080|RPA49_YEAST,sp|Q01080|RPA49_YEAST,135,136
LLTKSEDGEKIFIDDSQIWEDGQGNK-a10-b26,sp|P22138|RPA2_YEAST,sp|P22138|RPA2_YEAST,1150,1166
LESFLDKNSKLFK-a7-b10,sp|P10964|RPA1_YEAST,sp|P10964|RPA1_YEAST,1150,1153
IASTAKDNAPLQFDKVFSVSETAK-a6-b24,sp|P47006|RPA34_YEAST,sp|P47006|RPA34_YEAST,126,144
VLLSEVIDKVIVTETTGTSNTAGGNAAR-a9,sp|P10964|RPA1_YEAST,-,1269,n/a
FRLPSKLGEEVHENSQNQLLSK-a6,sp|P10964|RPA1_YEAST,-,372,n/a
FRLPSKLGEEVHENSQNQLLSK-a6,sp|P10964|RPA1_YEAST,-,372,n/a
LRPGQEISLKAHCILGIGGDHAK-a10,sp|P07703|RPAC1_YEAST,-,205,n/a
NRGDPITQHFGFGNDEWPKEWLEK-a19,sp|P22138|RPA2_YEAST,-,834,n/a
APVLVSKVVSK-a7,sp|Q01080|RPA49_YEAST,-,99,n/a
NLNNLKQENAYLLIR-a6,sp|P20436|RPAB3_YEAST,-,136,n/a
LMNAFVTIQNDVNAFIDSTKAQGR-a20,sp|P10964|RPA1_YEAST,-,442,n/a
LRPGQEISLKAHCILGIGGDHAK-a10,sp|P07703|RPAC1_YEAST,-,205,n/a
GLPPAQDFSAAPIQVSTTEKK-a21,sp|P50106|RPA14_YEAST,-,118,n/a
KLELFPYQNNSKYVAK-a12,sp|Q01080|RPA49_YEAST,-,241,n/a
EGLIDTAVKTSR-a9,sp|P10964|RPA1_YEAST,-,1012,n/a
RGEVVKIIR-a6,sp|P20434|RPAB1_YEAST,-,197,n/a
VTNTTSTDFPGFSKDAENEWNVEK-a14,sp|P07703|RPAC1_YEAST,-,25,n/a
YRLKESQLPR-a4,sp|P20434|RPAB1_YEAST,-,171,n/a
YRLKESQLPR-a4,sp|P20434|RPAB1_YEAST,-,171,n/a
RFQKCFPPGVIGIDEGSDEAYVK-a4,sp|P07703|RPAC1_YEAST,-,249,n/a
VTNTTSTDFPGFSKDAENEWNVEK-a14,sp|P07703|RPAC1_YEAST,-,25,n/a
GFRAPSDTTFDLYKK-a14,sp|Q01080|RPA49_YEAST,-,42,n/a
YLGSVSENFQDKLESFLDK-a12,sp|P10964|RPA1_YEAST,-,1143,n/a
WRTDILKTSVDTGR-a7,sp|P10964|RPA1_YEAST,-,848,n/a
RTPQIGDKFSSR-a8,sp|P22138|RPA2_YEAST,-,916,n/a
RSEYVDMAIAKALSDGR-a11,sp|P10964|RPA1_YEAST,-,195,n/a
KALANQLLTPSSNVSTHTLNK-a1,sp|P10964|RPA1_YEAST,-,555,n/a
RSHHDDEEESSEKK-a13,sp|P47006|RPA34_YEAST,-,208,n/a
LQTDVANSSSNSKR-a13,sp|P10964|RPA1_YEAST,-,1363,n/a
GLPPAQDFSAAPIQVSTTEKK-a20,sp|P50106|RPA14_YEAST,-,117,n/a
GSLENEVLFKDGALLCGILDK-a10,sp|P10964|RPA1_YEAST,-,772,n/a
KALANQLLTPSSNVSTHTLNKK-a1,sp|P10964|RPA1_YEAST,-,555,n/a
KLELFPYQNNSKYVAK-a12,sp|Q01080|RPA49_YEAST,-,241,n/a
HMVNDKFQVR-a6,sp|P22138|RPA2_YEAST,-,1043,n/a
APVLVSKVVSK-a7,sp|Q01080|RPA49_YEAST,-,99,n/a
VGGVVLGYEGLKILDADPLSK-a12,sp|P46669|RPA43_YEAST,-,88,n/a
KAKQQQVWLIK-a3,sp|P47006|RPA34_YEAST,-,49,n/a
CTRNPDAPKGSTDPK-a9,sp|P07703|RPAC1_YEAST,-,148,n/a
VLLSEVIDKVIVTETTGTSNTAGGNAAR-a9,sp|P10964|RPA1_YEAST,-,1269,n/a
QHLNPLVMKYNNK-a9,sp|P46669|RPA43_YEAST,-,72,n/a
KALANQLLTPSSNVSTHTLNK-a1,sp|P10964|RPA1_YEAST,-,555,n/a
LQTDVANSSSNSKR-a13,sp|P10964|RPA1_YEAST,-,1363,n/a
RLEEDNDEEQSHKK-a13,sp|P10964|RPA1_YEAST,-,1376,n/a
MILTHVDLIEKFLR-a11,sp|P22139|RPAB5_YEAST,-,59,n/a
DGFTKIFETALNEK-a5,sp|P10964|RPA1_YEAST,-,250,n/a
NLNNLKQENAYLLIR-a6,sp|P20436|RPAB3_YEAST,-,136,n/a
EAAAEVTNLDKDTPADDPELLKR-a22,sp|P10964|RPA1_YEAST,-,877,n/a
VIFDGKPLNSEDEISNSGYLGNK-a6,sp|P22138|RPA2_YEAST,-,77,n/a
NPTTRPKTGSTYILSTEVK-a7,sp|P10964|RPA1_YEAST,-,309,n/a
NRGDPITQHFGFGNDEWPKEWLEK-a19,sp|P22138|RPA2_YEAST,-,834,n/a
CVHPEPENGKR-a10,sp|P10964|RPA1_YEAST,-,1516,n/a
IASTAKDNAPLQFDK-a6,sp|P47006|RPA34_YEAST,-,126,n/a
RFQKCFPPGVIGIDEGSDEAYVK-a4,sp|P07703|RPAC1_YEAST,-,249,n/a
SQFSNLKVVTTTADDAFPSSLR-a7,sp|P32529|RPA12_YEAST,-,46,n/a
GKCDNCGMFSPKFR-a12,sp|P10964|RPA1_YEAST,-,242,n/a
SISKVLLSEVIDK-a4,sp|P10964|RPA1_YEAST,-,1260,n/a
LKSVEVHR-a2,sp|P10964|RPA1_YEAST,-,111,n/a
SHHDDEEESSEKK-a12,sp|P47006|RPA34_YEAST,-,208,n/a
TMKTFVIHIQEK-a3,sp|P20434|RPAB1_YEAST,-,94,n/a
VSSILKEADKEK-a6,sp|Q01080|RPA49_YEAST,-,223,n/a
IKTYHSSEPAYIEEVNLIGDESNK-a2,sp|P22138|RPA2_YEAST,-,872,n/a
KEQCVLQYVFHSRPNLSR-a1,sp|P10964|RPA1_YEAST,-,330,n/a
LVHEFHKK-a8,sp|P10964|RPA1_YEAST,-,226,n/a
DISSTLLNELKSK-a11,sp|P10964|RPA1_YEAST,-,182,n/a
LPSKLGEEVHENSQNQLLSK-a4,sp|P10964|RPA1_YEAST,-,372,n/a
DGETTDANGKTIVTGGNGPEDFQQHEQIRR-a10,sp|P20435|RPAB2_YEAST,-,46,n/a
HLKNFPLNGDNK-a3,sp|P47006|RPA34_YEAST,-,36,n/a
TSVDTGREAAAEVTNLDKDTPADDPELLK-a18,sp|P10964|RPA1_YEAST,-,866,n/a
VNAITSQVVSKCVPDGTMK-a11,sp|P10964|RPA1_YEAST,-,910,n/a
SEKDEFVLHGENER-a3,sp|Q01080|RPA49_YEAST,-,48,n/a
AKQQQVWLIK-a2,sp|P47006|RPA34_YEAST,-,49,n/a
TMKTFVIHIQEK-a3,sp|P20434|RPAB1_YEAST,-,94,n/a
GSTDPKELYNNAHVYAR-a6,sp|P07703|RPAC1_YEAST,-,154,n/a
EAAAEVTNLDKDTPADDPELLK-a11,sp|P10964|RPA1_YEAST,-,866,n/a
RLEEDNDEEQSHKK-a13,sp|P10964|RPA1_YEAST,-,1376,n/a
LSVSVEQVSIAKPMSNDGVSSAVERK-a12,sp|P22138|RPA2_YEAST,-,106,n/a
ELAEKKIPLVIR-a5,sp|P20435|RPAB2_YEAST,-,128,n/a
KALANQLLTPSSNVSTHTLNKK-a1,sp|P10964|RPA1_YEAST,-,555,n/a
GLPPAQDFSAAPIQVSTTEKK-a20,sp|P50106|RPA14_YEAST,-,117,n/a
KEQCVLQYVFHSRPNLSRK-a1,sp|P10964|RPA1_YEAST,-,330,n/a
EAAAEVTNLDKDTPADDPELLKR-a22,sp|P10964|RPA1_YEAST,-,877,n/a
SQFSNLKVVTTTADDAFPSSLR-a7,sp|P32529|RPA12_YEAST,-,46,n/a
NLSAKQITNPTVLDNLGHPVSGGLYDLALGAFLR-a5,sp|P10964|RPA1_YEAST,-,30,n/a
VNAITSQVVSKCVPDGTMK-a11,sp|P10964|RPA1_YEAST,-,910,n/a
KETSIGVSATGGKK-a13,sp|P50106|RPA14_YEAST,-,130,n/a
TSGKVPIPGVKQALEK-a11,sp|P10964|RPA1_YEAST,-,457,n/a
KSEKDEFVLHGENER-a1,sp|Q01080|RPA49_YEAST,-,45,n/a
KEQCVLQYVFHSRPNLSR-a1,sp|P10964|RPA1_YEAST,-,330,n/a
KLVHEFHKK-a8,sp|P10964|RPA1_YEAST,-,225,n/a
LRHMVNDKFQVR-a8,sp|P22138|RPA2_YEAST,-,1043,n/a
KAKQQQVWLIK-a1,sp|P47006|RPA34_YEAST,-,47,n/a
DGETTDANGKTIVTGGNGPEDFQQHEQIR-a10,sp|P20435|RPAB2_YEAST,-,46,n/a
GSFFAQLKTTTVRK-a8,sp|P22138|RPA2_YEAST,-,513,n/a
LVHEFHKK-a7,sp|P10964|RPA1_YEAST,-,225,n/a
ELAEKKIPLVIR-a6,sp|P20435|RPAB2_YEAST,-,129,n/a
GSFFAQLKTTTVRK-a8,sp|P22138|RPA2_YEAST,-,513,n/a
QVTNPIDEKNGTSNCIVR-a9,sp|P46669|RPA43_YEAST,-,31,n/a
DGETTDANGKTIVTGGNGPEDFQQHEQIR-a10,sp|P20435|RPAB2_YEAST,-,46,n/a
SGILDAVTSSKVNAITSQVVSK-a11,sp|P10964|RPA1_YEAST,-,899,n/a
QVTNPIDEKNGTSNCIVR-a9,sp|P46669|RPA43_YEAST,-,31,n/a
LQEILRDNNKSGILDAVTSSK-a10,sp|P10964|RPA1_YEAST,-,888,n/a
HIKNRDVVLMNR-a3,sp|P10964|RPA1_YEAST,-,582,n/a
RLEEDNDEEQSHKK-a14,sp|P10964|RPA1_YEAST,-,1377,n/a
KNELKDGATIK-a5,sp|P32529|RPA12_YEAST,-,77,n/a
FTVIKPGQFGR-a5,sp|Q01080|RPA49_YEAST,-,306,n/a
VSSILKEADKEK-a6,sp|Q01080|RPA49_YEAST,-,223,n/a
KLVHEFHKK-a8,sp|P10964|RPA1_YEAST,-,225,n/a
KSEKDEFVLHGENER-a4,sp|Q01080|RPA49_YEAST,-,48,n/a
ILDADPLSKEDTSEKLIK-a15,sp|P46669|RPA43_YEAST,-,103,n/a
LQTDVANSSSNSKRLEEDNDEEQSHK-a13,sp|P10964|RPA1_YEAST,-,1363,n/a
NLNNLKQENAYLLIRR-a6,sp|P20436|RPAB3_YEAST,-,136,n/a
VFSVSETAKIPAIDYSK-a9,sp|P47006|RPA34_YEAST,-,144,n/a
STGPVNSLTMQPVKGR-a14,sp|P22138|RPA2_YEAST,-,1061,n/a
AKYCDSMGRPQRK-a2,sp|P20434|RPAB1_YEAST,-,45,n/a
EVLRYEEFADKVK-a11,sp|P07703|RPAC1_YEAST,-,288,n/a
KNEYLVPVVMILK-a1,sp|P22138|RPA2_YEAST,-,266,n/a
TATEVTPQEPKHIQEEEEQDVDMTGDEEQEEEPDREK-a11,sp|P28000|RPAC2_YEAST,-,20,n/a
TYHSSEPAYIEEVNLIGDESNKFQELQTVSIK-a22,sp|P22138|RPA2_YEAST,-,894,n/a
SLGHWVDSNGEPIDGKLR-a16,sp|P46669|RPA43_YEAST,-,228,n/a
GLPPAQDFSAAPIQVSTTEKK-a21,sp|P50106|RPA14_YEAST,-,118,n/a
SADEGATVFYTCTSCGYKFR-a18,sp|P32529|RPA12_YEAST,-,120,n/a
TLPSFKPYETDAMAGGYVKGR-a19,sp|P10964|RPA1_YEAST,-,983,n/a
LQEILRDNNKSGILDAVTSSK-a10,sp|P10964|RPA1_YEAST,-,888,n/a
HSKEPHYK-a3,sp|P10964|RPA1_YEAST,-,1110,n/a
FYSGIKPQEYYFHCMAGR-a6,sp|P10964|RPA1_YEAST,-,991,n/a
NILDTVFRKEQCVLQYVFHSRPNLSR-a9,sp|P10964|RPA1_YEAST,-,330,n/a
KLLPESWGFLCPVHTPDGSPCGLLNHFAHKCR-a30,sp|P22138|RPA2_YEAST,-,548,n/a
SADEGATVFYTCTSCGYKFR-a18,sp|P32529|RPA12_YEAST,-,120,n/a
FTVIKPGQFGRSKDR-a5,sp|Q01080|RPA49_YEAST,-,306,n/a
NLSAKQITNPTVLDNLGHPVSGGLYDLALGAFLR-a5,sp|P10964|RPA1_YEAST,-,30,n/a
SVSEIEIESVQDQPSVAVGSFFKGFR-a23,sp|Q01080|RPA49_YEAST,-,28,n/a
RSEYVDMAIAKALSDGR-a11,sp|P10964|RPA1_YEAST,-,195,n/a
DKVSLEDRR-a2,sp|P10964|RPA1_YEAST,-,410,n/a
NALGEAFGTKK-a11,sp|Q01080|RPA49_YEAST,-,136,n/a
MTEDIEQKKTATEVTPQEPK-a8,sp|P28000|RPAC2_YEAST,-,8,n/a
IPAIDYSKVRVPR-a8,sp|P47006|RPA34_YEAST,-,152,n/a
SHHDDEEESSEKKK-a14,sp|P47006|RPA34_YEAST,-,210,n/a
AKYCDSMGRPQRK-a2,sp|P20434|RPAB1_YEAST,-,45,n/a
IVVGKLNNVGTGSFDVLAK-a5,sp|P10964|RPA1_YEAST,-,1645,n/a
CLTKQLEGVHVSYDNSIR-a4,sp|P10964|RPA1_YEAST,-,1025,n/a
KLLPESWGFLCPVHTPDGSPCGLLNHFAHKCR-a30,sp|P22138|RPA2_YEAST,-,548,n/a
KIPLVIRR-a1,sp|P20435|RPAB2_YEAST,-,129,n/a
MSYETTCQFLTKAVLDNEREQLDSPSAR-a12,sp|P10964|RPA1_YEAST,-,1624,n/a
DGETTDANGKTIVTGGNGPEDFQQHEQIRR-a10,sp|P20435|RPAB2_YEAST,-,46,n/a
EVLRYEEFADKVK-a13,sp|P07703|RPAC1_YEAST,-,290,n/a
NPTTRPKTGSTYILSTEVK-a7,sp|P10964|RPA1_YEAST,-,309,n/a
KLDGSNEASANDEESFDVGRNPTTRPK-a1,sp|P10964|RPA1_YEAST,-,283,n/a
NILDTVFRKEQCVLQYVFHSRPNLSR-a9,sp|P10964|RPA1_YEAST,-,330,n/a
KLLTKSEDGEK-a5,sp|P22138|RPA2_YEAST,-,1144,n/a
HIKNRDVVLMNR-a3,sp|P10964|RPA1_YEAST,-,582,n/a
IVTLPPTIFKPYPLWTGK-a10,sp|P10964|RPA1_YEAST,-,721,n/a
IIGWVSHEQGKIIADTLR-a11,sp|P22138|RPA2_YEAST,-,602,n/a
MTEDIEQKKTATEVTPQEPK-a9,sp|P28000|RPAC2_YEAST,-,9,n/a
TATLKYICAECSSK-a5,sp|P40422|RPAB4_YEAST,-,28,n/a
VGGVVLGYEGLKILDADPLSKEDTSEK-a12,sp|P46669|RPA43_YEAST,-,88,n/a
LEEDNDEEQSHKK-a12,sp|P10964|RPA1_YEAST,-,1376,n/a
KLDGSNEASANDEESFDVGRNPTTRPK-a1,sp|P10964|RPA1_YEAST,-,283,n/a
KSEKDEFVLHGENER-a4,sp|Q01080|RPA49_YEAST,-,48,n/a
RTPQIGDKFSSR-a8,sp|P22138|RPA2_YEAST,-,916,n/a
EKCPQCGNEEMNYHTLQLR-a2,sp|P32529|RPA12_YEAST,-,85,n/a
SEKDEFVLHGENER-a3,sp|Q01080|RPA49_YEAST,-,48,n/a
DISSTLLNELKSK-a11,sp|P10964|RPA1_YEAST,-,182,n/a
VGGVVLGYEGLKILDADPLSKEDTSEK-a12,sp|P46669|RPA43_YEAST,-,88,n/a
KIPLVIRR-a1,sp|P20435|RPAB2_YEAST,-,129,n/a
SKIVTLPPTIFKPYPLWTGK-a2,sp|P10964|RPA1_YEAST,-,711,n/a
TYHSSEPAYIEEVNLIGDESNKFQELQTVSIK-a22,sp|P22138|RPA2_YEAST,-,894,n/a
VKGFIRQDMIK-a2,sp|P10964|RPA1_YEAST,-,267,n/a
NKIKNEYWGK-a2,sp|P10964|RPA1_YEAST,-,754,n/a
TLPSFKPYETDAMAGGYVKGR-a19,sp|P10964|RPA1_YEAST,-,983,n/a
DNNKSGILDAVTSSK-a4,sp|P10964|RPA1_YEAST,-,888,n/a
ASMMGHKVR-a7,sp|P10964|RPA1_YEAST,-,604,n/a
RLEEDNDEEQSHKK-a14,sp|P10964|RPA1_YEAST,-,1377,n/a
GRFYSGIKPQEYYFHCMAGR-a8,sp|P10964|RPA1_YEAST,-,991,n/a
LEEDNDEEQSHKK-a13,sp|P10964|RPA1_YEAST,-,1377,n/a
AQLDEITSNDRPTPLANIDATDVEQIYPIESIIPKK-a35,sp|Q01080|RPA49_YEAST,-,210,n/a
EKCPQCGNEEMNYHTLQLR-a2,sp|P32529|RPA12_YEAST,-,85,n/a
KQVTNPIDEKNGTSNCIVR-a10,sp|P46669|RPA43_YEAST,-,31,n/a
LDGSNEASANDEESFDVGRNPTTRPKTGSTYILSTEVK-a26,sp|P10964|RPA1_YEAST,-,309,n/a
SKIVTLPPTIFKPYPLWTGK-a2,sp|P10964|RPA1_YEAST,-,711,n/a
DKSAFPLLQEAVQPHIGSFNALTEGPDGGLLNLGVK-a2,sp|P22138|RPA2_YEAST,-,32,n/a
KLVKADSFFMDVLVVPPTR-a4,sp|P10964|RPA1_YEAST,-,351,n/a
LLPESWGFLCPVHTPDGSPCGLLNHFAHKCR-a29,sp|P22138|RPA2_YEAST,-,548,n/a
LNNVGTGSFDVLAKVPNAA-a14,sp|P10964|RPA1_YEAST,-,1659,n/a
CHLNKMSPYELVQHKEESDEIGGYFIVNGIEK-a15,sp|P22138|RPA2_YEAST,-,184,n/a
STGPVNSLTMQPVKGRK-a14,sp|P22138|RPA2_YEAST,-,1061,n/a
LDGSNEASANDEESFDVGRNPTTRPKTGSTYILSTEVK-a38,sp|P10964|RPA1_YEAST,-,321,n/a
VEGKTPGLPIDLEIGYVPPSTR-a4,sp|P22138|RPA2_YEAST,-,616,n/a
AKYCDSMGRPQR-a2,sp|P20434|RPAB1_YEAST,-,45,n/a
EQLDSPSARIVVGKLNNVGTGSFDVLAK-a14,sp|P10964|RPA1_YEAST,-,1645,n/a
LEEDNDEEQSHKK-a12,sp|P10964|RPA1_YEAST,-,1376,n/a
DISSTLLNELKSKR-a11,sp|P10964|RPA1_YEAST,-,182,n/a
DKSAFPLLQEAVQPHIGSFNALTEGPDGGLLNLGVK-a2,sp|P22138|RPA2_YEAST,-,32,n/a
GRFYSGIKPQEYYFHCMAGR-a8,sp|P10964|RPA1_YEAST,-,991,n/a
IPSILYSLGVAPASHTFAAGPSLCCVQIDGKIIGWVSHEQGK-a31,sp|P22138|RPA2_YEAST,-,591,n/a
VEGLKLEHFATGYDAEDFHVAEEVK-a5,sp|P47006|RPA34_YEAST,-,167,n/a
IKSKSDTRPSALR-a4,sp|Q01080|RPA49_YEAST,-,116,n/a
VEGKTPGLPIDLEIGYVPPSTR-a4,sp|P22138|RPA2_YEAST,-,616,n/a
KSEKDEFVLHGENER-a1,sp|Q01080|RPA49_YEAST,-,45,n/a
KQVTNPIDEKNGTSNCIVR-a1,sp|P46669|RPA43_YEAST,-,22,n/a
NLNNLKQENAYLLIRR-a6,sp|P20436|RPAB3_YEAST,-,136,n/a
GSTDPKELYNNAHVYAR-a6,sp|P07703|RPAC1_YEAST,-,154,n/a
VKGFIRQDMIK-a11,sp|P10964|RPA1_YEAST,-,276,n/a
QITNNRVKGFIR-a8,sp|P10964|RPA1_YEAST,-,267,n/a
DFKGLPPAQDFSAAPIQVSTTEKK-a3,sp|P50106|RPA14_YEAST,-,97,n/a
DISSTLLNELKSKR-a11,sp|P10964|RPA1_YEAST,-,182,n/a
IDSDKLTDSAIDIVDSVR-a5,sp|Q01080|RPA49_YEAST,-,153,n/a
EVLRYEEFADKVK-a11,sp|P07703|RPAC1_YEAST,-,288,n/a
DISSTLLNELKSKR-a13,sp|P10964|RPA1_YEAST,-,184,n/a
DGALLCGILDKSQYGASK-a11,sp|P10964|RPA1_YEAST,-,783,n/a
KETSIGVSATGGKK-a1,sp|P50106|RPA14_YEAST,-,118,n/a
SLGHWVDSNGEPIDGKLR-a16,sp|P46669|RPA43_YEAST,-,228,n/a
SLPVDFESSTTMTIDKHDYK-a16,sp|P47006|RPA34_YEAST,-,84,n/a
SLPVDFESSTTMTIDKHDYK-a20,sp|P47006|RPA34_YEAST,-,88,n/a
EKIKLLTQATSEDGTSASFQIVEEDHTLGNALR-a4,sp|P28000|RPAC2_YEAST,-,48,n/a
KMMSFQANPTEESISK-a1,sp|P20434|RPAB1_YEAST,-,56,n/a
EGFQIPTNLDAAAAGTSQARTATLKYICAECSSK-a25,sp|P40422|RPAB4_YEAST,-,28,n/a
KRSHHDDEEESSEK-a1,sp|P47006|RPA34_YEAST,-,195,n/a
FRALMQLKYMR-a8,sp|P10964|RPA1_YEAST,-,1173,n/a
YNKVCRIEAASTTQDQCK-a3,sp|P20436|RPAB3_YEAST,-,22,n/a
AKYCDSMGRPQR-a2,sp|P20434|RPAB1_YEAST,-,45,n/a
YNNKVGGVVLGYEGLK-a4,sp|P46669|RPA43_YEAST,-,76,n/a
