Protein1,Protein2,AbsPos1,AbsPos2,score
RPB1_YEAST,RPB2_YEAST,1112,510,100
RPB1_YEAST,RPB2_YEAST,343,864,100
RPB1_YEAST,RPB2_YEAST,343,886,100
RPB1_YEAST,RPB2_YEAST,372,886,100
RPB1_YEAST,RPB2_YEAST,419,886,100
RPB1_YEAST,RPB2_YEAST,419,892,100
RPB1_YEAST,RPB2_YEAST,419,914,100
RPB1_YEAST,RPAB1_YEAST,1003,166,100
RPB1_YEAST,RPAB1_YEAST,129,161,100
RPB1_YEAST,RPAB1_YEAST,129,171,100
RPB1_YEAST,RPAB1_YEAST,15,171,100
RPB1_YEAST,RPAB1_YEAST,934,201,100
RPB1_YEAST,RPAB1_YEAST,938,201,100
RPB1_YEAST,RPAB2_YEAST,1003,76,100
RPB1_YEAST,RPAB2_YEAST,15,72,100
RPB1_YEAST,RPB7_YEAST,15,73,100
RPB1_YEAST,RPB9_YEAST,695,117,100
RPB1_YEAST,RPB11_YEAST,637,20,100
RPB1_YEAST,RPB11_YEAST,637,26,100
RPB1_YEAST,RPB11_YEAST,644,20,100
RPB1_YEAST,RPB11_YEAST,644,26,100
RPB2_YEAST,RPB3_YEAST,1057,199,100
RPB2_YEAST,RPB3_YEAST,191,149,100
RPB2_YEAST,RPAB5_YEAST,813,59,100
RPB2_YEAST,RPAB4_YEAST,191,58,100
RPB2_YEAST,RPAB4_YEAST,876,62,100
RPB2_YEAST,RPAB4_YEAST,962,58,100
RPB3_YEAST,RPAB5_YEAST,137,42,100
RPB3_YEAST,RPAB5_YEAST,15,42,100
RPB3_YEAST,RPB11_YEAST,160,37,100
RPB3_YEAST,RPAB4_YEAST,149,37,100
RPB3_YEAST,RPAB4_YEAST,154,62,100
RPAB1_YEAST,RPAB2_YEAST,171,72,100
RPAB2_YEAST,RPB7_YEAST,72,73,100
RPB1_YEAST,RPB1_YEAST,101,143,100
RPB1_YEAST,RPB1_YEAST,101,176,100
RPB1_YEAST,RPB1_YEAST,1093,1102,100
RPB1_YEAST,RPB1_YEAST,1093,1112,100
RPB1_YEAST,RPB1_YEAST,1102,1112,100
RPB1_YEAST,RPB1_YEAST,1132,1205,100
RPB1_YEAST,RPB1_YEAST,1132,1286,100
RPB1_YEAST,RPB1_YEAST,1221,1262,100
RPB1_YEAST,RPB1_YEAST,1286,1300,100
RPB1_YEAST,RPB1_YEAST,143,176,100
RPB1_YEAST,RPB1_YEAST,145,186,100
RPB1_YEAST,RPB1_YEAST,34,49,100
RPB1_YEAST,RPB1_YEAST,368,461,100
RPB1_YEAST,RPB1_YEAST,372,403,100
RPB1_YEAST,RPB1_YEAST,372,419,100
RPB1_YEAST,RPB1_YEAST,461,637,100
RPB1_YEAST,RPB1_YEAST,461,644,100
RPB1_YEAST,RPB1_YEAST,688,728,100
RPB1_YEAST,RPB1_YEAST,689,705,100
RPB1_YEAST,RPB1_YEAST,689,728,100
RPB1_YEAST,RPB1_YEAST,705,1093,100
RPB1_YEAST,RPB1_YEAST,705,1132,100
RPB1_YEAST,RPB1_YEAST,705,1286,100
RPB1_YEAST,RPB1_YEAST,728,738,100
RPB1_YEAST,RPB1_YEAST,773,1093,100
RPB1_YEAST,RPB1_YEAST,773,1112,100
RPB1_YEAST,RPB1_YEAST,830,1093,100
RPB1_YEAST,RPB1_YEAST,830,1102,100
RPB1_YEAST,RPB1_YEAST,830,1112,100
RPB1_YEAST,RPB1_YEAST,934,941,100
RPB1_YEAST,RPB1_YEAST,938,991,100
RPB2_YEAST,RPB2_YEAST,228,246,100
RPB2_YEAST,RPB2_YEAST,228,257,100
RPB2_YEAST,RPB2_YEAST,228,270,100
RPB2_YEAST,RPB2_YEAST,228,277,100
RPB2_YEAST,RPB2_YEAST,228,510,100
RPB2_YEAST,RPB2_YEAST,246,358,100
RPB2_YEAST,RPB2_YEAST,246,426,100
RPB2_YEAST,RPB2_YEAST,277,345,100
RPB2_YEAST,RPB2_YEAST,277,347,100
RPB2_YEAST,RPB2_YEAST,345,353,100
RPB2_YEAST,RPB2_YEAST,347,353,100
RPB2_YEAST,RPB2_YEAST,347,358,100
RPB2_YEAST,RPB2_YEAST,358,422,100
RPB2_YEAST,RPB2_YEAST,422,426,100
RPB2_YEAST,RPB2_YEAST,606,652,100
RPB2_YEAST,RPB2_YEAST,864,886,100
RPB2_YEAST,RPB2_YEAST,864,934,100
RPB2_YEAST,RPB2_YEAST,876,886,100
RPB2_YEAST,RPB2_YEAST,934,962,100
RPB2_YEAST,RPB2_YEAST,934,972,100
RPB2_YEAST,RPB2_YEAST,979,1102,100
RPB2_YEAST,RPB2_YEAST,979,987,100
RPB2_YEAST,RPB2_YEAST,99,164,100
RPB2_YEAST,RPB2_YEAST,99,191,100
RPB3_YEAST,RPB3_YEAST,15,137,100
RPB4_YEAST,RPB4_YEAST,60,121,100
RPB4_YEAST,RPB4_YEAST,60,142,100
RPB4_YEAST,RPB4_YEAST,60,71,100
RPAB1_YEAST,RPAB1_YEAST,161,171,100
RPAB1_YEAST,RPAB1_YEAST,161,191,100
RPAB1_YEAST,RPAB1_YEAST,166,171,100
RPAB1_YEAST,RPAB1_YEAST,191,197,100
RPAB1_YEAST,RPAB1_YEAST,20,45,100
RPAB1_YEAST,RPAB1_YEAST,45,56,100
RPAB2_YEAST,RPAB2_YEAST,123,129,100
RPB11_YEAST,RPB11_YEAST,20,37,100
RPB11_YEAST,RPB11_YEAST,55,84,100
RPB11_YEAST,RPB11_YEAST,55,88,100
RPAB4_YEAST,RPAB4_YEAST,28,49,100
RPAB4_YEAST,RPAB4_YEAST,28,62,100
