Rank,Id,Protein1,Protein2,Type,XLType,Spectrum,AbsPos1,AbsPos2,deltaAA,Annotation,Smallest_dist[euklid],Mr,Mz,z,Error_rel[ppm],Error_abs[ppm],nseen,MatchOdds,wmatchoddssum,wmatchoddsmean,Xcorrx,Xcorrb,TIC,TicA,TicB,WTIC,intsum,lApS,seriesscore,deltaS,ld-Score,fdr
1,MLTNLDSKGNLSSR-NMKSSSPGSSLGQK-a8-b3,sp|Q12308|TFC8_YEAST,sp|Q06339|TFC6_YEAST,xlink,inter-protein xl,AvA_1210_1_1_2.05756.05756.3_AvA_1210_1_1_2.05729.05729.3,124,142,18,AvA_1210_1_1_2_matched,,3079.514,1027.512,3,-4.6,4.6,2,10.52,3.37,6.75,0.39,0.32,0.52,0.32,0.21,0.1,925,-0.00147,35.3,0.31,46.39,0
1,ISASTKDLSK-DSIKSLK-a6-b4,sp|P34111|TFC3_YEAST,sp|P32367|TFC1_YEAST,xlink,inter-protein xl,AvA_1210_1_1_2.05103.05103.4_AvA_1210_1_1_2.05070.05070.4,896,138,758,AvA_1210_1_1_2_matched,,1976.103,495.034,4,-0.5,0.5,1,11.5,3.05,6.11,0.38,0.54,0.47,0.29,0.19,0.09,392,-0.00629,49.2,0.79,43.28,0
1,ISASTKDLSK-SLKDSNK-a6-b3,sp|P34111|TFC3_YEAST,sp|P32367|TFC1_YEAST,xlink,inter-protein xl,AvA_1210_1_2_2.04588.04588.4_AvA_1210_1_2_2.04554.04554.4,896,141,755,AvA_1210_1_2_2_matched,,1977.061,495.273,4,-1,1,1,11.51,2.07,4.13,0.35,0.52,0.59,0.36,0.23,0.11,231,-0.00629,36.8,0.94,40.11,0
1,KSTSVNVSDGK-KTGQLAR-a1-b1,sp|P34111|TFC3_YEAST,sp|P33339|TFC4_YEAST,xlink,inter-protein xl,AvA_1210_1_2_2.03787.03787.3_AvA_1210_1_2_2.03756.03756.3,698,242,456,AvA_1210_1_2_2_matched,,2031.09,678.038,3,-3,3,1,9.06,3.18,6.35,0.2,0.47,0.32,0.24,0.09,0.06,565,-0.00677,38.2,0.78,39.36,0
1,MLTNLDSKGNLSSR-NSTKNMK-a8-b4,sp|Q12308|TFC8_YEAST,sp|Q06339|TFC6_YEAST,xlink,inter-protein xl,AvA_1210_1_1_2.05177.05177.4_AvA_1210_1_1_2.05149.05149.4,124,139,15,AvA_1210_1_1_2_matched,,2494.243,624.569,4,-3.6,3.6,2,11.27,3.11,6.22,0.31,0.32,0.43,0.35,0.09,0.07,478,-0.00147,15.9,0.81,39.35,0
1,KTAGLLSPTEENETTNAGQSK-VKEAFK-a1-b2,sp|Q12415|TFC7_YEAST,sp|P32367|TFC1_YEAST,xlink,inter-protein xl,AvA_1210_1_1_1.05459.05459.3_AvA_1210_1_1_1.05433.05433.3,359,66,293,AvA_1210_1_1_1_matched,,3033.539,1012.187,3,-3.9,3.9,2,8.85,2.48,4.97,0.15,0.28,0.35,0.33,0.02,0.05,783,-0.00142,11.6,0.23,38.54,0
1,ASDDAISKK-KTGQLAR-a8-b1,sp|P34111|TFC3_YEAST,sp|P33339|TFC4_YEAST,xlink,inter-protein xl,AvA_1210_1_2_1.03515.03515.3_AvA_1210_1_2_1.03488.03488.3,697,242,455,AvA_1210_1_2_1_matched,,1843.997,615.674,3,-1.6,1.6,1,10.82,2.56,5.11,0.44,0.35,0.55,0.46,0.09,0.09,415,-0.00677,27.1,0.7,38.51,0
1,DHTGDKEEVQSEKIYR-VKEAFK-a13-b2,sp|Q12415|TFC7_YEAST,sp|P32367|TFC1_YEAST,xlink,inter-protein xl,AvA_1210_1_1_2.04498.04498.5_AvA_1210_1_1_2.04477.04477.5,419,66,353,AvA_1210_1_1_2_matched,,2791.399,559.288,5,-1.2,1.2,2,9.98,2.81,5.62,0.21,0.42,0.42,0.26,0.16,0.09,451,-0.00142,22.1,0.73,38.33,0
1,NSSATQKSLR-GFDELGKSR-a7-b7,sp|Q06339|TFC6_YEAST,sp|P34111|TFC3_YEAST,xlink,inter-protein xl,AvA_1210_1_2_2.05732.05732.4_AvA_1210_1_2_2.05710.05710.4,598,433,165,AvA_1210_1_2_2_matched,,2236.139,560.043,4,-2.6,2.6,1,10.8,2.14,4.28,0.2,0.41,0.35,0.14,0.22,0.07,342,-0.00408,20.8,0.47,37.53,0
1,FKNSTFDSLLAAEK-IKASDDAISK-a2-b2,sp|P33339|TFC4_YEAST,sp|P34111|TFC3_YEAST,xlink,inter-protein xl,AvA_1210_1_1_2.07218.07218.4_AvA_1210_1_1_2.07221.07221.4,412,689,277,AvA_1210_1_1_2_matched,,2754.432,689.616,4,-0.2,0.2,2,8.59,3.06,6.12,0.18,0.35,0.37,0.26,0.11,0.07,629,-0.00677,27,0.26,36.91,0
1,MLTNLDSKGNLSSR-NTVQKLR-a8-b5,sp|Q12308|TFC8_YEAST,sp|Q06339|TFC6_YEAST,xlink,inter-protein xl,AvA_1210_1_1_1.05888.05888.3_AvA_1210_1_1_1.05865.05865.3,124,130,6,AvA_1210_1_1_1_matched,,2530.352,844.459,3,-0.6,0.6,2,9.85,2.29,4.58,0.44,0.31,0.47,0.38,0.09,0.08,428,-0.00147,14.5,0.46,35.78,0
1,MLTNLDSKGNLSSR-KNSTKNMK-a8-b5,sp|Q12308|TFC8_YEAST,sp|Q06339|TFC6_YEAST,xlink,inter-protein xl,AvA_1210_1_1_2.04691.04691.4_AvA_1210_1_1_2.04671.04671.4,124,139,15,AvA_1210_1_1_2_matched,,2622.344,656.594,4,-1.1,1.1,1,10.77,1.97,3.94,0.32,0.3,0.6,0.42,0.18,0.11,313,-0.00147,26.8,0.8,35.51,0
1,EKSYNIPIDIR-IKASDDAISK-a2-b2,sp|P33339|TFC4_YEAST,sp|P34111|TFC3_YEAST,xlink,inter-protein xl,AvA_1210_1_1_1.06618.06618.4_AvA_1210_1_1_1.06617.06617.4,426,689,263,AvA_1210_1_1_1_matched,,2531.345,633.844,4,-1.3,1.3,2,8.65,2.54,5.08,0.18,0.32,0.44,0.36,0.08,0.08,551,-0.00677,26.6,0.33,35.28,0
1,DHTGDKEEVQSEK-AIKMCGGIEK-a6-b3,sp|Q12415|TFC7_YEAST,sp|P32367|TFC1_YEAST,xlink,inter-protein xl,AvA_1210_1_1_1.03767.03767.4_AvA_1210_1_1_1.03746.03746.4,412,57,355,AvA_1210_1_1_1_matched,,2744.297,687.082,4,-0.9,0.9,4,10.2,1.87,3.74,0.19,0.27,0.47,0.07,0.39,0.09,388,-0.00142,11.4,0.53,34.5,0
1,DHTGDKEEVQSEK-VKEAFK-a6-b2,sp|Q12415|TFC7_YEAST,sp|P32367|TFC1_YEAST,xlink,inter-protein xl,AvA_1210_1_2_1.03737.03737.4_AvA_1210_1_2_1.03722.03722.4,412,66,346,AvA_1210_1_2_1_matched,,2359.148,590.795,4,-2.7,2.7,1,8.52,2.57,5.15,0.15,0.33,0.23,0.15,0.08,0.04,303,-0.00142,15.8,0,30.13,0
1,KVLVVSPK-YEKMKK-a1-b5,sp|P34111|TFC3_YEAST,sp|P33339|TFC4_YEAST,xlink,inter-protein xl,AvA_1210_1_2_1.03846.03846.4_AvA_1210_1_2_1.03819.03819.4,240,636,396,AvA_1210_1_2_1_matched,,1832.074,459.026,4,-5.7,5.7,2,8.12,1.12,2.25,0.23,0.33,0.51,0.05,0.47,0.11,210,-0.00677,14.9,0.83,28.79,0
1,KLLSSPIVK-EVYNPNKK-a1-b7,sp|P32367|TFC1_YEAST,sp|P33339|TFC4_YEAST,xlink,inter-protein xl,AvA_1210_1_1_2.05730.05730.4_AvA_1210_1_1_2.05715.05715.4,395,871,476,AvA_1210_1_1_2_matched,,2112.217,529.062,4,-1,1,1,7.46,2.02,4.05,0.16,0.24,0.46,0.13,0.32,0.09,411,-0.0036,13.6,0.69,28.67,0.048
1,EKSYNIPIDIR-KSTSVNVSDGK-a2-b1,sp|P33339|TFC4_YEAST,sp|P34111|TFC3_YEAST,xlink,inter-protein xl,AvA_1210_1_1_2.06435.06435.4_AvA_1210_1_1_2.06469.06469.4,426,698,272,AvA_1210_1_1_2_matched,,2605.36,652.348,4,0.2,0.2,2,7.53,1.47,2.94,0.1,0.37,0.47,0.38,0.09,0.08,239,-0.00677,14.7,0.44,28.39,0.042
1,FKNSTFDSLLAAEK-ASDDAISKK-a2-b8,sp|P33339|TFC4_YEAST,sp|P34111|TFC3_YEAST,xlink,inter-protein xl,AvA_1210_1_1_2.07275.07275.4_AvA_1210_1_1_2.07263.07263.4,412,697,285,AvA_1210_1_1_2_matched,,2641.345,661.344,4,-1.4,1.4,1,7.68,1.94,3.89,0.15,0.23,0.31,0.17,0.14,0.06,404,-0.00677,11.2,0.4,28.37,0.042
1,SSSPGSSLGQKGRPIR-MLTNLDSKGNLSSR-a11-b8,sp|Q06339|TFC6_YEAST,sp|Q12308|TFC8_YEAST,xlink,inter-protein xl,AvA_1210_1_1_2.05703.05703.5_AvA_1210_1_1_2.05734.05734.5,153,124,29,AvA_1210_1_1_2_matched,,3285.706,658.149,5,-1.3,1.3,2,9.09,1.94,3.87,0.13,0.19,0.3,0.13,0.17,0.06,294,-0.00147,6.7,0.72,28.36,0.042
1,EKSYNIPIDIR-ASDDAISKK-a2-b8,sp|P33339|TFC4_YEAST,sp|P34111|TFC3_YEAST,xlink,inter-protein xl,AvA_1210_1_1_2.06741.06741.3_AvA_1210_1_1_2.06715.06715.3,426,697,271,AvA_1210_1_1_2_matched,,2418.259,807.094,3,-2.1,2.1,2,7.47,1.53,3.05,0.15,0.34,0.37,0.32,0.05,0.06,284,-0.00677,25,0.79,28.33,0.042
1,DHTGDKEEVQSEKIYR-AIKMCGGIEK-a6-b3,sp|Q12415|TFC7_YEAST,sp|P32367|TFC1_YEAST,xlink,inter-protein xl,AvA_1210_1_1_2.04857.04857.4_AvA_1210_1_1_2.04840.04840.4,412,57,355,AvA_1210_1_1_2_matched,,3176.539,795.143,4,-3,3,2,7.45,1.84,3.69,0.1,0.15,0.3,0.15,0.15,0.06,511,-0.00142,5.6,0.66,28.17,0.04
1,DHTGDKEEVQSEKIYR-VTMPKGTLSK-a13-b5,sp|Q12415|TFC7_YEAST,sp|P32367|TFC1_YEAST,xlink,inter-protein xl,AvA_1210_1_1_2.05010.05010.5_AvA_1210_1_1_2.04991.04991.5,419,123,296,AvA_1210_1_1_2_matched,,3131.577,627.323,5,-1.3,1.3,1,8.3,1.03,2.06,0.17,0.27,0.57,0.02,0.55,0.13,206,-0.00142,9,0.66,27.86,0.038
1,DESVILKVTMPK-SKNGIR-a7-b2,sp|P32367|TFC1_YEAST,sp|P34111|TFC3_YEAST,xlink,inter-protein xl,AvA_1210_1_1_2.08337.08337.4_AvA_1210_1_1_2.08308.08308.4,118,200,82,AvA_1210_1_1_2_matched,,2170.214,543.561,4,4.8,4.8,1,7.5,1.38,2.76,0.17,0.34,0.34,0.34,0,0.05,257,-0.00629,7.8,0.83,27.62,0.037
1,LDPKTAETMK-YHKIRK-a4-b3,sp|P32367|TFC1_YEAST,sp|P33339|TFC4_YEAST,xlink,inter-protein xl,AvA_1210_1_1_2.03521.03521.4_AvA_1210_1_1_2.03496.03496.4,631,947,316,AvA_1210_1_1_2_matched,,2114.149,529.545,4,-3.2,3.2,1,8.56,0.99,1.98,0.12,0.26,0.6,0.59,0.02,0.09,188,-0.0036,5.3,0,27.25,0.036
1,LFTAQNFQKLTNAEDEISVPK-WDYSIKDDKYR-a9-b6,sp|P34111|TFC3_YEAST,sp|Q06339|TFC6_YEAST,xlink,inter-protein xl,AvA_1210_1_1_2.08709.08709.5_AvA_1210_1_1_2.08708.08708.5,414,610,196,AvA_1210_1_1_2_matched,,4017.995,804.607,5,-1.3,1.3,1,5.79,1.37,2.73,0.07,0.29,0.24,0.24,0.01,0.03,497,-0.00408,4,0.47,27.09,0.034
1,RIKLEQHVSTAQEPK-NSSATQKSLR-a3-b7,sp|P34111|TFC3_YEAST,sp|Q06339|TFC6_YEAST,xlink,inter-protein xl,AvA_1210_1_1_2.03887.03887.4_AvA_1210_1_1_2.03860.03860.4,509,598,89,AvA_1210_1_1_2_matched,,2991.601,748.908,4,-3.2,3.2,1,5.93,1.48,2.97,0.16,0.24,0.24,0.18,0.06,0.04,496,-0.00408,4.3,0.52,26.67,0.032
1,KTGQLAR-KVSAGR-a1-b1,sp|P33339|TFC4_YEAST,sp|P34111|TFC3_YEAST,xlink,inter-protein xl,AvA_1210_1_1_2.02224.02224.3_AvA_1210_1_1_2.02189.02189.3,242,715,473,AvA_1210_1_1_2_matched,,1526.887,509.97,3,-1.7,1.7,1,6.31,2.74,5.47,0.05,0.45,0.18,0.1,0.07,0.03,196,-0.00677,17.4,0.68,26.17,0.03
1,TTVVVENTKEDK-KIDAKYK-a9-b5,sp|P34111|TFC3_YEAST,sp|P33339|TFC4_YEAST,xlink,inter-protein xl,AvA_1210_1_1_2.03979.03979.3_AvA_1210_1_1_2.03955.03955.3,729,349,380,AvA_1210_1_1_2_matched,,2364.273,789.099,3,-2.5,2.5,1,7.36,1.31,2.61,0.34,0.12,0.44,0.39,0.05,0.07,413,-0.00677,13.4,0.47,26.15,0.03
1,MSLNENGDKIR-DSNKLR-a9-b4,sp|Q12415|TFC7_YEAST,sp|P32367|TFC1_YEAST,xlink,inter-protein xl,AvA_1210_1_2_1.05246.05246.4_AvA_1210_1_2_1.05407.05407.4,196,145,51,AvA_1210_1_2_1_matched,,2145.081,537.278,4,-1.7,1.7,1,8.54,1.99,3.97,0.25,0.25,0.16,0.13,0.04,0.03,164,-0.00142,8.4,0.44,26.08,0
1,MLTNLDSKGNLSSR-RNTVQKLR-a8-b6,sp|Q12308|TFC8_YEAST,sp|Q06339|TFC6_YEAST,xlink,inter-protein xl,AvA_1210_1_1_2.05495.05495.4_AvA_1210_1_1_2.05482.05482.4,124,130,6,AvA_1210_1_1_2_matched,,2686.449,672.62,4,-2,2,1,7.23,1.27,2.54,0.15,0.21,0.59,0.58,0.01,0.09,320,-0.00147,6.5,0.79,25.99,0.029
1,AILKVMNTIGGVAYLR-KTGQLAR-a4-b1,sp|P34111|TFC3_YEAST,sp|P33339|TFC4_YEAST,xlink,inter-protein xl,AvA_1210_1_1_2.08482.08482.4_AvA_1210_1_1_2.08479.08479.4,561,242,319,AvA_1210_1_1_2_matched,,2628.509,658.135,4,-2.2,2.2,1,7.29,1.34,2.67,0.08,0.3,0.28,0.26,0.02,0.04,241,-0.00677,18.9,0.87,25.72,0.029
1,IYGLNKEK-IPPNSKK-a6-b6,sp|Q06339|TFC6_YEAST,sp|P34111|TFC3_YEAST,xlink,inter-protein xl,AvA_1210_1_2_1.04779.04779.4_AvA_1210_1_2_1.04756.04756.4,178,478,300,AvA_1210_1_2_1_matched,,1884.069,472.025,4,-1.7,1.7,1,6.94,1.67,3.34,0.17,0.25,0.49,0.27,0.22,0.09,282,-0.00408,8.1,0.64,25.69,0
1,LLSSPIVKK-EVYNPNKK-a8-b7,sp|P32367|TFC1_YEAST,sp|P33339|TFC4_YEAST,xlink,inter-protein xl,AvA_1210_1_2_1.05564.05564.4_AvA_1210_1_2_1.05532.05532.4,403,871,468,AvA_1210_1_2_1_matched,,2112.214,529.061,4,-2.8,2.8,1,7.57,1.6,3.2,0.24,0.26,0.23,0.12,0.11,0.04,219,-0.0036,10.7,0.88,25.54,0
1,SLYTDLEKQEADYNLGR-SVKIPSTDFQLPPPPK-a8-b3,sp|P33339|TFC4_YEAST,sp|P32367|TFC1_YEAST,xlink,inter-protein xl,AvA_1210_1_1_2.08788.08788.4_AvA_1210_1_1_2.08830.08830.4,958,219,739,AvA_1210_1_1_2_matched,,3901.991,976.505,4,-2.1,2.1,1,6.57,1.25,2.51,0.08,0.27,0.34,0.13,0.21,0.06,319,-0.0036,8.3,0.34,25.4,0.029
1,ITAKVVDK-KTYTRK-a4-b1,sp|P33339|TFC4_YEAST,sp|P34111|TFC3_YEAST,xlink,inter-protein xl,AvA_1210_1_1_2.03304.03304.3_AvA_1210_1_1_2.03283.03283.3,627,885,258,AvA_1210_1_1_2_matched,,1806.046,603.023,3,-8.8,8.8,2,6.81,2.34,4.68,0.32,0.18,0.32,0.2,0.12,0.06,355,-0.00677,12.3,0.84,25.24,0.028
1,KIDAKYK-KTYTRK-a5-b1,sp|P33339|TFC4_YEAST,sp|P34111|TFC3_YEAST,xlink,inter-protein xl,AvA_1210_1_1_2.02450.02450.4_AvA_1210_1_1_2.02417.02417.4,349,885,536,AvA_1210_1_1_2_matched,,1798.031,450.516,4,-2.4,2.4,1,6.15,2.34,4.68,0.09,0.29,0.19,0.1,0.09,0.03,308,-0.00677,11.9,0.91,24.47,0.027
1,ESADTGKVNDEDEEHLYGNIDDYK-HSSIQKAIKMCGGIEK-a7-b6,sp|P33339|TFC4_YEAST,sp|P32367|TFC1_YEAST,xlink,inter-protein xl,AvA_1210_1_1_2.04611.04611.5_AvA_1210_1_1_2.04918.04918.5,24,54,30,AvA_1210_1_1_2_matched,,4679.181,936.844,5,3.5,3.5,1,4.51,1.5,3,0.11,0.19,0.24,0.22,0.02,0.04,591,-0.0036,1.1,0.89,24.37,0.026
1,DHTGDKEEVQSEK-VTMPKGTLSK-a6-b5,sp|Q12415|TFC7_YEAST,sp|P32367|TFC1_YEAST,xlink,inter-protein xl,AvA_1210_1_1_2.04058.04058.5_AvA_1210_1_1_2.04020.04020.5,412,123,289,AvA_1210_1_1_2_matched,,2699.329,540.874,5,-1.2,1.2,2,7.32,0.99,1.98,0.15,0.18,0.59,0.02,0.57,0.12,198,-0.00142,8.3,0.54,23.8,0.025
1,TTVVVENTKEDK-KIDAKYK-a9-b1,sp|P34111|TFC3_YEAST,sp|P33339|TFC4_YEAST,xlink,inter-protein xl,AvA_1210_1_1_2.03981.03981.5_AvA_1210_1_1_2.03959.03959.5,729,345,384,AvA_1210_1_1_2_matched,,2364.271,473.862,5,-3.1,3.1,1,6.18,1.25,2.5,0.14,0.3,0.27,0.24,0.03,0.04,237,-0.00677,8.8,0.93,23.72,0.024
1,NSSATQKSLRLWK-YKANPFAK-a7-b2,sp|Q06339|TFC6_YEAST,sp|P32367|TFC1_YEAST,xlink,inter-protein xl,AvA_1210_1_1_2.05469.05469.5_AvA_1210_1_1_2.05433.05433.5,598,245,353,AvA_1210_1_1_2_matched,,2593.398,519.688,5,-1.3,1.3,1,7.63,1.38,2.75,0.18,0.22,0.23,0.11,0.12,0.04,167,-0.00217,8.1,0.86,23.7,0.024
1,STSVNVSDGKIK-KIDAKYK-a10-b5,sp|P34111|TFC3_YEAST,sp|P33339|TFC4_YEAST,xlink,inter-protein xl,AvA_1210_1_1_2.04357.04357.4_AvA_1210_1_1_2.04335.04335.4,708,349,359,AvA_1210_1_1_2_matched,,2236.228,560.065,4,-1.4,1.4,1,7.26,0.81,1.62,0.16,0.22,0.45,0.44,0.01,0.07,183,-0.00677,13.3,0.83,23.64,0.023
1,LVGTELAFPNAAHVHKK-AIKMCGGIEK-a16-b3,sp|Q12415|TFC7_YEAST,sp|P32367|TFC1_YEAST,xlink,inter-protein xl,AvA_1210_1_1_2.06277.06277.5_AvA_1210_1_1_2.06259.06259.5,358,57,301,AvA_1210_1_1_2_matched,,3074.637,615.935,5,-1.1,1.1,1,5.9,1.39,2.79,0.08,0.18,0.29,0.25,0.05,0.05,406,-0.00142,5.5,0.68,23.61,0.023
1,NSSATQKSLR-TPNKNKR-a7-b4,sp|Q06339|TFC6_YEAST,sp|P34111|TFC3_YEAST,xlink,inter-protein xl,AvA_1210_1_2_1.02221.02221.4_AvA_1210_1_2_1.02182.02182.4,598,483,115,AvA_1210_1_2_1_matched,,2085.124,522.289,4,-2.7,2.7,1,5.9,0.95,1.89,0.17,0.24,0.34,0.32,0.02,0.05,227,-0.00408,7.3,0.93,21.95,-0.071
1,IKLEQHVSTAQEPK-NTVQKLR-a2-b5,sp|P34111|TFC3_YEAST,sp|Q06339|TFC6_YEAST,xlink,inter-protein xl,AvA_1210_1_1_1.04324.04324.4_AvA_1210_1_1_1.04303.04303.4,509,130,379,AvA_1210_1_1_1_matched,,2602.443,651.618,4,-0.6,0.6,1,6.78,1.24,2.48,0.17,0.16,0.26,0.08,0.18,0.06,197,-0.00408,8,0.54,21.42,0.03
1,LLKDLSSARDK-NFFMKSR-a3-b5,sp|Q06339|TFC6_YEAST,sp|P33339|TFC4_YEAST,xlink,inter-protein xl,AvA_1210_1_2_1.03093.03093.4_AvA_1210_1_2_1.03118.03118.4,161,673,512,AvA_1210_1_2_1_matched,,2311.231,578.816,4,-2.1,2.1,1,6.97,0.89,1.78,0.16,0.18,0.17,0.16,0.01,0.03,171,-0.00233,5.7,0.73,21.31,0
1,IHHTMKIALALISYR-KSTSVNVSDGK-a6-b1,sp|P32367|TFC1_YEAST,sp|P34111|TFC3_YEAST,xlink,inter-protein xl,AvA_1210_1_1_1.05178.05178.4_AvA_1210_1_1_1.05177.05177.4,350,698,348,AvA_1210_1_1_1_matched,,3024.666,757.174,4,7.4,7.4,1,4.63,1.79,3.59,0.14,0.09,0.22,0.06,0.16,0.04,501,-0.00629,7.2,0.47,21.06,0
1,GTLSKNNNSVKDSIK-RSMLYKK-a11-b6,sp|P32367|TFC1_YEAST,sp|P33339|TFC4_YEAST,xlink,inter-protein xl,AvA_1210_1_1_1.02397.02397.4_AvA_1210_1_1_1.02367.02367.4,134,241,107,AvA_1210_1_1_1_matched,,2666.453,667.621,4,4,4,1,7.16,1.14,2.29,0.26,0.14,0.16,0.1,0.06,0.03,154,-0.0036,10.5,0.89,20.99,0
1,SGSCSLDKYEILK-EKRLSK-a8-b2,sp|Q12415|TFC7_YEAST,sp|P34111|TFC3_YEAST,xlink,inter-protein xl,AvA_1210_1_1_1.04430.04430.5_AvA_1210_1_1_1.04407.04407.5,206,219,13,AvA_1210_1_1_1_matched,,2396.26,480.26,5,-0.8,0.8,1,5.62,1.04,2.09,0.16,0.23,0.42,0.4,0.02,0.06,209,-0.00267,6.3,0.8,20.87,0
1,MAAGKLK-SLKDSNK-a5-b3,sp|P33339|TFC4_YEAST,sp|P32367|TFC1_YEAST,xlink,inter-protein xl,AvA_1210_1_2_1.03604.03604.4_AvA_1210_1_2_1.03560.03560.4,5,141,136,AvA_1210_1_2_1_matched,,1645.916,412.487,4,5.3,5.3,1,5.54,0.89,1.78,0.12,0.32,0.1,0.1,0.01,0.02,134,-0.0036,4.6,0.74,20.76,-0.062
1,CLETVQPIAKLLEIPVYLER-LFNEVIKK-a10-b7,sp|Q12415|TFC7_YEAST,sp|P33339|TFC4_YEAST,xlink,inter-protein xl,AvA_1210_1_1_1.09959.09959.4_AvA_1210_1_1_1.09943.09943.4,78,156,78,AvA_1210_1_1_1_matched,,3510.957,878.747,4,-5.9,5.9,1,6.98,0.98,1.96,0.08,0.18,0.29,0.25,0.04,0.04,129,-0.00153,12.6,0.21,20.69,-0.029
1,TPNKNKR-VVDKYEK-a6-b4,sp|P34111|TFC3_YEAST,sp|P33339|TFC4_YEAST,xlink,inter-protein xl,AvA_1210_1_2_1.04135.04135.4_AvA_1210_1_2_1.04108.04108.4,485,631,146,AvA_1210_1_2_1_matched,,1874.044,469.519,4,9.3,9.3,2,5.99,0.67,1.34,0.09,0.36,0.04,0,0.03,0.01,43,-0.00677,6.1,0.77,20.46,0
1,LPENFSMNKK-NNNSVKDSIK-a9-b6,sp|Q12308|TFC8_YEAST,sp|P32367|TFC1_YEAST,xlink,inter-protein xl,AvA_1210_1_1_1.02832.02832.5_AvA_1210_1_1_1.02788.02788.5,410,134,276,AvA_1210_1_1_1_matched,,2462.26,493.46,5,4.9,4.9,1,4.79,1.2,2.39,0.04,0.32,0.13,0.05,0.08,0.02,201,-0.00227,5,0.82,20.35,0
1,EKSYNIPIDIR-LLSSPIVKK-a2-b8,sp|P33339|TFC4_YEAST,sp|P32367|TFC1_YEAST,xlink,inter-protein xl,AvA_1210_1_1_1.07844.07844.4_AvA_1210_1_1_1.07823.07823.4,426,403,23,AvA_1210_1_1_1_matched,,2468.428,618.115,4,1.1,1.1,1,5.73,1.19,2.38,0.17,0.19,0.19,0.07,0.12,0.04,219,-0.0036,7.6,0.68,20.25,0
1,LPENFSMNKK-MAVIPAKK-a9-b7,sp|Q12308|TFC8_YEAST,sp|Q06339|TFC6_YEAST,xlink,inter-protein xl,AvA_1210_1_1_1.02343.02343.4_AvA_1210_1_1_1.02314.02314.4,410,7,403,AvA_1210_1_1_1_matched,,2201.193,551.306,4,-1,1,1,4.84,0.85,1.7,0.14,0.23,0.46,0.02,0.44,0.09,216,-0.00147,3.9,0.7,19.93,0
1,FYESLEECLKILRELFAR-GDVDLMVESEKLGAR-a10-b11,sp|P32367|TFC1_YEAST,sp|P34111|TFC3_YEAST,xlink,inter-protein xl,AvA_1210_1_2_1.10352.10352.5_AvA_1210_1_2_1.10119.10119.5,320,607,287,AvA_1210_1_2_1_matched,,4071.031,815.214,5,-9.5,9.5,1,4.17,1.85,3.69,0.1,0.05,0.13,0.04,0.08,0.02,543,-0.00629,3.1,0.87,19.64,-0.062
1,DNKMLTNLDSK-ESAYNKVIGDK-a3-b6,sp|Q12308|TFC8_YEAST,sp|Q06339|TFC6_YEAST,xlink,inter-protein xl,AvA_1210_1_1_1.04224.04224.5_AvA_1210_1_1_1.04201.04201.5,116,225,109,AvA_1210_1_1_1_matched,,2638.339,528.676,5,8.8,8.8,1,4.85,1.61,3.21,0.17,0.16,0.15,0.12,0.03,0.03,327,-0.00147,5.8,0.83,19.58,0.026
1,DIATTKTTVSR-KITDLK-a6-b1,sp|Q06339|TFC6_YEAST,sp|Q12308|TFC8_YEAST,xlink,inter-protein xl,AvA_1210_1_1_1.04983.04983.4_AvA_1210_1_1_1.04960.04960.4,503,228,275,AvA_1210_1_1_1_matched,,2046.165,512.549,4,3.9,3.9,1,4.33,1.01,2.03,0.18,0.25,0.12,0.12,0,0.02,251,-0.00147,2.3,0.91,19.06,0.025
1,IDSSYEVYPLTVNDVSKAK-QKENTGGYR-a17-b2,sp|Q06339|TFC6_YEAST,sp|P34111|TFC3_YEAST,xlink,inter-protein xl,AvA_1210_1_1_1.06534.06534.4_AvA_1210_1_1_1.06528.06528.4,632,383,249,AvA_1210_1_1_1_matched,,3316.634,830.166,4,-3.6,3.6,1,5.51,0.98,1.96,0.21,0.16,0.3,0.29,0.01,0.04,201,-0.00408,6.1,0.52,19.02,0.025
1,NEIMWDKITK-SMLYKK-a7-b5,sp|P34111|TFC3_YEAST,sp|P33339|TFC4_YEAST,xlink,inter-protein xl,AvA_1210_1_2_1.03589.03589.4_AvA_1210_1_2_1.03561.03561.4,764,241,523,AvA_1210_1_2_1_matched,,2183.137,546.792,4,-0.2,0.2,1,5.72,0.45,0.89,0.11,0.28,0.07,0.05,0.02,0.01,26,-0.00677,5.9,0.71,18.14,0
1,KSELTNSFDLACVLSIAAILKR-DHTGDKEEVQSEK-a21-b6,sp|Q12308|TFC8_YEAST,sp|Q12415|TFC7_YEAST,xlink,inter-protein xl,AvA_1210_1_4_1.04929.04929.5_AvA_1210_1_4_1.05433.05433.5,486,412,74,AvA_1210_1_4_1_matched,,4087.11,818.43,5,7.9,7.9,3,4.39,1.08,2.16,0.11,0.07,0.19,0.08,0.11,0.04,367,-0.00096,1.7,0.81,17.44,0
1,KSELTNSFDLACVLSIAAILKR-SGSCSLDKYEILK-a21-b8,sp|Q12308|TFC8_YEAST,sp|Q12415|TFC7_YEAST,xlink,inter-protein xl,AvA_1210_1_4_1.04864.04864.5_AvA_1210_1_4_1.04867.04867.5,486,206,280,AvA_1210_1_4_1_matched,,4085.113,818.031,5,-7.2,7.2,1,3.73,0.88,1.77,0.05,0.22,0.08,0.04,0.04,0.02,243,-0.00096,1.8,0.75,16.68,0
1,QIYLHGSKLECTDTLPDILENR-KITDLKIVDYK-a8-b6,sp|P34111|TFC3_YEAST,sp|Q12308|TFC8_YEAST,xlink,inter-protein xl,AvA_1210_1_4_1.05238.05238.5_AvA_1210_1_4_1.05222.05222.5,956,233,723,AvA_1210_1_4_1_matched,,4087.115,818.431,5,-9.8,9.8,1,3.58,0.99,1.98,0.06,0.09,0.12,0.08,0.04,0.02,302,-0.00426,1.4,0.87,14.74,0
1,EDKTVYHAGTKDGVQALIR-EMSDFQIKLDNVPSAR-a11-b8,sp|P34111|TFC3_YEAST,sp|P32367|TFC1_YEAST,xlink,inter-protein xl,AvA_1210_1_4_2.04842.04842.5_AvA_1210_1_4_2.04836.04836.5,740,169,571,AvA_1210_1_4_2_matched,,4087.107,818.429,5,9.3,9.3,1,2.86,0.68,1.36,0.07,0.13,0.06,0.03,0.04,0.01,130,-0.00629,1.2,0.94,11.01,0
1,GTLSKNNNSVK-DSNKLR-a5-b4,sp|P32367|TFC1_YEAST,sp|P32367|TFC1_YEAST,xlink,intra-protein xl,AvA_1210_1_4_2.02880.02880.3_AvA_1210_1_4_2.02864.02864.3,128,145,17,AvA_1210_1_4_2_matched,,2030.072,677.699,3,-1.6,1.6,1,8,1.51,3.02,0.36,0.15,0.36,0.31,0.04,0.06,309,-2.11461,12.7,0.64,26.15,0
1,NSTKNMK-NTVQKLR-a4-b5,sp|Q06339|TFC6_YEAST,sp|Q06339|TFC6_YEAST,xlink,intra-protein xl,AvA_1210_1_3_1.03357.03357.3_AvA_1210_1_3_1.03339.03339.3,139,130,9,AvA_1210_1_3_1_matched,,1816.978,606.667,3,-2.7,2.7,1,10.28,1.55,3.09,0.36,0.28,0.46,0.05,0.41,0.08,272,-2.48978,30.6,0.76,33.11,0
1,IPPNSKK-TPNKNK-a6-b4,sp|P34111|TFC3_YEAST,sp|P34111|TFC3_YEAST,xlink,intra-protein xl,AvA_1210_1_3_1.02146.02146.3_AvA_1210_1_3_1.02106.02106.3,478,483,5,AvA_1210_1_3_1_matched,,1620.92,541.315,3,0.1,0.1,1,7.57,0.88,1.77,0.23,0.43,0.58,0.55,0.03,0.1,192,-1.56947,14.2,0.84,29.28,0
1,ASDDAISKK-KVSAGR-a8-b1,sp|P34111|TFC3_YEAST,sp|P34111|TFC3_YEAST,xlink,intra-protein xl,AvA_1210_1_3_1.02874.02874.4_AvA_1210_1_3_1.02857.02857.4,697,715,18,AvA_1210_1_3_1_matched,,1687.909,422.985,4,-0.7,0.7,1,8.56,1.22,2.44,0.21,0.27,0.5,0.46,0.05,0.08,190,-1.56947,21.8,0.55,27.63,0
1,GTLSKNNNSVK-SLKDSNK-a5-b3,sp|P32367|TFC1_YEAST,sp|P32367|TFC1_YEAST,xlink,intra-protein xl,AvA_1210_1_3_1.03451.03451.3_AvA_1210_1_3_1.03408.03408.3,128,141,13,AvA_1210_1_3_1_matched,,2089.099,697.374,3,-1,1,1,6.71,1.81,3.62,0.32,0.23,0.29,0.26,0.03,0.05,394,-2.11461,7.3,0.49,26.59,0
1,ITGKEFQR-NPAIKIR-a4-b5,sp|P34111|TFC3_YEAST,sp|P34111|TFC3_YEAST,xlink,intra-protein xl,AvA_1210_1_2_2.05765.05765.4_AvA_1210_1_2_2.05738.05738.4,362,252,110,AvA_1210_1_2_2_matched,,1926.101,482.533,4,-2,2,2,11.22,4.31,8.62,0.33,0.53,0.46,0.23,0.23,0.08,579,-1.56947,36.2,0.4,45.76,0
1,KVLVVSPK-NPAIKIR-a1-b5,sp|P34111|TFC3_YEAST,sp|P34111|TFC3_YEAST,xlink,intra-protein xl,AvA_1210_1_2_2.06407.06407.4_AvA_1210_1_2_2.06403.06403.4,240,252,12,AvA_1210_1_2_2_matched,,1817.147,455.294,4,-2,2,2,10.2,3.34,6.69,0.2,0.54,0.46,0.33,0.13,0.08,483,-1.56947,43.5,0,41.79,0
1,LLKDLSSAR-NSTKNMK-a3-b4,sp|Q06339|TFC6_YEAST,sp|Q06339|TFC6_YEAST,xlink,intra-protein xl,AvA_1210_1_2_2.05359.05359.4_AvA_1210_1_2_2.05340.05340.4,161,139,22,AvA_1210_1_2_2_matched,,1961.058,491.272,4,-1.9,1.9,1,10.9,3.48,6.96,0.23,0.41,0.4,0.28,0.12,0.07,535,-2.48978,41.5,0.85,41.38,0
1,IKASDDAISK-KVSAGR-a2-b1,sp|P34111|TFC3_YEAST,sp|P34111|TFC3_YEAST,xlink,intra-protein xl,AvA_1210_1_2_2.03450.03450.4_AvA_1210_1_2_2.03419.03419.4,689,715,26,AvA_1210_1_2_2_matched,,1800.991,451.256,4,-1.9,1.9,1,8.93,3.75,7.5,0.24,0.47,0.42,0.27,0.15,0.08,549,-1.56947,23.2,0.6,39.1,0
1,ITGKEFQR-CVKYVK-a4-b3,sp|P34111|TFC3_YEAST,sp|P34111|TFC3_YEAST,xlink,intra-protein xl,AvA_1210_1_2_2.05201.05201.4_AvA_1210_1_2_2.05157.05157.4,362,257,105,AvA_1210_1_2_2_matched,,1911.027,478.764,4,-1.2,1.2,1,11.32,2.16,4.32,0.23,0.4,0.58,0.51,0.07,0.1,267,-1.56947,33.8,0.62,37.52,0
1,DIATTKTTVSR-NTVQKLR-a6-b5,sp|Q06339|TFC6_YEAST,sp|Q06339|TFC6_YEAST,xlink,intra-protein xl,AvA_1210_1_2_2.05505.05505.4_AvA_1210_1_2_2.05468.05468.4,503,130,373,AvA_1210_1_2_2_matched,,2187.22,547.813,4,-1,1,1,7.55,2.44,4.87,0.19,0.34,0.26,0.22,0.04,0.04,337,-2.48978,12.2,0.93,29.12,0.048
1,NMKSSSPGSSLGQK-NSSATQKSLR-a3-b7,sp|Q06339|TFC6_YEAST,sp|Q06339|TFC6_YEAST,xlink,intra-protein xl,AvA_1210_1_2_2.04659.04659.4_AvA_1210_1_2_2.04628.04628.4,142,598,456,AvA_1210_1_2_2_matched,,2635.318,659.837,4,-2.2,2.2,1,8.81,1.49,2.97,0.18,0.27,0.25,0.12,0.13,0.05,206,-2.48978,11.8,0.4,27.99,0.045
1,KFELNSGLNEAK-VVDKYEK-a1-b4,sp|P33339|TFC4_YEAST,sp|P33339|TFC4_YEAST,xlink,intra-protein xl,AvA_1210_1_2_2.06444.06444.3_AvA_1210_1_2_2.06408.06408.3,637,631,6,AvA_1210_1_2_2_matched,,2366.23,789.751,3,-2.8,2.8,1,6.79,1.76,3.52,0.14,0.33,0.29,0.26,0.03,0.04,357,-2.05209,15.2,0.69,27.81,0.043
1,ANPFAKKK-KNGVTEVK-a6-b1,sp|P32367|TFC1_YEAST,sp|P32367|TFC1_YEAST,xlink,intra-protein xl,AvA_1210_1_2_2.04465.04465.4_AvA_1210_1_2_2.04420.04420.4,251,254,3,AvA_1210_1_2_2_matched,,1914.092,479.531,4,-0.8,0.8,1,8.32,1.8,3.6,0.16,0.2,0.27,0.11,0.16,0.05,299,-2.11461,9.4,0.95,27.08,0.042
1,KSTSVNVSDGK-EKDSKK-a1-b2,sp|P34111|TFC3_YEAST,sp|P34111|TFC3_YEAST,xlink,intra-protein xl,AvA_1210_1_2_2.02491.02491.4_AvA_1210_1_2_2.02287.02287.4,698,639,59,AvA_1210_1_2_2_matched,,1992.033,499.016,4,-2.2,2.2,1,7.33,1.24,2.48,0.17,0.42,0.2,0.2,0,0.03,118,-1.56947,21.6,0.92,26.34,0.04
1,NMKSSSPGSSLGQK-IYGLNKEK-a3-b6,sp|Q06339|TFC6_YEAST,sp|Q06339|TFC6_YEAST,xlink,intra-protein xl,AvA_1210_1_2_2.05907.05907.3_AvA_1210_1_2_2.05890.05890.3,142,178,36,AvA_1210_1_2_2_matched,,2508.286,837.103,3,-1.3,1.3,2,5.55,1.44,2.88,0.27,0.21,0.34,0.31,0.03,0.05,518,-2.48978,5.1,0.36,26.09,0.04
1,QLKAFDSCR-EVYNPNKK-a3-b7,sp|P33339|TFC4_YEAST,sp|P33339|TFC4_YEAST,xlink,intra-protein xl,AvA_1210_1_2_2.05480.05480.4_AvA_1210_1_2_2.05458.05458.4,844,871,27,AvA_1210_1_2_2_matched,,2252.12,564.038,4,-2.8,2.8,2,6.43,1.21,2.42,0.11,0.35,0.31,0.08,0.23,0.06,185,-2.05209,15.7,0.84,24.51,0.038
1,STSVNVSDGKIK-KVSAGR-a10-b1,sp|P34111|TFC3_YEAST,sp|P34111|TFC3_YEAST,xlink,intra-protein xl,AvA_1210_1_2_2.04402.04402.4_AvA_1210_1_2_2.04150.04150.4,708,715,7,AvA_1210_1_2_2_matched,,1988.09,498.03,4,-0.2,0.2,1,6.65,2.09,4.17,0.23,0.12,0.61,0.53,0.07,0.09,357,-1.56947,12.3,0.6,23.8,0.037
1,KKNGVTEVK-ANPFAKK-a2-b6,sp|P32367|TFC1_YEAST,sp|P32367|TFC1_YEAST,xlink,intra-protein xl,AvA_1210_1_2_2.04453.04453.3_AvA_1210_1_2_2.04427.04427.3,254,251,3,AvA_1210_1_2_2_matched,,1914.09,639.038,3,-1.8,1.8,1,6.62,0.95,1.91,0.24,0.23,0.49,0.06,0.44,0.1,192,-2.11461,9.8,0.94,23.32,0.036
1,QKENTGGYR-TPNKNKR-a2-b4,sp|P34111|TFC3_YEAST,sp|P34111|TFC3_YEAST,xlink,intra-protein xl,AvA_1210_1_2_2.01850.01850.4_AvA_1210_1_2_2.01820.01820.4,383,483,100,AvA_1210_1_2_2_matched,,2046.053,512.521,4,-3.9,3.9,1,5.85,1.8,3.6,0.1,0.33,0.09,0.04,0.04,0.02,137,-1.56947,3.1,0,21.51,0.034
1,LKKEQQNQSAER-EVYNPNKK-a3-b7,sp|P33339|TFC4_YEAST,sp|P33339|TFC4_YEAST,xlink,intra-protein xl,AvA_1210_1_2_2.03247.03247.4_AvA_1210_1_2_2.03221.03221.4,8,871,863,AvA_1210_1_2_2_matched,,2586.329,647.59,4,-4.5,4.5,1,5.92,0.72,1.45,0.15,0.21,0.6,0.04,0.55,0.13,163,-2.05209,5.8,0.72,21.19,0.034
1,KSTSVNVSDGK-IKASDDAISK-a1-b2,sp|P34111|TFC3_YEAST,sp|P34111|TFC3_YEAST,xlink,intra-protein xl,AvA_1210_1_2_1.03820.03820.3_AvA_1210_1_2_1.03783.03783.3,698,689,9,AvA_1210_1_2_1_matched,,2305.194,769.406,3,-3.1,3.1,2,10.81,3.01,6.03,0.33,0.33,0.47,0.23,0.24,0.09,529,-1.56947,45.2,0.63,39.79,0
1,ISASTKDLSK-KTYTRK-a6-b1,sp|P34111|TFC3_YEAST,sp|P34111|TFC3_YEAST,xlink,intra-protein xl,AvA_1210_1_2_1.03232.03232.5_AvA_1210_1_2_1.03194.03194.5,896,885,11,AvA_1210_1_2_1_matched,,1982.101,397.428,5,-2,2,1,9.42,3.14,6.28,0.18,0.45,0.32,0.29,0.02,0.05,416,-1.56947,36.6,0.76,36.61,0
1,LLKDLSSAR-IYGLNKEK-a3-b6,sp|Q06339|TFC6_YEAST,sp|Q06339|TFC6_YEAST,xlink,intra-protein xl,AvA_1210_1_2_1.06672.06672.4_AvA_1210_1_2_1.06641.06641.4,161,178,17,AvA_1210_1_2_1_matched,,2103.192,526.806,4,-0.8,0.8,1,10.5,1.71,3.41,0.27,0.46,0.58,0.24,0.33,0.11,217,-2.48978,24.9,0.6,36.47,0
1,TAETMKSELK-IAKLDPK-a6-b3,sp|P32367|TFC1_YEAST,sp|P32367|TFC1_YEAST,xlink,intra-protein xl,AvA_1210_1_2_1.05737.05737.3_AvA_1210_1_2_1.05712.05712.3,637,627,10,AvA_1210_1_2_1_matched,,2058.125,687.049,3,-1.7,1.7,1,10.18,1.4,2.8,0.37,0.46,0.61,0.24,0.37,0.12,206,-2.11461,34.8,0.29,35.94,0
1,GTLSKNNNSVK-DSIKSLK-a5-b4,sp|P32367|TFC1_YEAST,sp|P32367|TFC1_YEAST,xlink,intra-protein xl,AvA_1210_1_2_1.04831.04831.4_AvA_1210_1_2_1.04788.04788.4,128,138,10,AvA_1210_1_2_1_matched,,2088.14,523.043,4,-1.3,1.3,1,9.01,2.33,4.65,0.18,0.36,0.43,0.27,0.15,0.08,487,-2.11461,24.5,0.6,35.7,0
1,NSSATQKSLR-NTVQKLR-a7-b5,sp|Q06339|TFC6_YEAST,sp|Q06339|TFC6_YEAST,xlink,intra-protein xl,AvA_1210_1_2_1.04253.04253.4_AvA_1210_1_2_1.04209.04209.4,598,130,468,AvA_1210_1_2_1_matched,,2086.145,522.544,4,-2.3,2.3,1,9.5,2.49,4.98,0.15,0.4,0.25,0.14,0.11,0.05,334,-2.48978,17.4,0.72,34.18,0
1,KSTSVNVSDGKIK-KVSAGR-a11-b1,sp|P34111|TFC3_YEAST,sp|P34111|TFC3_YEAST,xlink,intra-protein xl,AvA_1210_1_2_1.03474.03474.3_AvA_1210_1_2_1.03449.03449.3,708,715,7,AvA_1210_1_2_1_matched,,2116.185,706.403,3,-0.1,0.1,1,10.34,1.79,3.57,0.32,0.28,0.36,0.24,0.12,0.07,327,-1.56947,30.4,0.6,33.99,0
1,STSVNVSDGKIK-ASDDAISKK-a10-b8,sp|P34111|TFC3_YEAST,sp|P34111|TFC3_YEAST,xlink,intra-protein xl,AvA_1210_1_2_1.04765.04765.4_AvA_1210_1_2_1.04731.04731.4,708,697,11,AvA_1210_1_2_1_matched,,2305.195,577.307,4,-2.7,2.7,2,9.61,2.18,4.36,0.26,0.19,0.35,0.26,0.09,0.06,471,-1.56947,17.7,0.9,32.98,0
1,YAKDINCNSK-ICPVSKQR-a3-b6,sp|Q12308|TFC8_YEAST,sp|Q12308|TFC8_YEAST,xlink,intra-protein xl,AvA_1210_1_2_1.04248.04248.4_AvA_1210_1_2_1.04259.04259.4,46,549,503,AvA_1210_1_2_1_matched,,2336.157,585.047,4,-1.9,1.9,1,9.82,1.04,2.08,0.21,0.37,0.78,0.07,0.71,0.16,127,-2.45073,19.5,0,32.01,0
1,EASNFKVK-GKSYGR-a6-b2,sp|P33339|TFC4_YEAST,sp|P33339|TFC4_YEAST,xlink,intra-protein xl,AvA_1210_1_2_1.03904.03904.4_AvA_1210_1_2_1.03884.03884.4,102,113,11,AvA_1210_1_2_1_matched,,1725.901,432.483,4,-2.1,2.1,1,8.18,2.62,5.25,0.17,0.4,0.3,0.17,0.13,0.06,331,-2.05209,21.8,0.53,31.85,0
1,KNSTKNMK-NTVQKLR-a5-b5,sp|Q06339|TFC6_YEAST,sp|Q06339|TFC6_YEAST,xlink,intra-protein xl,AvA_1210_1_2_1.03000.03000.4_AvA_1210_1_2_1.02977.02977.4,139,130,9,AvA_1210_1_2_1_matched,,1945.075,487.277,4,-1.3,1.3,2,9.49,1.49,2.98,0.29,0.24,0.54,0.06,0.47,0.1,230,-2.48978,21.1,0.74,29.95,0
1,AFTKSSEYYLESVDK-QKENTGGYR-a4-b2,sp|P34111|TFC3_YEAST,sp|P34111|TFC3_YEAST,xlink,intra-protein xl,AvA_1210_1_2_1.06032.06032.4_AvA_1210_1_2_1.06021.06021.4,370,383,13,AvA_1210_1_2_1_matched,,2955.405,739.859,4,-2.9,2.9,1,5.88,2.61,5.21,0.05,0.37,0.27,0.21,0.06,0.05,488,-1.56947,12.8,0.47,28.95,0
1,EASNFKVK-KNDKGK-a6-b1,sp|P33339|TFC4_YEAST,sp|P33339|TFC4_YEAST,xlink,intra-protein xl,AvA_1210_1_2_1.02599.02599.4_AvA_1210_1_2_1.02559.02559.4,102,108,6,AvA_1210_1_2_1_matched,,1747.944,437.994,4,-1.6,1.6,1,7.09,1.79,3.58,0.18,0.31,0.25,0.23,0.02,0.04,289,-2.05209,15.1,0.93,26.84,0
1,QKENTGGYR-IPPNSKK-a2-b6,sp|P34111|TFC3_YEAST,sp|P34111|TFC3_YEAST,xlink,intra-protein xl,AvA_1210_1_2_1.02633.02633.4_AvA_1210_1_2_1.02617.02617.4,383,478,95,AvA_1210_1_2_1_matched,,1972.035,494.017,4,-1.4,1.4,1,6.15,1.49,2.99,0.17,0.34,0.19,0.01,0.17,0.04,297,-1.56947,5.8,0.84,25.69,0
1,GKKSVER-YILKEK-a3-b4,sp|P34111|TFC3_YEAST,sp|P34111|TFC3_YEAST,xlink,intra-protein xl,AvA_1210_1_2_1.03468.03468.4_AvA_1210_1_2_1.03450.03450.4,671,637,34,AvA_1210_1_2_1_matched,,1733.008,434.26,4,-0.5,0.5,1,5.37,0.54,1.07,0.1,0.42,0.03,0,0.03,0.01,16,-1.56947,7.5,0.62,20.07,0.034
1,IYGLNKEK-LLLLAKVK-a6-b6,sp|Q06339|TFC6_YEAST,sp|Q06339|TFC6_YEAST,xlink,intra-protein xl,AvA_1210_1_1_2.08159.08159.4_AvA_1210_1_1_2.08136.08136.4,178,186,8,AvA_1210_1_1_2_matched,,1998.248,500.57,4,-0.7,0.7,1,11.11,1.92,3.83,0.31,0.62,0.51,0.12,0.39,0.09,206,-2.48978,32,0,40.74,0
1,LLHGIKNSSATQK-LLKDLSSAR-a6-b3,sp|Q06339|TFC6_YEAST,sp|Q06339|TFC6_YEAST,xlink,intra-protein xl,AvA_1210_1_1_2.05617.05617.5_AvA_1210_1_1_2.05580.05580.5,591,161,430,AvA_1210_1_1_2_matched,,2535.435,508.095,5,-1.5,1.5,2,9.37,3.25,6.5,0.15,0.54,0.4,0.21,0.19,0.07,505,-2.48978,25.7,0.65,40.34,0
1,ITAKVVDKYEK-KHQVDETLHR-a4-b1,sp|P33339|TFC4_YEAST,sp|P33339|TFC4_YEAST,xlink,intra-protein xl,AvA_1210_1_1_2.03873.03873.4_AvA_1210_1_1_2.03850.03850.4,627,567,60,AvA_1210_1_1_2_matched,,2692.45,674.12,4,-1.9,1.9,3,9.48,2.99,5.98,0.2,0.28,0.39,0.15,0.24,0.07,725,-2.05209,15.8,0.36,39.12,0
1,SGLKGISTMDVVNR-NPAIKIR-a4-b5,sp|P34111|TFC3_YEAST,sp|P34111|TFC3_YEAST,xlink,intra-protein xl,AvA_1210_1_1_2.06941.06941.4_AvA_1210_1_1_2.06925.06925.4,348,252,96,AvA_1210_1_1_2_matched,,2424.351,607.095,4,-0.7,0.7,1,9.85,3.05,6.1,0.2,0.38,0.39,0.31,0.08,0.06,567,-1.56947,18.5,0.39,39.12,0
1,NMKSSSPGSSLGQK-LLKDLSSAR-a3-b3,sp|Q06339|TFC6_YEAST,sp|Q06339|TFC6_YEAST,xlink,intra-protein xl,AvA_1210_1_1_2.05512.05512.4_AvA_1210_1_1_2.05474.05474.4,142,161,19,AvA_1210_1_1_2_matched,,2546.336,637.592,4,-0.4,0.4,2,9.58,3,6,0.16,0.35,0.41,0.26,0.14,0.07,585,-2.48978,14.7,0.71,38.13,0
1,AFTKSSEYYLESVDK-ITGKEFQR-a4-b4,sp|P34111|TFC3_YEAST,sp|P34111|TFC3_YEAST,xlink,intra-protein xl,AvA_1210_1_1_2.06689.06689.4_AvA_1210_1_1_2.06666.06666.4,370,362,8,AvA_1210_1_1_2_matched,,2881.434,721.366,4,-1.5,1.5,1,8.4,3.51,7.03,0.17,0.3,0.32,0.25,0.08,0.05,781,-1.56947,11.2,0.26,38.05,0
1,GDVDLMVESEKLGAR-GKVVNFGGFSAR-a11-b2,sp|P34111|TFC3_YEAST,sp|P34111|TFC3_YEAST,xlink,intra-protein xl,AvA_1210_1_1_2.08556.08556.4_AvA_1210_1_1_2.08536.08536.4,607,538,69,AvA_1210_1_1_2_matched,,2993.525,749.389,4,-1.2,1.2,2,9.69,2.45,4.9,0.2,0.3,0.6,0.39,0.21,0.11,589,-1.56947,12.6,0.26,37.99,0
1,LLKDLSSAR-LLLLAKVK-a3-b6,sp|Q06339|TFC6_YEAST,sp|Q06339|TFC6_YEAST,xlink,intra-protein xl,AvA_1210_1_1_2.08421.08421.4_AvA_1210_1_1_2.08393.08393.4,161,186,25,AvA_1210_1_1_2_matched,,2036.294,510.081,4,-1.7,1.7,1,11.51,1.8,3.59,0.29,0.45,0.67,0.32,0.35,0.12,163,-2.48978,21,0.76,37.61,0
1,AKIDAHGINITCTK-WDYSIKDDKYR-a2-b6,sp|Q06339|TFC6_YEAST,sp|Q06339|TFC6_YEAST,xlink,intra-protein xl,AvA_1210_1_1_2.06491.06491.4_AvA_1210_1_1_2.06471.06471.4,634,610,24,AvA_1210_1_1_2_matched,,3166.57,792.65,4,-1.7,1.7,2,8.59,3.01,6.01,0.18,0.23,0.32,0.15,0.17,0.06,784,-2.48978,18.1,0.34,37.26,0
1,NEIEALKNVGNESIDNVIMDMAK-VPLGKPFSR-a7-b5,sp|P34111|TFC3_YEAST,sp|P34111|TFC3_YEAST,xlink,intra-protein xl,AvA_1210_1_1_2.09694.09694.4_AvA_1210_1_1_2.09717.09717.4,930,1073,143,AvA_1210_1_1_2_matched,,3683.885,921.979,4,-1.4,1.4,3,6.71,2.76,5.53,0.2,0.28,0.42,0.38,0.05,0.06,929,-1.56947,6.2,0.25,37.18,0
1,NMKSSSPGSSLGQK-LLHGIKNSSATQK-a3-b6,sp|Q06339|TFC6_YEAST,sp|Q06339|TFC6_YEAST,xlink,intra-protein xl,AvA_1210_1_1_2.04437.04437.5_AvA_1210_1_1_2.04416.04416.5,142,591,449,AvA_1210_1_1_2_matched,,2940.528,589.113,5,-2.1,2.1,2,8.99,2.56,5.12,0.16,0.31,0.34,0.27,0.07,0.06,639,-2.48978,12,0.42,36.96,0
1,DINCNSKNLFHVK-LLKDLLVDRK-a7-b3,sp|Q12308|TFC8_YEAST,sp|Q12308|TFC8_YEAST,xlink,intra-protein xl,AvA_1210_1_1_2.08052.08052.5_AvA_1210_1_1_2.08031.08031.5,53,5,48,AvA_1210_1_1_2_matched,,2937.608,588.529,5,-1.1,1.1,3,11.41,1.66,3.31,0.2,0.41,0.63,0.35,0.29,0.12,193,-2.45073,28.1,0.46,36.7,0
1,TTVVVENTKEDK-KVSAGR-a9-b1,sp|P34111|TFC3_YEAST,sp|P34111|TFC3_YEAST,xlink,intra-protein xl,AvA_1210_1_1_2.03365.03365.4_AvA_1210_1_1_2.03349.03349.4,729,715,14,AvA_1210_1_1_2_matched,,2116.131,530.041,4,-2.8,2.8,1,9.16,2.65,5.29,0.19,0.4,0.56,0.41,0.15,0.1,469,-1.56947,17,0.57,36.63,0
1,DLSKSQSDDYIR-VPLGKPFSR-a4-b5,sp|P34111|TFC3_YEAST,sp|P34111|TFC3_YEAST,xlink,intra-protein xl,AvA_1210_1_1_2.06793.06793.4_AvA_1210_1_1_2.06762.06762.4,900,1073,173,AvA_1210_1_1_2_matched,,2563.326,641.839,4,-1,1,1,9.56,2.5,5,0.2,0.37,0.37,0.31,0.06,0.06,442,-1.56947,20.3,0.36,36.04,0
1,IPSLELPLNVSTKHSSIQK-VTMPKGTLSK-a13-b5,sp|P32367|TFC1_YEAST,sp|P32367|TFC1_YEAST,xlink,intra-protein xl,AvA_1210_1_1_2.07737.07737.5_AvA_1210_1_1_2.07716.07716.5,48,123,75,AvA_1210_1_1_2_matched,,3288.842,658.776,5,1.7,1.7,3,11.14,1.52,3.04,0.24,0.3,0.61,0.11,0.5,0.15,261,-2.11461,11.4,0.65,35.51,0
1,LLKDLSSAR-NTVQKLR-a3-b5,sp|Q06339|TFC6_YEAST,sp|Q06339|TFC6_YEAST,xlink,intra-protein xl,AvA_1210_1_1_2.05705.05705.4_AvA_1210_1_1_2.05684.05684.4,161,130,31,AvA_1210_1_1_2_matched,,1997.161,500.298,4,-1.1,1.1,1,10.01,2.31,4.61,0.22,0.39,0.46,0.25,0.21,0.08,306,-2.48978,26.5,0.65,35.27,0
1,RLLHGIKNSSATQK-LLKDLSSAR-a7-b3,sp|Q06339|TFC6_YEAST,sp|Q06339|TFC6_YEAST,xlink,intra-protein xl,AvA_1210_1_1_2.05289.05289.4_AvA_1210_1_1_2.05240.05240.4,591,161,430,AvA_1210_1_1_2_matched,,2691.543,673.894,4,1.3,1.3,2,9.57,2.45,4.89,0.22,0.37,0.53,0.08,0.45,0.12,351,-2.48978,18.1,0.28,35.1,0
1,SSNDTSDISSKPLLEDSKFR-KHQVDETLHR-a18-b1,sp|P33339|TFC4_YEAST,sp|P33339|TFC4_YEAST,xlink,intra-protein xl,AvA_1210_1_1_2.05625.05625.4_AvA_1210_1_1_2.05587.05587.4,599,567,32,AvA_1210_1_1_2_matched,,3624.794,907.206,4,-2.3,2.3,3,8.05,2.57,5.14,0.21,0.18,0.41,0.21,0.2,0.08,757,-2.05209,9.2,0.29,34.86,0
1,CYKEIESYETAK-KFVGILR-a3-b1,sp|P33339|TFC4_YEAST,sp|P33339|TFC4_YEAST,xlink,intra-protein xl,AvA_1210_1_1_2.07104.07104.4_AvA_1210_1_1_2.07078.07078.4,513,678,165,AvA_1210_1_1_2_matched,,2489.284,623.329,4,-1.5,1.5,1,7.93,2.95,5.89,0.14,0.26,0.29,0.21,0.09,0.05,644,-2.05209,16.1,0.49,33.83,0
1,IYDFEGKKK-CVKYVK-a7-b3,sp|P34111|TFC3_YEAST,sp|P34111|TFC3_YEAST,xlink,intra-protein xl,AvA_1210_1_1_2.04794.04794.4_AvA_1210_1_1_2.04774.04774.4,400,257,143,AvA_1210_1_1_2_matched,,2060.1,516.033,4,-0.9,0.9,1,10.5,1.53,3.06,0.26,0.26,0.63,0.47,0.15,0.11,291,-1.56947,27.5,0.61,33.4,0
1,ITKLFPNNSLDNLK-TTVVVENTKEDK-a3-b9,sp|P34111|TFC3_YEAST,sp|P34111|TFC3_YEAST,xlink,intra-protein xl,AvA_1210_1_1_2.07245.07245.4_AvA_1210_1_1_2.07222.07222.4,767,729,38,AvA_1210_1_1_2_matched,,3115.661,779.923,4,-1.3,1.3,1,9.1,1.77,3.54,0.15,0.19,0.54,0.18,0.36,0.1,530,-1.56947,12,0.77,33.32,0
1,KHQVDETLHR-VVDKYEK-a1-b4,sp|P33339|TFC4_YEAST,sp|P33339|TFC4_YEAST,xlink,intra-protein xl,AvA_1210_1_1_2.03324.03324.4_AvA_1210_1_1_2.03306.03306.4,567,631,64,AvA_1210_1_1_2_matched,,2279.185,570.804,4,-2.7,2.7,2,10.21,1.09,2.18,0.21,0.34,0.66,0.06,0.59,0.14,154,-2.05209,19.8,0.74,32.39,0
1,KSTSVNVSDGK-KVSAGR-a1-b1,sp|P34111|TFC3_YEAST,sp|P34111|TFC3_YEAST,xlink,intra-protein xl,AvA_1210_1_1_2.02703.02703.3_AvA_1210_1_1_2.02682.02682.3,698,715,17,AvA_1210_1_1_2_matched,,1875.001,626.008,3,-2.5,2.5,1,7.71,2.54,5.09,0.22,0.46,0.27,0.21,0.06,0.05,348,-1.56947,21.4,0.55,32.31,0
1,KFNTELDFQIER-VVDKYEK-a1-b4,sp|P33339|TFC4_YEAST,sp|P33339|TFC4_YEAST,xlink,intra-protein xl,AvA_1210_1_1_2.07155.07155.4_AvA_1210_1_1_2.07150.07150.4,688,631,57,AvA_1210_1_1_2_matched,,2556.311,640.086,4,0,0,1,7.9,2.69,5.39,0.2,0.28,0.43,0.43,0,0.06,522,-2.05209,26.9,0.94,32.27,0
1,SSNDTSDISSKPLLEDSKFR-KRTPYDAER-a18-b1,sp|P33339|TFC4_YEAST,sp|P33339|TFC4_YEAST,xlink,intra-protein xl,AvA_1210_1_1_2.05939.05939.4_AvA_1210_1_1_2.05919.05919.4,599,607,8,AvA_1210_1_1_2_matched,,3497.71,875.435,4,-5.1,5.1,1,6.99,2.77,5.54,0.27,0.22,0.46,0.38,0.09,0.07,671,-2.05209,6.8,0.6,32.09,0
1,NMKSSSPGSSLGQK-RNTVQKLR-a3-b6,sp|Q06339|TFC6_YEAST,sp|Q06339|TFC6_YEAST,xlink,intra-protein xl,AvA_1210_1_1_2.03956.03956.4_AvA_1210_1_1_2.03933.03933.4,142,130,12,AvA_1210_1_1_2_matched,,2558.358,640.597,4,-0.8,0.8,1,7.51,2.04,4.09,0.25,0.3,0.41,0.4,0.01,0.06,526,-2.48978,12.3,0.5,32.04,0
1,VKEGFETSVFDFPFK-IYGLNKEK-a2-b6,sp|Q06339|TFC6_YEAST,sp|Q06339|TFC6_YEAST,xlink,intra-protein xl,AvA_1210_1_1_2.09154.09154.4_AvA_1210_1_1_2.09150.09150.4,188,178,10,AvA_1210_1_1_2_matched,,2877.473,720.376,4,-4,4,2,9.66,1.42,2.83,0.23,0.3,0.34,0.28,0.06,0.05,293,-2.48978,11.4,0.39,32.03,0
1,TDLKTLNEDNFVALNNTVR-RSKNGIR-a4-b3,sp|P34111|TFC3_YEAST,sp|P34111|TFC3_YEAST,xlink,intra-protein xl,AvA_1210_1_1_2.06437.06437.5_AvA_1210_1_1_2.06442.06442.5,439,200,239,AvA_1210_1_1_2_matched,,3143.658,629.739,5,-3.5,3.5,2,7.83,1.78,3.56,0.15,0.26,0.36,0.33,0.03,0.05,544,-1.56947,6.6,0.45,31.73,0
1,AFTKSSEYYLESVDK-CVKYVK-a4-b3,sp|P34111|TFC3_YEAST,sp|P34111|TFC3_YEAST,xlink,intra-protein xl,AvA_1210_1_1_2.06439.06439.4_AvA_1210_1_1_2.06417.06417.4,370,257,113,AvA_1210_1_1_2_matched,,2699.334,675.841,4,-2.5,2.5,1,7.44,2.45,4.9,0.21,0.2,0.25,0.23,0.02,0.04,635,-1.56947,15.5,0.3,31.4,0.024
1,SSSPGSSLGQKGRPIR-DIATTKTTVSR-a11-b6,sp|Q06339|TFC6_YEAST,sp|Q06339|TFC6_YEAST,xlink,intra-protein xl,AvA_1210_1_1_2.04832.04832.4_AvA_1210_1_1_2.04798.04798.4,153,503,350,AvA_1210_1_1_2_matched,,2942.569,736.65,4,-3.3,3.3,1,9.13,2.3,4.6,0.26,0.23,0.53,0.1,0.42,0.11,351,-2.48978,36.4,0.7,31.33,0.023
1,LSKLAEGDSVFEGPLMEER-ITAKVVDKYEK-a3-b4,sp|P33339|TFC4_YEAST,sp|P33339|TFC4_YEAST,xlink,intra-protein xl,AvA_1210_1_1_2.07692.07692.4_AvA_1210_1_1_2.07675.07675.4,702,627,75,AvA_1210_1_1_2_matched,,3536.835,885.217,4,0.8,0.8,1,7.38,1.81,3.63,0.19,0.29,0.44,0.42,0.02,0.06,481,-2.05209,11.4,0.39,30.8,0.022
1,IPSLELPLNVSTKHSSIQK-AIKMCGGIEK-a13-b3,sp|P32367|TFC1_YEAST,sp|P32367|TFC1_YEAST,xlink,intra-protein xl,AvA_1210_1_1_2.07702.07702.5_AvA_1210_1_1_2.07700.07700.5,48,57,9,AvA_1210_1_1_2_matched,,3333.798,667.768,5,-1.7,1.7,1,9.49,2.05,4.1,0.13,0.27,0.28,0.15,0.13,0.05,285,-2.11461,8.5,0.43,30.59,0.022
1,RQVKNSTNASVAGNISNPK-RIKLEQHVSTAQEPK-a4-b3,sp|P34111|TFC3_YEAST,sp|P34111|TFC3_YEAST,xlink,intra-protein xl,AvA_1210_1_1_2.03903.03903.5_AvA_1210_1_1_2.03928.03928.5,491,509,18,AvA_1210_1_1_2_matched,,3885.069,778.022,5,-3.3,3.3,1,7.06,1.95,3.9,0.12,0.24,0.36,0.22,0.14,0.07,565,-1.56947,7.9,0.65,30.26,0.021
1,LLHGIKNSSATQK-NTVQKLR-a6-b5,sp|Q06339|TFC6_YEAST,sp|Q06339|TFC6_YEAST,xlink,intra-protein xl,AvA_1210_1_1_2.04522.04522.4_AvA_1210_1_1_2.04501.04501.4,591,130,461,AvA_1210_1_1_2_matched,,2391.352,598.846,4,-3.4,3.4,1,9.14,1.66,3.33,0.24,0.25,0.46,0.06,0.41,0.11,267,-2.48978,27.6,0.65,30.12,0.021
1,SSSPGSSLGQKGRPIR-RNTVQKLR-a11-b6,sp|Q06339|TFC6_YEAST,sp|Q06339|TFC6_YEAST,xlink,intra-protein xl,AvA_1210_1_1_2.04110.04110.4_AvA_1210_1_1_2.04089.04089.4,153,130,23,AvA_1210_1_1_2_matched,,2764.532,692.141,4,-3.6,3.6,1,8.39,2.87,5.74,0.15,0.13,0.2,0.11,0.1,0.04,542,-2.48978,11.9,0.59,30.06,0.02
1,NSTNASVAGNISNPKR-GKVVNFGGFSAR-a15-b2,sp|P34111|TFC3_YEAST,sp|P34111|TFC3_YEAST,xlink,intra-protein xl,AvA_1210_1_1_2.06682.06682.4_AvA_1210_1_1_2.06627.06627.4,506,538,32,AvA_1210_1_1_2_matched,,3004.543,752.144,4,-1.7,1.7,1,6.88,2.1,4.2,0.2,0.16,0.22,0.1,0.12,0.04,645,-1.56947,7.7,0.32,29.71,0.02
1,DNKMLTNLDSK-VIDIKR-a3-b5,sp|Q12308|TFC8_YEAST,sp|Q12308|TFC8_YEAST,xlink,intra-protein xl,AvA_1210_1_1_2.06580.06580.3_AvA_1210_1_1_2.06535.06535.3,116,556,440,AvA_1210_1_1_2_matched,,2158.159,720.394,3,-3.4,3.4,1,7.93,2.06,4.13,0.25,0.21,0.27,0.18,0.09,0.05,449,-2.45073,20.9,0.18,29.31,0.02
1,TTVVVENTKEDKTVYHAGTK-KVSAGR-a12-b1,sp|P34111|TFC3_YEAST,sp|P34111|TFC3_YEAST,xlink,intra-protein xl,AvA_1210_1_1_2.03572.03572.4_AvA_1210_1_1_2.03556.03556.4,732,715,17,AvA_1210_1_1_2_matched,,2973.57,744.4,4,-2.6,2.6,1,7.76,1.05,2.11,0.25,0.27,0.59,0.58,0.01,0.07,367,-1.56947,10.1,0.7,29.28,0.019
1,EIKRPLFLYK-KFTLVR-a3-b1,sp|P34111|TFC3_YEAST,sp|P34111|TFC3_YEAST,xlink,intra-protein xl,AvA_1210_1_1_2.07893.07893.4_AvA_1210_1_1_2.07891.07891.4,839,854,15,AvA_1210_1_1_2_matched,,2206.326,552.589,4,0.9,0.9,1,7.7,2.5,4.99,0.11,0.33,0.32,0.06,0.26,0.07,329,-1.56947,20.6,0.85,29.26,0.019
1,IYDFEGKK-CVKYVK-a7-b3,sp|P34111|TFC3_YEAST,sp|P34111|TFC3_YEAST,xlink,intra-protein xl,AvA_1210_1_1_2.05478.05478.4_AvA_1210_1_1_2.05454.05454.4,400,257,143,AvA_1210_1_1_2_matched,,1932.003,484.009,4,-1.9,1.9,1,8.77,1.34,2.68,0.28,0.29,0.45,0.42,0.03,0.07,216,-1.56947,25,0.56,29.1,0.019
1,ITKLFPNNSLDNLK-KVSAGR-a3-b1,sp|P34111|TFC3_YEAST,sp|P34111|TFC3_YEAST,xlink,intra-protein xl,AvA_1210_1_1_2.06706.06706.4_AvA_1210_1_1_2.06699.06699.4,767,715,52,AvA_1210_1_1_2_matched,,2370.323,593.588,4,-2,2,1,6.23,2.18,4.35,0.13,0.31,0.31,0.27,0.04,0.05,504,-1.56947,14.4,0.68,28.82,0.018
1,LLKDLSSAR-RNTVQKLR-a3-b6,sp|Q06339|TFC6_YEAST,sp|Q06339|TFC6_YEAST,xlink,intra-protein xl,AvA_1210_1_1_2.05222.05222.4_AvA_1210_1_1_2.05204.05204.4,161,130,31,AvA_1210_1_1_2_matched,,2153.262,539.323,4,-1.2,1.2,1,7.5,1.87,3.74,0.24,0.33,0.38,0.38,0.01,0.07,283,-2.48978,20.3,0.51,28.26,0.036
1,NMKSSSPGSSLGQK-RLLHGIKNSSATQK-a3-b7,sp|Q06339|TFC6_YEAST,sp|Q06339|TFC6_YEAST,xlink,intra-protein xl,AvA_1210_1_1_2.04207.04207.5_AvA_1210_1_1_2.04193.04193.5,142,591,449,AvA_1210_1_1_2_matched,,3096.636,620.335,5,0.2,0.2,2,7.41,1.91,3.82,0.11,0.22,0.32,0.29,0.04,0.06,391,-2.48978,7.3,0.43,27.38,0.049
1,SSSPGSSLGQKGRPIR-LLKDLSSAR-a11-b3,sp|Q06339|TFC6_YEAST,sp|Q06339|TFC6_YEAST,xlink,intra-protein xl,AvA_1210_1_1_2.05491.05491.5_AvA_1210_1_1_2.05470.05470.5,153,161,8,AvA_1210_1_1_2_matched,,2752.518,551.511,5,-0.6,0.6,1,8.45,1.85,3.69,0.15,0.22,0.44,0.25,0.19,0.08,251,-2.48978,15.7,0.65,27.34,0.049
1,SGEKGINTMDLAQVTGQDPR-KINHLLTSSQLIYK-a4-b1,sp|P34111|TFC3_YEAST,sp|P34111|TFC3_YEAST,xlink,intra-protein xl,AvA_1210_1_1_2.07813.07813.4_AvA_1210_1_1_2.07811.07811.4,123,147,24,AvA_1210_1_1_2_matched,,3911.078,978.777,4,8.1,8.1,1,5.06,1.64,3.28,0.1,0.22,0.23,0.2,0.03,0.04,660,-1.56947,2.8,0.37,27.31,0.049
1,NVPKPPPLVFESDTPGGIDSR-KLLSSPIVKK-a4-b9,sp|P32367|TFC1_YEAST,sp|P32367|TFC1_YEAST,xlink,intra-protein xl,AvA_1210_1_1_2.07912.07912.4_AvA_1210_1_1_2.07826.07826.4,408,403,5,AvA_1210_1_1_2_matched,,3470.939,868.742,4,-0.1,0.1,1,6.8,1.39,2.79,0.18,0.13,0.46,0.45,0.01,0.06,549,-2.11461,4.9,0.4,27.29,0.048
1,TTVVVENTKEDKTVYHAGTK-ITKLFPNNSLDNLK-a12-b3,sp|P34111|TFC3_YEAST,sp|P34111|TFC3_YEAST,xlink,intra-protein xl,AvA_1210_1_1_2.06583.06583.5_AvA_1210_1_1_2.06549.06549.5,732,767,35,AvA_1210_1_1_2_matched,,3973.092,795.626,5,-3.3,3.3,1,5.71,1.02,2.04,0.1,0.17,0.33,0.11,0.22,0.07,301,-1.56947,5.2,0.62,21.35,0.049
1,YMGSTTTLDKK-KVSAGR-a10-b1,sp|P34111|TFC3_YEAST,sp|P34111|TFC3_YEAST,xlink,intra-protein xl,AvA_1210_1_1_2.03895.03895.4_AvA_1210_1_1_2.03874.03874.4,592,715,123,AvA_1210_1_1_2_matched,,1998.041,500.518,4,-2.3,2.3,1,6.37,1.19,2.39,0.19,0.17,0.41,0.39,0.03,0.06,179,-1.56947,22.3,0.6,20.57,0.035
1,TVIPSQAHEQVLYDFEVAKK-TKVYPGTK-a19-b2,sp|P32367|TFC1_YEAST,sp|P32367|TFC1_YEAST,xlink,intra-protein xl,AvA_1210_1_1_2.07240.07240.5_AvA_1210_1_1_2.07216.07216.5,297,300,3,AvA_1210_1_1_2_matched,,3331.768,667.361,5,-0.8,0.8,2,5.93,0.57,1.13,0.21,0.14,0.81,0.8,0.01,0.1,201,-2.11461,4.4,0.42,20.09,0.035
1,LFPNNSLDNLKK-LFPNNSLDNLKK-a11-b11,sp|P34111|TFC3_YEAST,sp|P34111|TFC3_YEAST,xlink,intra-protein xl,AvA_1210_1_1_2.05171.05171.4_AvA_1210_1_1_2.05551.05551.4,778,778,0,AvA_1210_1_1_2_matched,,2941.62,736.413,4,9.6,9.6,1,5.75,1.49,2.98,0.1,0.21,0.16,0.08,0.08,0.03,196,-1.56947,5.2,0.46,20.06,0.035
1,SAEDSPSSNGGTVVKGK-GDVDLMVESEKLGAR-a15-b11,sp|P34111|TFC3_YEAST,sp|P34111|TFC3_YEAST,xlink,intra-protein xl,AvA_1210_1_1_1.06681.06681.4_AvA_1210_1_1_1.06653.06653.4,536,607,71,AvA_1210_1_1_1_matched,,3374.646,844.669,4,-1.5,1.5,1,9.56,2.33,4.66,0.24,0.26,0.34,0.15,0.2,0.06,551,-1.56947,7.6,0.49,35.69,0.043
1,CYKEIESYETAK-TTDVFKPLAR-a3-b6,sp|P33339|TFC4_YEAST,sp|P33339|TFC4_YEAST,xlink,intra-protein xl,AvA_1210_1_1_1.07002.07002.3_AvA_1210_1_1_1.06982.06982.3,513,506,7,AvA_1210_1_1_1_matched,,2804.393,935.806,3,-0.4,0.4,2,8.59,2.4,4.8,0.26,0.24,0.46,0.13,0.34,0.09,536,-2.05209,21.8,0.87,33.47,0.032
1,IKASDDAISKK-EKDSKK-a2-b5,sp|P34111|TFC3_YEAST,sp|P34111|TFC3_YEAST,xlink,intra-protein xl,AvA_1210_1_1_1.01854.01854.4_AvA_1210_1_1_1.01666.01666.4,689,642,47,AvA_1210_1_1_1_matched,,2046.117,512.537,4,-1.7,1.7,1,7.87,3.21,6.42,0.14,0.44,0.32,0.21,0.11,0.06,386,-1.56947,12.9,0.86,32.85,0.029
1,SSNDTSDISSKPLLEDSKFR-KHQVDETLHR-a11-b1,sp|P33339|TFC4_YEAST,sp|P33339|TFC4_YEAST,xlink,intra-protein xl,AvA_1210_1_1_1.05626.05626.6_AvA_1210_1_1_1.05515.05515.6,592,567,25,AvA_1210_1_1_1_matched,,3624.781,605.138,6,-5.8,5.8,1,7.34,1.86,3.73,0.15,0.39,0.38,0.34,0.04,0.06,491,-2.05209,11.2,0.33,32.74,0.029
1,NMKSSSPGSSLGQK-DIATTKTTVSR-a3-b6,sp|Q06339|TFC6_YEAST,sp|Q06339|TFC6_YEAST,xlink,intra-protein xl,AvA_1210_1_1_1.04733.04733.4_AvA_1210_1_1_1.04702.04702.4,142,503,361,AvA_1210_1_1_1_matched,,2736.391,685.105,4,-2.1,2.1,1,8.59,2.07,4.14,0.18,0.29,0.47,0.17,0.3,0.09,441,-2.48978,18.8,0.39,32.68,0.027
1,SSSPGSSLGQKGRPIR-NSTKNMK-a11-b4,sp|Q06339|TFC6_YEAST,sp|Q06339|TFC6_YEAST,xlink,intra-protein xl,AvA_1210_1_1_1.03620.03620.4_AvA_1210_1_1_1.03579.03579.4,153,139,14,AvA_1210_1_1_1_matched,,2572.334,644.091,4,-2,2,1,9.91,1.29,2.58,0.26,0.24,0.57,0.49,0.07,0.09,343,-2.48978,13.2,0.66,32.57,0.026
1,SSSPGSSLGQKGRPIR-NSSATQKSLR-a11-b7,sp|Q06339|TFC6_YEAST,sp|Q06339|TFC6_YEAST,xlink,intra-protein xl,AvA_1210_1_1_1.04133.04133.4_AvA_1210_1_1_1.04110.04110.4,153,598,445,AvA_1210_1_1_1_matched,,2841.497,711.382,4,-2.9,2.9,1,9.86,1.52,3.05,0.2,0.29,0.45,0.16,0.29,0.09,293,-2.48978,21.7,0.47,32.49,0.025
1,SSSPGSSLGQKGRPIR-NTVQKLR-a11-b5,sp|Q06339|TFC6_YEAST,sp|Q06339|TFC6_YEAST,xlink,intra-protein xl,AvA_1210_1_1_1.04443.04443.4_AvA_1210_1_1_1.04404.04404.4,153,130,23,AvA_1210_1_1_1_matched,,2608.438,653.117,4,-1.1,1.1,1,10.26,1.74,3.48,0.16,0.22,0.35,0.14,0.22,0.08,331,-2.48978,15.2,0.47,32.26,0.024
1,EFEDWKNNLTWAR-KITDLK-a6-b1,sp|Q12308|TFC8_YEAST,sp|Q12308|TFC8_YEAST,xlink,intra-protein xl,AvA_1210_1_1_1.08344.08344.4_AvA_1210_1_1_1.08323.08323.4,18,228,210,AvA_1210_1_1_1_matched,,2562.307,641.585,4,-1.9,1.9,1,9.01,2.39,4.79,0.13,0.32,0.32,0.22,0.1,0.06,337,-2.45073,19.2,0.36,31.67,0.022
1,RLLHGIKNSSATQK-NSTKNMK-a7-b4,sp|Q06339|TFC6_YEAST,sp|Q06339|TFC6_YEAST,xlink,intra-protein xl,AvA_1210_1_1_1.03320.03320.4_AvA_1210_1_1_1.03292.03292.4,591,139,452,AvA_1210_1_1_1_matched,,2511.343,628.844,4,-6.4,6.4,1,7.13,2.42,4.83,0.16,0.26,0.21,0.09,0.12,0.05,593,-2.48978,13.3,0.6,31.16,0.022
1,RLLHGIKNSSATQK-NTVQKLR-a7-b5,sp|Q06339|TFC6_YEAST,sp|Q06339|TFC6_YEAST,xlink,intra-protein xl,AvA_1210_1_1_1.04263.04263.5_AvA_1210_1_1_1.04214.04214.5,591,130,461,AvA_1210_1_1_1_matched,,2547.451,510.498,5,-4,4,1,9.19,1.83,3.65,0.11,0.32,0.28,0.09,0.19,0.06,277,-2.48978,8.9,0.65,30.94,0.02
1,IKASDDAISKK-YILKEK-a2-b4,sp|P34111|TFC3_YEAST,sp|P34111|TFC3_YEAST,xlink,intra-protein xl,AvA_1210_1_1_1.04176.04176.4_AvA_1210_1_1_1.04137.04137.4,689,637,52,AvA_1210_1_1_1_matched,,2105.195,527.307,4,-1.7,1.7,1,8.43,1.48,2.95,0.19,0.43,0.35,0.1,0.25,0.08,206,-1.56947,17.3,0.72,30.94,0.02
1,NSTNASVAGNISNPKR-IKLEQHVSTAQEPK-a15-b2,sp|P34111|TFC3_YEAST,sp|P34111|TFC3_YEAST,xlink,intra-protein xl,AvA_1210_1_1_1.04566.04566.4_AvA_1210_1_1_1.04624.04624.4,506,509,3,AvA_1210_1_1_1_matched,,3373.751,844.446,4,-2.2,2.2,2,7.72,1.77,3.53,0.18,0.25,0.68,0.53,0.15,0.12,457,-1.56947,12.5,0.4,30.78,0.02
1,LLKDLSSAR-KNSTKNMK-a3-b5,sp|Q06339|TFC6_YEAST,sp|Q06339|TFC6_YEAST,xlink,intra-protein xl,AvA_1210_1_1_1.04237.04237.4_AvA_1210_1_1_1.04202.04202.4,161,139,22,AvA_1210_1_1_1_matched,,2089.152,523.296,4,-2,2,1,8.17,2.13,4.27,0.3,0.3,0.35,0.31,0.05,0.06,355,-2.48978,22.5,0.95,30.34,0.038
1,ISNEKSSNDTSDISSKPLLEDSK-KHQVDETLHR-a5-b1,sp|P33339|TFC4_YEAST,sp|P33339|TFC4_YEAST,xlink,intra-protein xl,AvA_1210_1_1_1.04403.04403.6_AvA_1210_1_1_1.04493.04493.6,581,567,14,AvA_1210_1_1_1_matched,,3892.925,649.829,6,-0.9,0.9,2,6.25,1.8,3.61,0.08,0.22,0.25,0.2,0.05,0.04,690,-2.05209,6.6,0.35,30.18,0.037
1,AFTKSSEYYLESVDK-GHVVKQLK-a4-b5,sp|P34111|TFC3_YEAST,sp|P34111|TFC3_YEAST,xlink,intra-protein xl,AvA_1210_1_1_1.06019.06019.4_AvA_1210_1_1_1.05971.05971.4,370,165,205,AvA_1210_1_1_1_matched,,2811.459,703.873,4,-3.6,3.6,1,7.28,2.06,4.11,0.18,0.32,0.17,0.15,0.02,0.03,424,-1.56947,6.4,0.31,29.51,0.036
1,SAEDSPSSNGGTVVKGK-AILKVMNTIGGVAYLR-a15-b4,sp|P34111|TFC3_YEAST,sp|P34111|TFC3_YEAST,xlink,intra-protein xl,AvA_1210_1_1_1.08470.08470.4_AvA_1210_1_1_1.08458.08458.4,536,561,25,AvA_1210_1_1_1_matched,,3474.842,869.718,4,0.8,0.8,1,8.45,1.8,3.6,0.14,0.15,0.37,0.16,0.21,0.07,454,-1.56947,5.8,0.58,29.22,0.035
1,LSKLAEGDSVFEGPLMEER-VVDKYEK-a3-b4,sp|P33339|TFC4_YEAST,sp|P33339|TFC4_YEAST,xlink,intra-protein xl,AvA_1210_1_1_1.07929.07929.3_AvA_1210_1_1_1.07915.07915.3,702,631,71,AvA_1210_1_1_1_matched,,3123.561,1042.195,3,-2.5,2.5,1,6.07,1.35,2.69,0.12,0.32,0.47,0.46,0.01,0.06,503,-2.05209,11.8,0.11,28.9,0.034
1,LFTAQNFQKLTNAEDEISVPK-QKENTGGYR-a9-b2,sp|P34111|TFC3_YEAST,sp|P34111|TFC3_YEAST,xlink,intra-protein xl,AvA_1210_1_1_1.08004.08004.4_AvA_1210_1_1_1.08016.08016.4,414,383,31,AvA_1210_1_1_1_matched,,3581.793,896.456,4,-2.1,2.1,1,6.65,2.09,4.19,0.15,0.17,0.24,0.18,0.06,0.04,594,-1.56947,9.8,0.41,28.4,0.033
1,NEIEALKNVGNESIDNVIMDMAK-DLSKSQSDDYIR-a7-b4,sp|P34111|TFC3_YEAST,sp|P34111|TFC3_YEAST,xlink,intra-protein xl,AvA_1210_1_1_1.09569.09569.4_AvA_1210_1_1_1.09568.09568.4,930,900,30,AvA_1210_1_1_1_matched,,4109.965,1028.499,4,-2.9,2.9,1,6.36,1.6,3.2,0.08,0.23,0.28,0.15,0.13,0.06,513,-1.56947,7.7,0.18,27.7,0.049
