No.,Id,Protein1,Protein2,XLType,AbsPos1,AbsPos2,deltaAA,Distance,Mr,M.z,z,Error_rel,ld-Score,MS2
1,IIVEADEKK-IKEIINASK-a8-b2,C128,C160,inter-protein xl,212,1127,915,22.1,2196.255,550.072,4,-2.9,41.2,5
2,MFILSKIADLVR-MKVLEER-a6-b2,C25,C17,inter-protein xl,6,2,4,9.2,2446.371,612.601,4,0.9,41.15,5
3,LNSFKLFK-YSDKYLK-a5-b4,C17,C31,inter-protein xl,114,111,3,,2049.117,513.287,4,-0.6,40.15,5
4,VLKKPNR-TIKAR-a3-b3,C128,C34,inter-protein xl,408,111,297,,1578.994,395.756,4,0.1,39.45,4
5,LYFDVNEKIR-VKLEEESK-a8-b2,C25,C53,inter-protein xl,145,51,94,,2394.271,599.576,4,1.1,38.99,3
6,AQVVTMSVKSVNDPSQNR-VKTMR-a9-b2,C37,C128,inter-protein xl,217,310,93,,2730.409,911.144,3,-2.6,38.57,4
7,ISSQFEKSR-GKQGR-a7-b2,C128,C160,inter-protein xl,479,360,119,21.7,1762.927,441.74,4,-3.1,38.09,3
8,LKESQLPR-KEKLK-a2-b3,ABC27,C82,inter-protein xl,171,594,423,,1752.059,585.027,3,4.6,37.8,4
9,YNKVCR-VKLGR-a3-b2,ABC14.5,AC40,inter-protein xl,22,290,268,13.5,1547.859,516.961,3,-0.8,37.73,5
10,HVKDEAFDDLLKPVYKGK-MILTHVDLIEKFLR-a16-b11,C128,ABC10beta,inter-protein xl,30,59,29,,3966.181,662.038,6,3,37.53,9
11,EGLVDTAVKTAETGYMSR-KVSGPR-a9-b1,C160,C128,inter-protein xl,878,482,396,9.2,2707.384,903.469,3,-0.4,37.49,3
12,VGSVTAQVYKIALR-KNVFYAPNVK-a10-b1,C82,C34,inter-protein xl,313,204,109,,2820.583,941.202,3,-2.6,37.45,4
13,LYFDVNEKIR-KSKEER-a8-b3,C25,C53,inter-protein xl,145,40,105,,2209.171,553.301,4,-1.6,37.36,4
14,MFILSKIADLVR-TLKEK-a6-b3,C25,ABC23,inter-protein xl,6,70,64,20,2160.264,541.074,4,2,37.34,3
15,HVKDEAFDDLLKPVYK-MILTHVDLIEKFLR-a12-b11,C128,ABC10beta,inter-protein xl,26,59,33,42.1,3781.064,757.221,5,2.8,37.28,8
16,KQEDAR-YVKSVK-a1-b3,C37,C34,inter-protein xl,194,135,59,,1605.871,402.476,4,-0.8,37.23,5
17,LYFDVNEKIR-DAEKSGISK-a8-b4,C25,C17,inter-protein xl,145,92,53,,2367.239,592.817,4,2.8,37.15,7
18,LKIQASDVNIIGK-NGKIYLK-a2-b3,C160,C128,inter-protein xl,1216,239,977,29.1,2370.389,593.605,4,0.3,36.94,4
19,KTHIHK-LGLKR-a1-b4,C128,ABC10beta,inter-protein xl,9,42,33,,1485.913,372.486,4,-0.7,36.68,4
20,GLKDLMDLCDVVESK-NKAEYLKNCPITQ-a3-b7,AC19,AC40,inter-protein xl,122,329,207,7.8,3436.693,1146.572,3,-0.1,36.42,10
21,TMKTFVIHIQEK-HYKNIPR-a3-b3,ABC27,C82,inter-protein xl,94,224,130,,2538.375,508.683,5,-1.2,36.34,4
22,VRHEDVETVKR-KQEDAR-a10-b1,C53,C37,inter-protein xl,216,194,22,,2250.173,451.042,5,0.4,36.27,5
23,KDTVSR-LGLKR-a1-b4,AC40,ABC10beta,inter-protein xl,272,42,230,24.5,1427.845,476.956,3,-0.7,36.27,4
24,LVSEKIINSTALMK-SVKFPTR-a5-b3,C82,C34,inter-protein xl,520,141,379,,2517.427,630.365,4,1.2,36.25,3
25,VRHEDVETVKR-VVKGR-a10-b3,C53,C160,inter-protein xl,216,1158,942,,2062.158,413.439,5,-3.2,35.76,3
26,IKEIINASK-KVSGPR-a2-b1,C160,C128,inter-protein xl,1127,482,645,14.9,1795.055,449.772,4,-0.8,35.75,3
27,AQVVTMSVKSVNDPSQNR-LVKQNDELK-a9-b3,C37,C34,inter-protein xl,217,65,152,,3182.667,1061.897,3,2.1,35.73,6
28,NAFLSDYEVLKFLTDLEK-DLVPKR-a11-b5,C17,C160,inter-protein xl,18,1444,1426,,3008.612,753.161,4,0.3,35.65,4
29,VRHEDVETVKR-KKLPR-a10-b2,C53,C11,inter-protein xl,216,45,171,,2145.242,430.056,5,1.9,35.4,3
30,LKESQLPR-TLKEK-a2-b3,ABC27,ABC23,inter-protein xl,171,70,101,,1725.001,432.258,4,-1.4,35.28,3
31,KPAEHPFISAAR-VRHEDVETVKR-a1-b10,C37,C53,inter-protein xl,100,216,116,,2827.512,566.51,5,1.1,35.07,4
32,KPAEHPFISAAR-KMNNKPER-a1-b1,C37,C53,inter-protein xl,100,296,196,,2476.302,620.083,4,0.4,34.84,4
33,TNLHQHVVLKCLK-VLKKPNR-a10-b3,C34,C128,inter-protein xl,123,408,285,,2580.502,646.133,4,-1,34.83,3
34,RKPNIILDEDDTNDGIER-TLNPDLFLYKELVK-a2-b10,C31,C82,inter-protein xl,91,50,41,,3942.079,986.528,4,4.2,34.78,8
35,AQVVTMSVKSVNDPSQNR-FKMER-a9-b2,C37,C128,inter-protein xl,217,448,231,,2806.419,936.481,3,3,34.68,3
36,ESSGAKDAEK-LYFDVNEKIR-a6-b8,C17,C25,inter-protein xl,88,145,57,,2454.223,819.082,3,-2.1,34.44,7
37,HIQLLGDVMTYKGEVLGITR-LKESQLPR-a12-b2,C160,ABC27,inter-protein xl,1365,171,1194,,3349.849,838.47,4,1.8,34.19,3
38,IQASDVNIIGKDR-VRHEDVETVKR-a11-b10,C160,C53,inter-protein xl,1227,216,1011,,2932.569,587.522,5,-1.3,34.15,2
39,LKELAEDVDDASTGDGAAK-SQAKMNAK-a2-b4,C31,C82,inter-protein xl,179,242,63,,2918.418,973.814,3,0.2,34.13,4
40,TATLKYICAECSSK-YNPLEKRD-a5-b6,ABC10alpha,ABC10beta,inter-protein xl,28,68,40,,2802.356,701.597,4,-0.1,34.1,6
41,VKDIHLR-KSKEER-a2-b3,C128,C53,inter-protein xl,623,40,583,,1793.017,359.611,5,0.9,33.95,2
42,EAEDKTLVALEK-ELAGKVGSIR-a5-b5,C37,C53,inter-protein xl,266,359,93,,2511.372,838.132,3,-3.1,33.84,6
43,SQAKMNAK-KSAPEK-a4-b1,C82,C160,inter-protein xl,242,189,53,,1672.878,419.227,4,-2.3,33.83,2
44,LRPGQEISLKAHCILGIGGDHAK-ILLKAR-a10-b4,AC40,ABC10alpha,inter-protein xl,205,58,147,23.1,3319.901,554.325,6,2.7,33.78,3
45,CTRNPDAPKGSTDPK-KTHIHK-a9-b1,AC40,C128,inter-protein xl,148,9,139,,2543.29,636.83,4,-0.7,33.66,4
46,IKEIINASK-ISSQFEKSR-a2-b7,C160,C128,inter-protein xl,1127,479,648,20,2233.225,559.314,4,-3,33.59,5
47,ISSQFEKSR-VKPIR-a7-b2,C128,C160,inter-protein xl,479,348,131,24.4,1830.029,458.515,4,-3.8,33.56,2
48,LDIYTQQQALEYIGAKVK-KQEDAR-a16-b1,C128,C37,inter-protein xl,308,194,114,,2963.557,741.897,4,-1.1,33.2,3
49,FLTDLEKK-DLVPKR-a7-b5,C17,C160,inter-protein xl,25,1444,1419,,1857.062,465.273,4,0.2,33.16,4
50,MKVLEER-TLKEK-a2-b3,C17,ABC23,inter-protein xl,2,70,68,,1658.921,553.982,3,-3.9,33.14,3
51,CTRNPDAPKGSTDPK-YNPLEKRD-a9-b6,AC40,ABC10beta,inter-protein xl,148,68,80,,2814.363,704.599,4,1,33.08,5
52,KPAEHPFISAAR-MNNKPER-a1-b4,C37,C53,inter-protein xl,100,300,200,,2348.203,588.059,4,-1.2,32.96,4
53,VRHEDVETVKR-NSKTPQSK-a10-b3,C53,C160,inter-protein xl,216,840,624,,2393.257,599.322,4,-4,32.92,5
54,LKESQLPR-FGLSKMR-a2-b5,ABC27,C160,inter-protein xl,171,1378,1207,20.6,1945.083,487.279,4,0.5,32.84,4
55,KPNIILDEDDTNDGIER-MKVLEER-a1-b2,C31,C17,inter-protein xl,91,2,89,,2997.495,750.382,4,-0.4,32.8,2
56,SLAVKYINFGK-ANRDDVKGR-a5-b7,C31,C82,inter-protein xl,57,612,555,,2406.299,482.268,5,-1.4,32.71,3
57,FNMGKEFEAR-KKLPR-a5-b1,C53,C11,inter-protein xl,162,44,118,,2006.076,402.223,5,-0.7,32.7,1
58,HIQLLGDVMTYKGEVLGITR-LKESQLPR-a12-b2,C160,ABC27,inter-protein xl,1365,171,1194,14.8,3349.847,838.469,4,1,32.68,2
59,TNLHQHVVLKCLK-VLKKPNR-a10-b4,C34,C128,inter-protein xl,123,409,286,,2580.502,517.108,5,-1.1,32.57,3
60,CILYDADESKMAK-YNPLEKRD-a10-b6,C128,ABC10beta,inter-protein xl,170,68,102,,2714.287,905.77,3,-2.4,32.57,4
61,VVKGTNISEK-TLKEK-a3-b3,C160,ABC23,inter-protein xl,1432,70,1362,,1829.049,458.27,4,-1,32.54,3
62,LVKQNDELK-KQEDAR-a3-b1,C34,C37,inter-protein xl,65,194,129,,1969.045,493.269,4,-1.7,32.54,4
63,LNSFKLFK-YSDKYLKK-a5-b7,C17,C31,inter-protein xl,114,114,0,,2177.218,545.312,4,1.9,32.48,2
64,EAAASKVKLEEESK-LYFDVNEKIR-a6-b8,C53,C25,inter-protein xl,49,145,96,,2951.551,984.858,3,0.5,32.47,7
65,CTRNPDAPKGSTDPK-THIHKHVK-a9-b5,AC40,C128,inter-protein xl,148,14,134,,2779.419,556.892,5,0.3,32.47,4
66,KAAAGAGSAALK-MKVLEER-a1-b2,C160,C17,inter-protein xl,166,2,164,,2056.13,515.04,4,-2.7,32.3,4
67,HFNNKNK-MKLAK-a5-b2,C53,C160,inter-protein xl,68,451,383,,1627.886,407.979,4,-0.4,32.12,4
68,LADLGLEKEFQSVDGK-KPAEHPFISAAR-a8-b1,C53,C37,inter-protein xl,266,100,166,,3208.678,642.743,5,0.3,31.91,4
69,TLVALEKQEDYIDNLV-ELAGKVGSIR-a7-b5,C37,C53,inter-protein xl,273,359,86,,3028.633,1010.552,3,-0.1,31.84,4
70,GKQNRPYNHPELQGITR-VVKGTNISEK-a2-b3,C17,C160,inter-protein xl,45,1432,1387,,3218.714,805.686,4,-0.7,31.83,5
71,TNLHQHVVLKCLK-KQEDAR-a10-b1,C34,C37,inter-protein xl,123,194,71,,2472.326,495.473,5,-0.5,31.75,4
72,SPKERELEER-VLTYPEKVTR-a3-b7,C25,C160,inter-protein xl,164,407,243,,2614.39,654.605,4,-2.7,31.73,3
73,VVKGTNISEK-KIPLVIR-a3-b1,C160,ABC23,inter-protein xl,1432,129,1303,12,2049.254,684.093,3,-1,31.7,2
74,AKSISTSAKEPSENDVFYR-KQEDAR-a2-b1,C160,C37,inter-protein xl,1242,194,1048,,3011.489,753.88,4,1.8,31.67,2
75,FNMGKEFEAR-KLPRK-a5-b1,C53,C11,inter-protein xl,162,45,117,,2006.074,502.526,4,-1.7,31.65,1
76,VKDIHLR-KSKEER-a2-b1,C128,C53,inter-protein xl,623,38,585,,1793.009,359.61,5,-3.6,31.46,2
77,TRVGSVTAQVYKIALR-NFENGPKK-a12-b7,C82,C34,inter-protein xl,313,203,110,,2831.566,708.899,4,0.1,31.4,5
78,FKPKAVAR-VKDIHLR-a4-b2,C53,C128,inter-protein xl,33,623,590,,1933.162,387.64,5,-0.5,31.34,2
79,AVVFKPFLGEIVTGWISKCTAEGIK-VKLEEESK-a18-b2,C25,C53,inter-protein xl,91,51,40,,3848.071,963.026,4,0.6,31.28,3
80,NFENGPKK-KPSDNKK-a7-b6,C34,C82,inter-protein xl,203,389,186,,1885.991,629.671,3,0.5,30.93,3
81,NPDAPKGSTDPK-KVSGPR-a6-b1,AC40,C128,inter-protein xl,148,482,334,,2006.046,502.519,4,1.5,30.58,1
82,SADEPMTTFYKCVNCGHR-IQASDVNIIGKDR-a11-b11,C11,C160,inter-protein xl,99,1227,1128,,3737.776,935.452,4,4.3,30.56,7
83,KPAEHPFISAAR-VHKSGK-a1-b3,C37,C53,inter-protein xl,100,367,267,,2115.161,424.04,5,1,30.53,3
84,KANRDDVK-YSDKYLK-a1-b4,C82,C31,inter-protein xl,605,111,494,,1998.039,500.518,4,-1.5,30.51,3
85,LKQENSTLLKK-YINFGKTVK-a10-b6,C82,C31,inter-protein xl,604,63,541,,2507.434,627.866,4,-0.7,30.44,5
86,FISENTFPNGFKNFENGPK-KPSDNKK-a12-b1,C34,C82,inter-protein xl,196,384,188,,3139.573,785.901,4,3.5,30.22,4
87,EKAIPK-KEKLK-a2-b3,ABC23,C82,inter-protein xl,72,594,522,,1466.912,489.978,3,3.1,30.21,4
88,SISTSAKEPSENDVFYR-KQEDAR-a7-b1,C160,C37,inter-protein xl,1249,194,1055,,2812.353,938.459,3,0.6,30.17,3
89,NSPLSDLKK-KSAPEK-a8-b1,C82,C160,inter-protein xl,236,189,47,,1796.99,450.255,4,1.1,30.08,2
90,KQEDAR-SVKSVK-a1-b3,C37,C34,inter-protein xl,194,138,56,,1529.843,510.956,3,1.4,30.03,3
91,SADEPMTTFYKCVNCGHR-DDGKRELLVEGYGLR-a11-b4,C11,C160,inter-protein xl,99,1290,1191,,4028.886,806.785,5,1,29.78,7
92,RMILTHVDLIEKFLR-KTHIHK-a12-b1,ABC10beta,C128,inter-protein xl,59,9,50,,2783.602,557.728,5,1,29.77,4
93,HVKDEAFDDLLKPVYK-NPDAPKGSTDPK-a3-b6,C128,AC40,inter-protein xl,17,148,131,,3279.658,656.939,5,-2.6,29.75,6
94,KTATEVTPQEPK-VVKGTNISEK-a1-b3,AC19,C160,inter-protein xl,9,1432,1423,,2539.391,847.472,3,6.6,29.69,5
95,LKESQLPR-EKAIPK-a2-b2,ABC27,ABC23,inter-protein xl,171,72,99,,1792.046,598.357,3,0.1,29.59,3
96,KPAEHPFISAAR-FNMGKEFEAR-a1-b5,C37,C53,inter-protein xl,100,162,62,,2688.346,538.677,5,-0.9,29.57,2
97,NFENGPKK-KPSDNKK-a7-b6,C34,C82,inter-protein xl,203,389,186,,1885.991,629.672,3,0.8,29.53,4
98,HGQKGVCGIIVK-FRGNLSGKR-a4-b8,C128,C160,inter-protein xl,919,371,548,33,2466.356,494.279,5,-3.2,29.45,3
99,ELAEDVDDASTGDGAAKGSK-KILDQCK-a17-b1,C31,C160,inter-protein xl,196,143,53,,2976.43,993.151,3,2.4,29.38,2
100,DAEKSGISK-EAAASKVK-a4-b6,C17,C53,inter-protein xl,92,49,43,,1873.999,625.674,3,-0.6,29.35,4
101,RPELGDKFSSR-FRGNLSGKR-a7-b8,C128,C160,inter-protein xl,911,371,540,30.3,2462.315,493.471,5,0.2,29.16,2
102,KPNIILDEDDTNDGIER-CLFESLSNEAALKAN-a1-b13,C31,C160,inter-protein xl,91,1458,1367,,3759.825,1254.283,3,2.7,29.14,2
103,LPAFERPAVKEEKEDMETQASDPSK-EAEDKTLVALEK-a13-b5,C53,C37,inter-protein xl,325,266,59,,4314.159,863.84,5,3,29.09,8
104,KQEDAR-VKTMR-a1-b2,C37,C128,inter-protein xl,194,310,116,,1516.803,506.609,3,-0.3,29.02,3
105,RKPNIILDEDDTNDGIER-MFILSKIADLVR-a2-b6,C31,C25,inter-protein xl,91,6,85,,3654.942,914.743,4,3.5,28.93,6
106,LKELAEDVDDASTGDGAAK-TMKTFVIHIQEK-a2-b3,C31,ABC27,inter-protein xl,179,94,85,,3515.772,879.951,4,0.3,28.71,4
107,DLFDLEKDRAPK-KTTTVLKR-a7-b7,C160,C128,inter-protein xl,44,796,752,24.4,2529.412,633.361,4,-1.9,28.66,4
108,EIQEALSEKPTREPTPSVK-KPAEHPFISAAR-a9-b1,C53,C37,inter-protein xl,226,100,126,,3598.919,720.792,5,5.4,28.59,2
109,CLFESLSNEAALKAN-YSDKYLK-a13-b4,C160,C31,inter-protein xl,1458,111,1347,,2719.333,907.452,3,-3,28.45,3
110,THIHKHVKDEAFDDLLKPVYK-NPDAPKGSTDPK-a5-b6,C128,AC40,inter-protein xl,14,148,134,,3896.013,780.21,5,0.6,28.42,3
111,YVKSVK-EKDIR-a3-b2,C34,C82,inter-protein xl,135,531,396,,1519.857,507.627,3,-2.6,28.33,3
112,SVKSVK-EKDIR-a3-b2,C34,C82,inter-protein xl,138,531,393,,1443.831,361.966,4,1.1,28.33,1
113,RCLFESLSNEAALKAN-LNSFKLFK-a14-b5,C160,C17,inter-protein xl,1458,114,1344,,2955.561,739.898,4,2.6,28.31,2
114,AEAINLMGVKNNLLTPK-IAMKELAEK-a10-b4,C160,ABC23,inter-protein xl,538,123,415,21.7,2994.647,749.67,4,-0.9,28.05,1
115,DSVLQLASFEKTTDHLFDAAFYMK-KVSGPR-a11-b1,C160,C128,inter-protein xl,1391,482,909,25,3556.778,712.363,5,-3.8,27.99,1
116,LVSEKIINSTALMK-SVKSVK-a5-b3,C82,C34,inter-protein xl,520,138,382,,2330.343,583.594,4,-2.7,27.78,3
117,HVKDEAFDDLLKPVYK-KDTVSR-a12-b1,C128,AC40,inter-protein xl,26,272,246,45.4,2758.456,552.699,5,0.6,27.77,2
118,IKGLEFSALSAADIVAQSEVEVSTR-LKESQLPR-a2-b2,C160,ABC27,inter-protein xl,14,171,157,20.4,3727.001,932.758,4,-1,27.74,1
119,LKELAEDVDDASTGDGAAK-IVKPTVSLTINLDR-a2-b3,C31,C82,inter-protein xl,179,275,96,,3609.913,903.486,4,4,27.72,2
120,EDLNKAEYVDQYDAER-KSETSGR-a5-b1,C160,ABC27,inter-protein xl,991,201,790,11.3,2858.312,715.586,4,-3,27.72,0
121,YDNSGCLVKR-KSETSGR-a9-b1,C160,ABC27,inter-protein xl,985,201,784,15.8,2112.026,705.017,3,-0.2,27.7,2
122,VRHEDVETVKR-CKDCGHR-a10-b2,C53,ABC10alpha,inter-protein xl,216,49,167,,2436.174,488.243,5,-0.3,27.68,4
123,LKQENSTLLKK-YSDKYLK-a10-b4,C82,C31,inter-protein xl,604,111,493,,2354.303,589.583,4,-3,27.66,5
124,LYFDVNEKIR-EAAASKVK-a8-b6,C25,C53,inter-protein xl,145,49,96,,2236.214,560.061,4,1.4,27.59,2
125,HVKDEAFDDLLKPVYK-MILTHVDLIEKFLR-a3-b11,C128,ABC10beta,inter-protein xl,17,59,42,,3781.054,631.184,6,0.4,27.57,5
126,GKQNRPYNHPELQGITR-VLTYPEKVTR-a2-b7,C17,C160,inter-protein xl,45,407,362,,3349.799,559.308,6,2.9,27.54,5
127,EDLNKAEYVDQYDAER-EMVKDR-a5-b4,C160,ABC27,inter-protein xl,991,24,967,27.9,2871.316,958.113,3,-2.5,27.48,3
128,GTNISEKDLVPK-KHLWDQK-a7-b1,C160,C17,inter-protein xl,1439,26,1413,,2391.277,598.827,4,-1.1,27.46,3
129,LVKQNDELK-KPSDNKK-a3-b1,C34,C82,inter-protein xl,65,384,319,,2039.122,510.788,4,-2,27.4,3
130,AISTGNWSLKR-VKPIR-a10-b2,C128,C160,inter-protein xl,445,348,97,10.7,1981.142,661.388,3,-2.7,27.38,3
131,GKQNRPYNHPELQGITR-DLVPKR-a2-b5,C17,C160,inter-protein xl,45,1444,1399,,2871.556,575.319,5,3.2,27.37,4
132,FKMER-VKPIR-a2-b2,C128,C160,inter-protein xl,448,348,100,10.4,1458.833,365.716,4,-3.6,27.33,3
133,KNVFYAPNVK-QLINLAKTR-a1-b7,C34,C82,inter-protein xl,204,301,97,,2372.36,594.098,4,0.9,27.3,3
134,IQTYGETTAVDALQKGLK-NKAEYLKNCPITQ-a15-b7,AC19,AC40,inter-protein xl,119,329,210,9,3650.887,913.73,4,0.2,27.18,7
135,DLFDLEKDRAPK-SPKERELEER-a7-b3,C160,C25,inter-protein xl,44,164,120,,2855.456,714.872,4,-3.6,27.15,3
136,TLNLFKQIK-TVKEMVKDR-a6-b7,C160,ABC27,inter-protein xl,232,24,208,58.8,2346.345,783.123,3,4.4,27.1,4
137,CVKYLQETAISGK-VKLGR-a3-b2,C82,AC40,inter-protein xl,105,290,185,,2205.233,442.055,5,6.5,26.97,4
138,EEKEDMETQASDPSK-IALRLTEQKSPK-a3-b9,C53,C82,inter-protein xl,325,322,3,,3243.625,649.733,5,2.3,26.83,2
139,FNMGKEFEAR-YRKAR-a5-b3,C53,C160,inter-protein xl,162,1080,918,,2058.048,515.52,4,0.8,26.58,2
140,DGPFYTGSMSLIIDQQENSKSGK-TLNPDLFLYKELVK-a20-b10,C31,C82,inter-protein xl,86,50,36,,4331.209,1083.81,4,4,26.56,5
141,FRGNLSGKR-KVSGPR-a8-b1,C160,C128,inter-protein xl,371,482,111,32.3,1814.026,454.514,4,-0.8,26.4,2
142,NPDAPKGSTDPK-VRHEDVETVKR-a6-b10,AC40,C53,inter-protein xl,148,216,68,,2730.392,547.086,5,-0.5,26.29,2
143,EGLVDTAVKTAETGYMSR-HGQKGVCGIIVK-a9-b4,C160,C128,inter-protein xl,878,919,41,25.2,3359.738,840.942,4,4.7,26.29,2
144,LPAFERPAVKEEKEDMETQASDPSK-EAEDKTLVALEK-a10-b5,C53,C37,inter-protein xl,322,266,56,,4314.157,863.839,5,2.5,26.12,7
145,NHITEFPSIPLPINGPITNKER-VGSVTAQVYKIALR-a20-b10,C31,C82,inter-protein xl,50,313,263,,4128.301,1033.083,4,6.6,26.11,7
146,GSTDPKELYNNAHVYAR-MILTHVDLIEKFLR-a6-b11,AC40,ABC10beta,inter-protein xl,154,59,95,,3798.977,760.803,5,0.2,26.07,7
147,AQVVTMSVKSVNDPSQNR-TNLHQHVVLKCLK-a9-b10,C37,C34,inter-protein xl,217,123,94,,3685.935,738.195,5,-1.2,26,2
148,VGSVTAQVYKIALR-NSKTPQSKGFVR-a10-b8,C82,C160,inter-protein xl,313,845,532,,2989.671,997.565,3,0.1,25.91,4
149,ELLKR-RKTLK-a4-b2,ABC27,ABC23,inter-protein xl,166,67,99,,1439.918,480.981,3,-0.4,25.84,3
150,AGVLNGTLEYGTCFGGSKLEDMSK-GFSIGINDVTPADDLKQK-a18-b16,C128,C160,inter-protein xl,983,724,259,14.7,4588.252,1148.071,4,3.6,25.84,8
151,VRHEDVETVKR-SLPHFPKNSK-a10-b7,C53,C160,inter-protein xl,216,837,621,,2658.416,532.691,5,-3.2,25.75,1
152,LVSEKIINSTALMK-EGIWSKTIK-a5-b6,C82,C34,inter-protein xl,520,108,412,,2744.545,687.144,4,1.9,25.17,4
153,FTDENTIVLSLNVKCTR-TATLKYICAECSSK-a14-b5,AC40,ABC10alpha,inter-protein xl,139,28,111,21.3,3777.87,945.475,4,1.9,25.12,4
154,EAAASKVKLEEESK-LYFDVNEKIR-a8-b8,C53,C25,inter-protein xl,51,145,94,,2951.552,591.318,5,0.8,25,3
155,AEAINLMGVKNNLLTPK-IEREVFVDVKPKSPK-a10-b12,C160,C25,inter-protein xl,538,161,377,,3733.072,747.622,5,-3.5,24.66,4
156,SGSNAAASLPSKK-KNVFYAPNVK-a12-b1,C82,C34,inter-protein xl,403,204,199,,2533.362,634.348,4,3.2,24.62,2
157,LVSEKIINSTALMKEK-LKESQLPR-a5-b2,C82,ABC27,inter-protein xl,520,171,349,,2910.635,486.114,6,-4,23.89,4
158,QVNEKLADLGLEK-VKDIHLR-a5-b2,C53,C128,inter-protein xl,258,623,365,,2473.388,619.355,4,-0.9,23.82,2
159,ILASSNFPFLNETKPGVYYVPYSK-AEYLKNCPITQ-a14-b5,C82,AC40,inter-protein xl,472,329,143,,4207.142,1052.793,4,4.7,23.81,2
160,KPNIILDEDDTNDGIER-EVFVDVKPK-a1-b7,C31,C25,inter-protein xl,91,159,68,,3153.622,789.413,4,4.4,23.64,3
161,TNLHQHVVLKCLK-LSIDKVLK-a10-b5,C34,C128,inter-protein xl,123,405,282,,2641.532,529.314,5,-1.1,23.33,4
162,EFQSVDGKEAAAELELLNADHQHILR-NSKTPQSK-a8-b3,C53,C160,inter-protein xl,274,840,566,,3959.001,660.841,6,-0.5,23.1,2
163,LEEESKRGNDK-EKAIPK-a6-b2,C53,ABC23,inter-protein xl,57,72,15,,2126.115,532.536,4,-3.5,23.09,3
164,KAAAGAGSAALKIIHDTFR-SLAVKYINFGK-a12-b5,C160,C31,inter-protein xl,177,57,120,,3273.814,655.771,5,-3,22.98,4
165,GRENELLLPSELNQLKMVNER-LPSLKDSSSNGGGSAKPSLK-a16-b5,C82,C53,inter-protein xl,628,14,614,,4548.411,910.69,5,5.5,22.77,1
166,QVNEKLADLGLEK-KPAEHPFISAAR-a5-b1,C53,C37,inter-protein xl,258,100,158,,2916.567,584.321,5,-1.3,22.33,1
167,LTDEINTAQDKWHLLPAFLK-NPDAPKGSTDPK-a11-b6,C128,AC40,inter-protein xl,44,148,104,,3715.906,744.189,5,-1,22.24,4
168,EVVVSETPKR-KKLPR-a9-b1,C160,C11,inter-protein xl,11,44,33,,1921.147,481.295,4,5.9,21.85,2
169,QLINLAKTR-NFENGPKK-a7-b7,C82,C34,inter-protein xl,301,203,98,,2126.186,532.554,4,0.3,21.68,2
170,LVKQNDELK-EKDIR-a3-b2,C34,C82,inter-protein xl,65,531,466,,1883.035,628.686,3,-0.7,21.23,3
171,EVVVSETPKR-KKLPR-a9-b2,C160,C11,inter-protein xl,11,45,34,,1921.145,481.294,4,4.7,20.56,3
172,EIQEALSEKPTREPTPSVK-KQEDAR-a9-b1,C53,C37,inter-protein xl,226,194,32,,3021.571,756.401,4,3.1,20.4,1
173,AQVVTMSVKSVNDPSQNR-AISTGNWSLKR-a9-b10,C37,C128,inter-protein xl,217,445,228,,3328.716,833.187,4,-1.1,20.39,3
174,KSAPEKDIWVGEWK-NKAEYLKNCPITQ-a6-b7,C160,AC40,inter-protein xl,194,329,135,,3387.736,565.63,6,5.5,20.06,5
175,KFLEIALFK-ISEKSVR-a1-b4,C160,C160,intra-protein xl,1069,1065,4,6.1,2063.204,516.809,4,0.7,41.43,5
176,DAEKSGISK-FLTDLEKK-a4-b7,C17,C17,intra-protein xl,92,25,67,,2064.101,517.033,4,1,40.64,6
177,FQGVLESEAQKK-NLIKLVK-a11-b4,C34,C34,intra-protein xl,82,62,20,,2327.349,582.845,4,0.9,40.56,6
178,NKVFVPPK-SVLGDGKK-a2-b7,C160,C160,intra-protein xl,631,673,42,22,1868.076,468.027,4,-0.7,40.01,3
179,FGLSKMR-KILDQCK-a5-b1,C160,C160,intra-protein xl,1378,143,1235,16.5,1879.005,470.759,4,-0.4,39.77,4
180,HGQKGVCGIIVK-RPELGDKFSSR-a4-b7,C128,C128,intra-protein xl,919,911,8,7.3,2723.45,545.698,5,-1.4,39.65,6
181,HLWDQKSLAALKK-FLTDLEKK-a6-b7,C17,C17,intra-protein xl,32,25,7,9.2,2667.509,534.51,5,3.3,39.44,5
182,AEYLKNCPITQ-ILKNK-a5-b3,AC40,AC40,intra-protein xl,329,322,7,11.1,2088.122,697.049,3,-3.3,39.24,4
183,RPELGDKFSSR-HMVLDKMHAR-a7-b6,C128,C128,intra-protein xl,911,1034,123,11.7,2665.36,534.08,5,0.6,39.07,7
184,FKPKAVAR-SKEER-a4-b2,C53,C53,intra-protein xl,33,40,7,,1700.957,567.994,3,0,39,4
185,GKQNRPYNHPELQGITR-SLAALKK-a2-b6,C17,C17,intra-protein xl,45,38,7,,2874.585,480.105,6,0.9,38.54,5
186,SISTSAKEPSENDVFYR-LKIQASDVNIIGK-a7-b2,C160,C160,intra-protein xl,1249,1216,33,,3464.817,867.212,4,3.7,38.34,6
187,FKPKAVAR-VHKSGK-a4-b3,C53,C53,intra-protein xl,33,367,334,,1708.015,428.012,4,0.2,38.03,4
188,VILVQEQLSKNR-SKTYVITK-a10-b2,C128,C128,intra-protein xl,202,230,28,9.6,2502.437,835.153,3,-2.2,37.99,7
189,EEREAAASKVK-LEEESKR-a9-b6,C53,C53,intra-protein xl,49,57,8,,2244.161,562.048,4,0.5,37.85,4
190,EVVVSETPKR-VLTYPEKVTR-a9-b7,C160,C160,intra-protein xl,11,407,396,25.1,2485.376,829.467,3,-1.1,37.7,6
191,VRHEDVETVKR-VHKSGK-a10-b3,C53,C53,intra-protein xl,216,367,151,,2159.18,540.803,4,-0.5,37.64,4
192,HLWDQKSLAALK-DAEKSGISK-a6-b4,C17,C17,intra-protein xl,32,92,60,,2480.327,621.089,4,-0.4,37.58,6
193,LPAFERPAVKEEKEDMETQASDPSK-KKDTK-a13-b2,C53,C53,intra-protein xl,325,345,20,,3587.809,598.976,6,1.7,37.42,5
194,KPAEHPFISAAR-KQEDAR-a1-b1,C37,C37,intra-protein xl,100,194,94,,2206.151,442.238,5,0.9,37.32,5
195,FKPKAVAR-KSKEER-a4-b1,C53,C53,intra-protein xl,33,38,5,,1829.052,458.271,4,-0.5,37.27,4
196,LSVKIGNVVMDIGK-ELAGKVGSIR-a4-b5,C53,C53,intra-protein xl,374,359,15,,2638.514,880.513,3,1.9,37.26,6
197,CKDCGHR-ILLKAR-a2-b4,ABC10alpha,ABC10alpha,intra-protein xl,49,58,9,15.6,1781.932,357.394,5,-4,37.2,3
198,HVKDEAFDDLLKPVYK-VKDIHLR-a12-b2,C128,C128,intra-protein xl,26,623,597,5.5,2933.597,489.941,6,-1.6,37.13,3
199,KILDQCKK-FGLSKMR-a1-b5,C160,C160,intra-protein xl,143,1378,1235,16.5,2007.1,402.428,5,-0.5,37.1,4
200,FGLSKMR-MGILKK-a5-b5,C160,C160,intra-protein xl,1378,142,1236,14.1,1663.947,416.995,4,-2.9,37.01,5
201,GEVVKIIR-KSETSGR-a5-b1,ABC27,ABC27,intra-protein xl,197,201,4,13.2,1814.024,605.683,3,-1.1,36.95,5
202,VKLEEESK-VHKSGK-a2-b3,C53,C53,intra-protein xl,51,367,316,,1752.966,439.249,4,2,36.83,4
203,CLKSLESQR-TIKAR-a3-b3,C34,C34,intra-protein xl,126,111,15,,1845.015,616.013,3,0.3,36.65,2
204,IIVEADEKK-KVSGPR-a8-b1,C128,C128,intra-protein xl,212,482,270,20.1,1824.034,609.019,3,-0.8,36.65,5
205,EGLVDTAVKTAETGYMSR-IKEIINASK-a9-b2,C160,C160,intra-protein xl,878,1127,249,11.1,3079.623,1027.549,3,4,36.52,6
206,LADLGLEKEFQSVDGK-VHKSGK-a8-b3,C53,C53,intra-protein xl,266,367,101,,2540.348,509.077,5,-0.1,36.26,2
207,CFPPGVIGIDEGSDEAYVKDAR-KDTVSR-a19-b1,AC40,AC40,intra-protein xl,268,272,4,8.8,3236.565,810.149,4,-0.2,36.21,2
208,KLLDGELDFDDFLK-VKDIHLR-a1-b2,C128,C128,intra-protein xl,629,623,6,10,2684.45,537.898,5,2.8,36.2,4
209,HGQKGVCGIIVK-HMVLDKMHAR-a4-b6,C128,C128,intra-protein xl,919,1034,115,17.6,2669.416,534.891,5,2.8,36.12,6
210,AIPKDQR-ELAEKK-a4-b5,ABC23,ABC23,intra-protein xl,76,128,52,19.2,1680.94,561.321,3,-0.8,35.96,5
211,GKQNRPYNHPELQGITR-HLWDQKSLAALK-a2-b6,C17,C17,intra-protein xl,45,32,13,,3553.9,593.324,6,2.6,35.94,6
212,VEKTLLSDVAFYVQDVYK-ASKLK-a3-b3,C160,C160,intra-protein xl,1163,1214,51,16.1,2799.543,700.893,4,4.2,35.9,3
213,CLKSLESQR-LVKQNDELK-a3-b3,C34,C34,intra-protein xl,126,65,61,,2343.243,586.819,4,-1.6,35.89,5
214,TNLHQHVVLKCLK-LVKQNDELK-a10-b3,C34,C34,intra-protein xl,123,65,58,,2812.573,563.522,5,3.3,35.82,7
215,KAAAGAGSAALK-ILDQCKK-a1-b6,C160,C160,intra-protein xl,166,149,17,23.4,2056.128,515.04,4,-3.4,35.76,3
216,TTDHLFDAAFYMKK-FGLSKMR-a13-b5,C160,C160,intra-protein xl,1404,1378,26,13.1,2662.32,666.588,4,-3.1,35.75,5
217,VKLEEESKR-SKEER-a2-b2,C53,C53,intra-protein xl,51,40,11,,1902.003,476.509,4,-1.3,35.6,5
218,ELAGKVGSIR-KDTKDALSTR-a5-b4,C53,C53,intra-protein xl,359,348,11,,2300.271,576.075,4,0.2,35.53,4
219,NSPLSDLKK-SQAKMNAK-a8-b4,C82,C82,intra-protein xl,236,242,6,,2015.068,672.697,3,-2,35.47,8
220,IDGMDVDSVKTTLVSLTQLR-YLQETAISGKK-a10-b10,C82,C82,intra-protein xl,92,115,23,,3564.899,1189.308,3,0.9,35.47,5
221,KSKTYVITK-FKMER-a1-b2,C128,C128,intra-protein xl,228,448,220,21.1,1914.063,479.524,4,-1.1,35.41,3
222,KGIVQASVTSSTHER-TYVITKNGK-a1-b6,C128,C128,intra-protein xl,213,236,23,15.2,2759.478,552.904,5,-1.2,35.25,5
223,GNDKKHFNNK-VKLEEESKR-a4-b8,C53,C53,intra-protein xl,62,57,5,,2455.28,614.828,4,-0.6,35.25,4
224,FKMER-VKTMR-a2-b2,C128,C128,intra-protein xl,448,310,138,,1480.789,371.205,4,-0.6,35.21,2
225,ADPVALYLGLKR-LSSDEKR-a11-b6,ABC27,ABC27,intra-protein xl,191,161,30,13.7,2286.258,763.094,3,-0.3,34.98,4
226,FRGNLSGKR-GKQGR-a8-b2,C160,C160,intra-protein xl,371,360,11,11.7,1715.956,429.997,4,0.7,34.91,4
227,ILDQCKK-MGILKK-a6-b5,C160,C160,intra-protein xl,149,142,7,10.3,1729.983,433.504,4,-0.4,34.9,4
228,KDTKDALSTR-KKNIK-a4-b2,C53,C53,intra-protein xl,348,340,8,,1901.094,476.281,4,-0.1,34.88,3
229,GKQNRPYNHPELQGITR-FLTDLEKK-a2-b7,C17,C17,intra-protein xl,45,25,20,,3137.663,785.424,4,0.3,34.86,6
230,KLTDEINTAQDK-WHLLPAFLKVK-a1-b9,C128,C128,intra-protein xl,33,53,20,,2863.58,955.534,3,-1.7,34.66,5
231,LLPQINILQPIKGESAR-YEEFADKVK-a12-b7,AC40,AC40,intra-protein xl,240,288,48,,3154.748,789.695,4,6.5,34.64,3
232,EAAASKVKLEEESK-VHKSGK-a6-b3,C53,C53,intra-protein xl,49,367,318,,2310.248,578.57,4,2,34.62,4
233,VKLEEESKR-KHFNNK-a8-b1,C53,C53,intra-protein xl,57,63,6,,2041.095,511.282,4,-0.3,34.55,2
234,HVKDEAFDDLLKPVYK-VKDIHLR-a3-b2,C128,C128,intra-protein xl,17,623,606,,2933.608,489.942,6,2.2,34.48,2
235,VAQLKPFFKYIDDANVTR-KQEDAR-a9-b1,C37,C37,intra-protein xl,184,194,10,,3007.565,752.899,4,-3.9,34.46,3
236,SSSSTKDYLTPPHECR-CILYDADESKMAK-a6-b10,C128,C128,intra-protein xl,109,170,61,,3544.614,709.931,5,-0.5,34.43,8
237,FISENTFPNGFKNFENGPK-SLCEVLVYDDKLEK-a12-b11,C34,C34,intra-protein xl,196,252,56,,4033.968,1009.5,4,0.4,34.38,6
238,IKEIINASK-GKQGR-a2-b2,C160,C160,intra-protein xl,1127,360,767,21.7,1696.983,425.254,4,-0.3,34.31,2
239,ELAGKVGSIR-KDTKDALSTR-a5-b4,C53,C53,intra-protein xl,359,348,11,,2300.271,576.076,4,0.4,34.28,3
240,KGIVQASVTSSTHER-KVSGPR-a1-b1,C128,C128,intra-protein xl,213,482,269,20.5,2379.291,476.866,5,1.8,34.11,2
241,LPAFERPAVKEEK-KKDTK-a10-b2,C53,C53,intra-protein xl,322,345,23,,2269.262,454.86,5,-2.8,34.1,3
242,GNDKKHFNNK-VKLEEESKR-a5-b8,C53,C53,intra-protein xl,63,57,6,,2455.281,492.064,5,-0.5,34.1,4
243,VKLEEESKR-HFNNKNK-a8-b5,C53,C53,intra-protein xl,57,68,11,,2155.139,539.793,4,0.3,34.07,5
244,THIHKHVK-VKDIHLR-a5-b2,C128,C128,intra-protein xl,14,623,609,,2016.174,404.243,5,-0.1,33.97,4
245,GLVKQHLDSFNYFVDTDLKK-WHLLPAFLKVK-a4-b9,C128,C128,intra-protein xl,59,53,6,10.8,3855.135,772.035,5,5.7,33.86,7
246,SHLWEIDIPLDEQAFYNKDK-KPAEHPFISAAR-a18-b1,C37,C37,intra-protein xl,133,100,33,,3920.986,785.205,5,3.1,33.82,5
247,LTEQKSPK-FMKGR-a5-b3,C82,C82,intra-protein xl,322,289,33,,1704.921,427.238,4,-1.3,33.81,4
248,VAQLKPFFKYIDDANVTR-KPAEHPFISAAR-a9-b1,C37,C37,intra-protein xl,184,100,84,15.3,3584.927,598.496,6,3.6,33.73,2
249,VGSVTAQVYKIALR-QLINLAKTR-a10-b7,C82,C82,intra-protein xl,313,301,12,10,2697.596,675.407,4,2.2,33.65,4
250,LVSEKIINSTALMK-EKDIR-a5-b2,C82,C82,intra-protein xl,520,531,11,,2343.304,586.834,4,-1.7,33.46,2
251,EDLNKAEYVDQYDAER-YDNSGCLVKR-a5-b9,C160,C160,intra-protein xl,991,985,6,10.3,3305.511,827.386,4,-1,33.43,6
252,VKLEEESKR-GNDKK-a8-b4,C53,C53,intra-protein xl,57,62,5,,1814.975,454.752,4,0.6,33.41,4
253,RLMKSLEDLSCQYDNTVR-GKQGR-a4-b2,C160,C160,intra-protein xl,891,360,531,13.9,2909.443,728.369,4,-2,33.38,2
254,RPELGDKFSSR-LKHMVLDK-a7-b2,C128,C128,intra-protein xl,911,1028,117,7.2,2411.292,603.831,4,-2.9,33.25,5
255,LKESQLPR-ELLKR-a2-b4,ABC27,ABC27,intra-protein xl,171,166,5,8.9,1765.048,589.357,3,1.3,33.2,3
256,VLTYPEKVTR-FRGNLSGKR-a7-b8,C160,C160,intra-protein xl,407,371,36,26.8,2376.328,476.273,5,0,33.16,3
257,AQVVTMSVKSVNDPSQNR-KQEDAR-a9-b1,C37,C37,intra-protein xl,217,194,23,,2842.425,948.483,3,0.3,33.08,4
258,VKTMRR-FKMER-a2-b2,C128,C128,intra-protein xl,310,448,138,,1636.894,546.639,3,2,33.05,5
259,VRHEDVETVKR-KMNNKPER-a10-b1,C53,C53,intra-protein xl,216,296,80,,2520.323,505.072,5,0,33.04,2
260,HVKDEAFDDLLKPVYKGK-WHLLPAFLKVK-a16-b9,C128,C128,intra-protein xl,30,53,23,,3590.001,599.341,6,-1.7,32.95,6
261,FISENTFPNGFKNFENGPK-KNVFYAPNVK-a12-b1,C34,C34,intra-protein xl,196,204,8,,3502.746,876.694,4,-2.8,32.86,3
262,ELAGKVGSIR-KKDTK-a5-b2,C53,C53,intra-protein xl,359,345,14,,1785.036,447.267,4,0,32.79,2
263,VAKVLTYPEK-FRGNLSGKR-a3-b8,C160,C160,intra-protein xl,400,371,29,23.8,2318.304,464.669,5,-2.9,32.79,2
264,VKLEEESK-KHFNNK-a2-b1,C53,C53,intra-protein xl,51,63,12,,1884.995,629.339,3,0.2,32.76,4
265,DTKDALSTR-NIKKK-a3-b3,C53,C53,intra-protein xl,348,343,5,,1772.997,592.007,3,-1.2,32.72,2
266,VKLEEESKR-VHKSGK-a8-b3,C53,C53,intra-protein xl,57,367,310,,1909.061,478.273,4,-1,32.72,3
267,KFNNDFK-FKMER-a1-b2,C128,C128,intra-protein xl,394,448,54,18.2,1758.874,440.726,4,-1.5,32.71,2
268,VRHEDVETVKR-KHFNNK-a10-b1,C53,C53,intra-protein xl,216,63,153,,2291.226,459.253,5,5.4,32.69,4
269,HGQKGVCGIIVK-KVSGPR-a4-b1,C128,C128,intra-protein xl,919,482,437,29.9,2075.17,519.8,4,1.3,32.67,3
270,EDMETQASDPSKK-KKDTK-a12-b2,C53,C53,intra-protein xl,337,345,8,,2221.078,741.367,3,-0.1,32.66,3
271,KHLWDQKSLAALK-DAEKSGISK-a7-b4,C17,C17,intra-protein xl,32,92,60,,2608.425,522.693,5,0.8,32.63,3
272,LKTEDGFVIPALPAAVSK-SGSNAAASLPSKK-a2-b12,C82,C82,intra-protein xl,406,403,3,,3209.767,1070.93,3,3.9,32.61,8
273,VRHEDVETVKR-RGNDKK-a10-b5,C53,C53,intra-protein xl,216,62,154,,2221.195,556.307,4,1.1,32.57,3
274,LKIQASDVNIIGK-AKSISTSAK-a2-b2,C160,C160,intra-protein xl,1216,1242,26,,2427.396,810.14,3,0.6,32.53,2
275,TATLKYICAECSSK-CKDCGHR-a5-b2,ABC10alpha,ABC10alpha,intra-protein xl,28,49,21,13.9,2700.203,901.076,3,-3.5,32.53,2
276,KVSGPR-FKMER-a1-b2,C128,C128,intra-protein xl,482,448,34,24,1489.803,373.459,4,-3.1,32.51,3
277,KPAEHPFISAAR-VAQLKPFFK-a1-b5,C37,C37,intra-protein xl,100,180,80,11.9,2537.415,635.362,4,-0.2,32.47,2
278,KLTDEINTAQDK-KTHIHK-a1-b1,C128,C128,intra-protein xl,33,9,24,,2275.219,759.414,3,1,32.37,2
279,LADLGLEKEFQSVDGK-VRHEDVETVKR-a8-b10,C53,C53,intra-protein xl,266,216,50,,3252.692,651.546,5,-2.1,32.19,4
280,KAAAGAGSAALK-MGILKK-a1-b5,C160,C160,intra-protein xl,166,142,24,28,1841.078,461.277,4,-1.6,32.06,4
281,HVKDEAFDDLLKPVYK-KTHIHK-a3-b1,C128,C128,intra-protein xl,17,9,8,,2816.526,564.313,5,1.1,32.05,3
282,SKEEREAAASK-FKPKAVAR-a2-b4,C53,C53,intra-protein xl,40,33,7,,2258.238,452.655,5,0,32.05,4
283,IYLKHNSIAEEIPIAIVLK-KGIVQASVTSSTHER-a4-b1,C128,C128,intra-protein xl,243,213,30,20.3,3900.187,976.055,4,3.7,32.05,4
284,SLPHFPKNSK-TPQSKGFVR-a7-b5,C160,C160,intra-protein xl,837,845,8,12.1,2310.242,578.568,4,-2.6,32.05,6
285,KPNIILDEDDTNDGIER-YSDKYLK-a1-b4,C31,C31,intra-protein xl,91,111,20,,3009.486,1004.17,3,1.4,31.89,5
286,ISSQFEKSR-FKMER-a7-b2,C128,C128,intra-protein xl,479,448,31,16.8,1927.984,483.004,4,0.9,31.86,4
287,KHLWDQKSLAALK-DAEKSGISK-a1-b4,C17,C17,intra-protein xl,26,92,66,,2608.423,522.692,5,0.1,31.84,5
288,RSGSNAAASLPSKK-KPSDNKK-a13-b6,C82,C82,intra-protein xl,403,389,14,,2326.261,582.573,4,0.3,31.84,4
289,EAAASKVK-HFNNKNK-a6-b5,C53,C53,intra-protein xl,49,68,19,,1840.975,614.666,3,-2.5,31.79,4
290,EDMETQASDPSKK-KKNIK-a12-b2,C53,C53,intra-protein xl,337,340,3,,2232.133,745.052,3,1,31.76,3
291,EIQEALSEKPTREPTPSVK-VHKSGK-a9-b3,C53,C53,intra-protein xl,226,367,141,,2930.584,733.654,4,4.4,31.74,3
292,HVKDEAFDDLLKPVYK-KLTDEINTAQDK-a12-b1,C128,C128,intra-protein xl,26,33,7,,3428.784,858.204,4,3.5,31.74,5
293,AKSISTSAKEPSENDVFYR-LKIQASDVNIIGK-a2-b2,C160,C160,intra-protein xl,1242,1216,26,,3663.943,916.994,4,2,31.73,5
294,LALPVFHIGYFKATIQILQGICK-KAAAGAGSAALK-a12-b1,C160,C160,intra-protein xl,97,166,69,34.5,3782.136,757.435,5,1.1,31.73,5
295,VKLEEESKR-KSKEER-a8-b1,C53,C53,intra-protein xl,57,38,19,,2030.099,508.532,4,-1.1,31.62,3
296,VKLEEESK-HFNNKNK-a2-b5,C53,C53,intra-protein xl,51,68,17,,1999.038,500.767,4,0.3,31.54,3
297,LVKQNDELK-TIKAR-a3-b3,C34,C34,intra-protein xl,65,111,46,,1811.051,604.691,3,-0.4,31.51,2
298,GKQNRPYNHPELQGITR-KHLWDQK-a2-b1,C17,C17,intra-protein xl,45,26,19,,3098.617,517.444,6,0.3,31.44,3
299,KSKTYVITK-KVSGPR-a3-b1,C128,C128,intra-protein xl,230,482,252,25.9,1847.085,462.779,4,-1.6,31.38,4
300,IAINVFPEGYKAK-LKIQASDVNIIGK-a11-b2,C160,C160,intra-protein xl,1240,1216,24,14.7,2984.7,747.183,4,1.8,31.37,6
301,LRPGQEISLKAHCILGIGGDHAK-DLKFEPQGR-a10-b3,AC40,AC40,intra-protein xl,205,168,37,9.5,3695.965,617.002,6,2.1,31.23,4
302,SKTYVITK-FKMER-a2-b2,C128,C128,intra-protein xl,230,448,218,20.4,1785.968,596.331,3,-1,31.21,3
303,LSVKIGNVVMDIGK-KKDTK-a4-b2,C53,C53,intra-protein xl,374,345,29,,2228.284,558.079,4,1.3,31.16,3
304,SKEEREAAASK-VKLEEESK-a2-b2,C53,C53,intra-protein xl,40,51,11,,2303.186,576.804,4,0.3,31.12,5
305,RGFIKSEGSGSSLVQK-VRHEDVETVKR-a5-b10,C53,C53,intra-protein xl,115,216,101,,3183.69,637.746,5,-3.2,31.05,3
306,IAMKELAEK-KIPLVIRR-a4-b1,ABC23,ABC23,intra-protein xl,123,129,6,8.5,2163.31,541.835,4,-3.6,31.02,3
307,EAAASKVKLEEESK-KSKEER-a6-b3,C53,C53,intra-protein xl,49,40,9,,2431.284,608.829,4,1.5,30.98,4
308,IYLKHNSIAEEIPIAIVLK-KVSGPR-a4-b1,C128,C128,intra-protein xl,243,482,239,28.5,2943.726,736.939,4,3.4,30.95,1
309,RLMKSLEDLSCQYDNTVR-IKEIINASK-a4-b2,C160,C160,intra-protein xl,891,1127,236,15.7,3379.753,845.946,4,1.5,30.92,2
310,EAAASKVKLEEESK-KSKEER-a6-b1,C53,C53,intra-protein xl,49,38,11,,2431.281,608.828,4,0,30.92,4
311,SISTSAKEPSENDVFYR-IAINVFPEGYKAK-a7-b11,C160,C160,intra-protein xl,1249,1240,9,,3515.784,879.954,4,0.3,30.88,7
312,SPKERELEER-EVFVDVKPK-a3-b7,C25,C25,intra-protein xl,164,159,5,,2469.317,824.113,3,2.2,30.88,3
313,SAPEKDIWVGEWK-WVGKK-a5-b4,C160,C160,intra-protein xl,194,188,6,,2298.198,575.557,4,-2.9,30.58,2
314,VRHEDVETVKR-FNMGKEFEAR-a10-b5,C53,C53,intra-protein xl,216,162,54,,2732.37,547.482,5,-0.3,30.56,7
315,MAKYLNNTHVISSGPLAAGNFVSEK-GFIKSEGSGSSLVQK-a3-b4,C53,C53,intra-protein xl,84,115,31,,4308.223,1078.064,4,3,30.56,4
316,QVNEKLADLGLEK-VHKSGK-a5-b3,C53,C53,intra-protein xl,258,367,109,,2248.245,750.423,3,1.1,30.47,3
317,AISTGNWSLKR-ISSQFEKSR-a10-b7,C128,C128,intra-protein xl,445,479,34,24.8,2450.295,613.582,4,1.5,30.4,3
318,HIQLLGDVMTYKGEVLGITR-FGLSKMR-a12-b5,C160,C160,intra-protein xl,1365,1378,13,11.9,3217.754,805.446,4,5.7,30.38,3
319,VAQLKPFFK-KQEDAR-a5-b1,C37,C37,intra-protein xl,180,194,14,,1960.071,654.365,3,-3.6,30.34,1
320,VILVQEQLSKNR-KSKTYVITK-a10-b1,C128,C128,intra-protein xl,202,228,26,11.6,2630.539,527.116,5,0.9,30.31,3
321,CLKSLESQR-SVKSVK-a3-b3,C34,C34,intra-protein xl,126,138,12,,1904.04,635.688,3,-0.1,30.3,3
322,DKAESEWNGVNVQTLK-KQEDAR-a2-b1,C37,C37,intra-protein xl,135,194,59,,2700.337,676.092,4,0.5,30.12,4
323,LKESQLPR-LSSDEKR-a2-b6,ABC27,ABC27,intra-protein xl,171,161,10,11.5,1941.058,486.272,4,2.4,29.99,4
324,HVKDEAFDDLLKPVYK-WHLLPAFLKVK-a12-b9,C128,C128,intra-protein xl,26,53,27,24.8,3404.903,681.988,5,3.9,29.84,3
325,NSPLSDLKKR-SQAKMNAK-a9-b4,C82,C82,intra-protein xl,237,242,5,,2171.174,435.243,5,0.4,29.84,6
326,VRHEDVETVKR-KSKEER-a10-b3,C53,C53,intra-protein xl,216,40,176,,2280.221,457.052,5,1,29.8,3
327,AEAINLMGVKNNLLTPK-LSILSHYAKIRPWR-a10-b9,C160,C160,intra-protein xl,538,491,47,16.5,3702.091,618.023,6,2.8,29.75,3
328,QNRRPELGDKFSSR-HGQKGVCGIIVK-a10-b4,C128,C128,intra-protein xl,911,919,8,,3121.664,625.341,5,2.4,29.72,3
329,AQVVTMSVKSVNDPSQNR-VAQLKPFFK-a9-b5,C37,C37,intra-protein xl,217,180,37,,3173.702,794.433,4,3.5,29.72,7
330,HVKDEAFDDLLKPVYK-WHLLPAFLKVK-a3-b9,C128,C128,intra-protein xl,17,53,36,,3404.901,681.988,5,3.1,29.66,4
331,QVFSLLIKPNHNSPVVINLDAKNK-SKSLPNEMSQNDGFVIIR-a22-b2,C160,C160,intra-protein xl,629,639,10,,4859.626,972.933,5,5.1,29.65,7
332,VKDIHLR-KTHIHK-a2-b1,C128,C128,intra-protein xl,623,9,614,,1780.047,357.017,5,-0.3,29.59,4
333,TNLHQHVVLKCLK-FQGVLESEAQKK-a10-b11,C34,C34,intra-protein xl,123,82,41,,3089.668,618.941,5,-0.5,29.52,2
334,ISSQFEKSR-SKTYVITK-a7-b2,C128,C128,intra-protein xl,479,230,249,19.6,2157.164,540.299,4,-1.7,29.52,2
335,GVGVENNGQYAAFVKDMQVYLVPIER-VAQLKPFFK-a15-b5,C37,C37,intra-protein xl,164,180,16,,4110.192,1028.556,4,6.6,29.34,4
336,VKLEEESKR-KSKEER-a8-b3,C53,C53,intra-protein xl,57,40,17,,2030.098,508.532,4,-1.4,29.32,3
337,QHLDSFNYFVDTDLKK-NIIMHKDVEIGR-a15-b6,C128,C128,intra-protein xl,74,145,71,,3530.781,589.471,6,-1.7,29.13,4
338,VRHEDVETVKR-KSKEER-a10-b1,C53,C53,intra-protein xl,216,38,178,,2280.21,381.043,6,-4,28.99,3
339,HFNNKNK-LEEESKR-a5-b6,C53,C53,intra-protein xl,68,57,11,,1927.973,483.001,4,-1,28.96,3
340,HVKDEAFDDLLKPVYKGK-KTHIHK-a16-b1,C128,C128,intra-protein xl,30,9,21,,3001.645,601.337,5,2,28.85,4
341,LADLGLEKEFQSVDGK-KMNNKPER-a8-b1,C53,C53,intra-protein xl,266,296,30,,2901.492,726.381,4,0.6,28.81,2
342,AKYCDSMGRPQRK-TVKEMVK-a2-b3,ABC27,ABC27,intra-protein xl,45,20,25,16.3,2567.305,514.469,5,1.3,28.77,2
343,VGSVTAQVYKIALR-SKQLINLAK-a10-b2,C82,C82,intra-protein xl,313,294,19,,2655.574,664.901,4,1.9,28.72,2
344,AQVVTMSVKSVNDPSQNR-KPAEHPFISAAR-a9-b1,C37,C37,intra-protein xl,217,100,117,,3419.769,855.95,4,1.9,28.55,2
345,KDFEVNISSLDAR-DAENEWNVEKFK-a1-b10,AC40,AC40,intra-protein xl,38,35,3,,3138.515,1047.179,3,0.1,28.54,5
346,APKANGALDPK-DLFDLEKDR-a3-b7,C160,C160,intra-protein xl,49,44,5,8.6,2368.234,593.066,4,2.6,28.42,4
347,IIVEADEKK-ISSQFEKSR-a8-b7,C128,C128,intra-protein xl,212,479,267,21.6,2262.209,566.56,4,-0.9,28.35,5
348,IINKPNELSQILTVDPK-IVKPTVSLTINLDR-a4-b3,C82,C82,intra-protein xl,255,275,20,,3627.108,907.785,4,5.9,28.28,3
349,RKTHIHK-VKDIHLR-a2-b2,C128,C128,intra-protein xl,9,623,614,,1936.148,388.237,5,-0.1,28.27,4
350,MIDDRDYVGNKR-ISSQFEKSR-a11-b7,C128,C128,intra-protein xl,375,479,104,18.1,2699.328,675.84,4,-2,27.98,5
351,YKPKSHLWEIDIPLDEQAFYNK-AQVVTMSVKSVNDPSQNR-a4-b9,C37,C37,intra-protein xl,115,217,102,,4830.441,1208.618,4,1.8,27.93,3
352,VKLEEESKR-KKDTK-a8-b2,C53,C53,intra-protein xl,57,345,288,,1873.058,469.272,4,3.1,27.84,4
353,ELVKAHLGER-KEKLK-a4-b3,C82,C82,intra-protein xl,54,594,540,,1933.139,484.292,4,1.3,27.69,3
354,KGIVQASVTSSTHER-ISSQFEKSR-a1-b7,C128,C128,intra-protein xl,213,479,266,21.1,2817.46,705.373,4,-0.9,27.62,4
355,CLHCGALNGVVKK-ILDQCKK-a12-b6,C160,C160,intra-protein xl,165,149,16,23.9,2496.298,625.082,4,-1.3,27.34,5
356,LPAFERPAVKEEKEDMETQASDPSK-DTKDALSTR-a10-b3,C53,C53,intra-protein xl,322,348,26,,3974.948,795.997,5,1.5,27.28,5
357,KDTKDALSTR-VHKSGK-a4-b3,C53,C53,intra-protein xl,348,367,19,,1926.054,482.521,4,0.4,27.18,2
358,ISSQFEKSR-KVSGPR-a7-b1,C128,C128,intra-protein xl,479,482,3,8.2,1861.007,621.344,3,0.7,27.11,1
359,YLNNTHVISSGPLAAGNFVSEKGDLRR-GFIKSEGSGSSLVQK-a22-b4,C53,C53,intra-protein xl,106,115,9,,4575.391,916.086,5,4.2,26.92,4
360,SSSSTKDYLTPPHECR-CILYDADESKMAK-a6-b10,C128,C128,intra-protein xl,109,170,61,25.3,3544.616,709.931,5,0,26.85,4
361,LEEESKRGNDK-EAAASKVK-a6-b6,C53,C53,intra-protein xl,57,49,8,,2244.159,749.061,3,-0.2,26.82,6
362,HVKDEAFDDLLKPVYK-RKTHIHK-a12-b2,C128,C128,intra-protein xl,26,9,17,,2972.633,595.534,5,3.2,26.67,3
363,YKPKSHLWEIDIPLDEQAFYNK-AQVVTMSVKSVNDPSQNR-a2-b9,C37,C37,intra-protein xl,113,217,104,,4830.462,1208.623,4,6,26.54,4
364,NHITEFPSIPLPINGPITNKER-SLAVKYINFGK-a20-b5,C31,C31,intra-protein xl,50,57,7,,3863.101,1288.708,3,0.5,26.51,4
365,LHYTPIEDLWQFLYEKHYK-IINKPNELSQILTVDPK-a16-b4,C82,C82,intra-protein xl,221,255,34,,4581.442,917.296,5,4.8,26.39,4
366,HVKDEAFDDLLKPVYKGK-KLTDEINTAQDK-a16-b1,C128,C128,intra-protein xl,30,33,3,,3613.904,904.484,4,4.5,26.33,4
367,LPAFERPAVKEEKEDMETQASDPSK-ELAGKVGSIR-a13-b5,C53,C53,intra-protein xl,325,359,34,,3998.041,800.616,5,2.7,26.23,4
368,IYLKHNSIAEEIPIAIVLK-TYVITKNGK-a4-b6,C128,C128,intra-protein xl,243,236,7,7.9,3323.919,665.792,5,2.4,26.19,2
369,EEKEDMETQASDPSKK-KKDTK-a15-b1,C53,C53,intra-protein xl,337,344,7,,2607.258,522.46,5,0,26.09,2
370,LTGSLLAHKVADEEANIELTWAEGTFEQFK-KQEDAR-a9-b1,C37,C37,intra-protein xl,235,194,41,,4230.122,1058.538,4,2.2,25.82,1
371,NNLLTPKSGEPIIAATQDFITGSYLISHK-EGLVDTAVKTAETGYMSR-a7-b9,C160,C160,intra-protein xl,545,878,333,22.4,5192.685,1039.545,5,5.1,25.63,5
372,YKPKSHLWEIDIPLDEQAFYNK-KPAEHPFISAAR-a4-b1,C37,C37,intra-protein xl,115,100,15,28.7,4194.173,700.037,6,3.6,25.62,4
373,MIDDRDYVGNKR-KVSGPR-a11-b1,C128,C128,intra-protein xl,375,482,107,19.3,2261.157,453.239,5,-0.8,25.58,2
374,IYLKHNSIAEEIPIAIVLK-ISSQFEKSR-a4-b7,C128,C128,intra-protein xl,243,479,236,23.7,3381.892,846.481,4,0.3,25.5,6
375,QVFSLLIKPNHNSPVVINLDAKNK-SKSLPNEMSQNDGFVIIR-a8-b2,C160,C160,intra-protein xl,615,639,24,,4859.608,972.929,5,1.5,25.46,2
376,VKLEEESK-KSKEER-a2-b1,C53,C53,intra-protein xl,51,38,13,,1873.995,469.506,4,-2.8,25.34,1
377,FQGVLESEAQKK-LVKQNDELK-a11-b3,C34,C34,intra-protein xl,82,65,17,,2586.386,647.604,4,-1.7,25.22,4
378,NAFLSDYEVLKFLTDLEK-DAEKSGISK-a11-b4,C17,C17,intra-protein xl,18,92,74,25.7,3215.653,804.921,4,1.3,25.07,1
379,EFQSVDGKEAAAELELLNADHQHILR-VRHEDVETVKR-a8-b10,C53,C53,intra-protein xl,274,216,58,,4437.279,740.554,6,2.5,24.87,0
380,HVKDEAFDDLLKPVYKGK-KLTDEINTAQDK-a3-b1,C128,C128,intra-protein xl,17,33,16,,3613.904,723.789,5,4.5,24.85,6
381,MILTHVDLIEKFLR-YNPLEKRD-a11-b6,ABC10beta,ABC10beta,intra-protein xl,59,68,9,,2898.575,725.651,4,2.4,24.75,5
382,AKSISTSAKEPSENDVFYR-WVGKK-a2-b4,C160,C160,intra-protein xl,1242,188,1054,,2882.487,721.63,4,1.9,24.68,3
383,LKQENSTLLKK-ANRDDVKGR-a10-b7,C82,C82,intra-protein xl,604,612,8,,2468.371,618.1,4,-0.2,24.63,3
384,VRHEDVETVKR-KFNMGK-a10-b1,C53,C53,intra-protein xl,216,157,59,,2228.174,558.051,4,0.2,24.56,1
385,LKQENSTLLK-KANRDDVK-a2-b1,C82,C82,intra-protein xl,596,605,9,,2255.253,564.821,4,1.8,24.43,2
386,GVGVENNGQYAAFVKDMQVYLVPIER-DTIVKEAEDK-a15-b5,C37,C37,intra-protein xl,164,261,97,,4180.11,1046.035,4,1.5,24.34,4
387,TKTIELIDYDK-WHLLPAFLKVK-a2-b9,C128,C128,intra-protein xl,739,53,686,14.9,2826.585,707.654,4,-3,24.28,3
388,LSSDEKR-ELLKR-a6-b4,ABC27,ABC27,intra-protein xl,161,166,5,8.3,1628.905,543.976,3,-2.7,24.27,4
389,QVFSLLIKPNHNSPVVINLDAKNK-SVLGDGKK-a22-b7,C160,C160,intra-protein xl,629,673,44,21.1,3628.047,908.019,4,3.1,24.24,1
390,LRPGQEISLKAHCILGIGGDHAK-FTDENTIVLSLNVKCTR-a10-b14,AC40,AC40,intra-protein xl,205,139,66,15.7,4616.453,770.417,6,7,24.16,4
391,HFNNKNKR-VKLEEESK-a5-b2,C53,C53,intra-protein xl,68,51,17,,2155.135,539.791,4,-1.9,24.1,3
392,EIQEALSEKPTREPTPSVK-VRHEDVETVKR-a9-b10,C53,C53,intra-protein xl,226,216,10,,3642.936,729.595,5,3.9,23.89,1
393,EAAASKVK-KHFNNK-a6-b1,C53,C53,intra-protein xl,49,63,14,,1726.936,576.653,3,-0.2,23.51,3
394,KMMSFQANPTEESISK-AKYCDSMGRPQR-a1-b2,ABC27,ABC27,intra-protein xl,56,45,11,8.8,3432.602,859.158,4,2.3,23.51,2
395,IRDPLTQTGLLQDLEEAKSFQDEAELVEEK-NSPLSDLKK-a18-b8,C82,C82,intra-protein xl,343,236,107,,4582.385,1146.604,4,6.8,22.97,5
396,QVNEKLADLGLEK-VRHEDVETVKR-a5-b10,C53,C53,intra-protein xl,258,216,42,,2960.61,593.13,5,5.8,22.92,1
397,DSVLQLASFEKTTDHLFDAAFYMK-IKEIINASK-a11-b2,C160,C160,intra-protein xl,1391,1127,264,19.9,3929.033,786.814,5,4,22.88,2
398,KVSGPR-VKTMR-a1-b2,C128,C128,intra-protein xl,482,310,172,,1413.807,354.46,4,-3.8,22.85,2
399,LPAFERPAVKEEKEDMETQASDPSK-ELAGKVGSIR-a10-b5,C53,C53,intra-protein xl,322,359,37,,3998.046,800.617,5,3.9,22.55,4
400,EIQEALSEKPTR-VRHEDVETVKR-a9-b10,C53,C53,intra-protein xl,226,216,10,,2904.542,581.916,5,3.9,22.24,3
401,KGIVQASVTSSTHER-SKTYVITK-a1-b2,C128,C128,intra-protein xl,213,230,17,28.7,2675.448,669.87,4,-0.7,21.76,0
402,GLETIDNGAESSENEAEDDDNEGVASKSK-FNMGKEFEAR-a27-b5,C53,C53,intra-protein xl,153,162,9,,4374.931,1094.74,4,2.6,21.41,2
403,EDMETQASDPSKK-GNDKKHFNNK-a12-b4,C53,C53,intra-protein xl,337,62,275,,2803.302,701.833,4,-2.4,21.1,4
404,QVFSLLIKPNHNSPVVINLDAKNK-GSQILSGVMDKSVLGDGKK-a8-b11,C160,C160,intra-protein xl,615,666,51,19.3,4743.621,949.732,5,4.5,20.96,2
405,EIQEALSEKPTREPTPSVK-QVNEKLADLGLEK-a9-b5,C53,C53,intra-protein xl,226,258,32,,3731.992,747.406,5,2.4,20.85,3
406,EFQSVDGKEAAAELELLNADHQHILR-QVNEKLADLGLEK-a8-b5,C53,C53,intra-protein xl,274,258,16,,4526.358,906.279,5,6.3,20.7,3
407,EFQSVDGKEAAAELELLNADHQHILR-VHKSGK-a8-b3,C53,C53,intra-protein xl,274,367,93,,3724.92,621.828,6,0.7,20.48,3
