run_name,scan_number,precursor_mz,precursor_charge,match_score,error,peptide1,Protein1,pep1_link_pos,AbsPos1,peptide2,Protein2,pep2_link_pos,AbsPos2,,,,,,
Rappsilber_Earnshaw_CLMS_SMC2-SMC4_holo-complex-Band-i_1,11713,891.1360214,3,4.49,5.63,QSDTSVVTGEKAFSSITK,CAP-H,11,655,ASRSTK,SMC4,1,2,,,,,,
Rappsilber_Earnshaw_CLMS_SMC2-SMC4_holo-complex-Band-i_1,1295,465.5919221,3,9.01,0.07,AQKSHR,CAP-D2,3,1365,NNKR,CAP-D2,3,1361,,,,,,
Rappsilber_Earnshaw_CLMS_SMC2-SMC4_holo-complex-Band-i_1,1320,465.5919221,3,8.3,0.07,AQKSHR,CAP-D2,3,1365,NNKR,CAP-D2,3,1361,,,,,,
Rappsilber_Earnshaw_CLMS_SMC2-SMC4_holo-complex-Band-i_1,1775,500.6109132,3,7.79,0.38,AASKPETK,CAP-D2,4,1283,NNKR,CAP-D2,3,1361,,,,,,
Rappsilber_Earnshaw_CLMS_SMC2-SMC4_holo-complex-Band-i_1,2083,637.6490459,3,9.52,-0.83,KAEEEYK,SMC2,1,768,KTEESQR,SMC2,1,761,,,,,,
Rappsilber_Earnshaw_CLMS_SMC2-SMC4_holo-complex-Band-i_1,2090,645.3306764,4,9.14,-0.77,VSEQAGKMoxESEVKR,SMC4,7,876,EKEGKEK,SMC4,5,478,,,,,,
Rappsilber_Earnshaw_CLMS_SMC2-SMC4_holo-complex-Band-i_1,2094,860.1050113,3,9.64,-0.92,VSEQAGKMoxESEVKR,SMC4,7,876,EKEGKEK,SMC4,5,478,,,,,,
Rappsilber_Earnshaw_CLMS_SMC2-SMC4_holo-complex-Band-i_1,2209,693.0263674,3,9.55,-0.66,AKDKEEEK,SMC4,4,452,NISDATSKK,SMC4,8,442,,,,,,
Rappsilber_Earnshaw_CLMS_SMC2-SMC4_holo-complex-Band-i_1,2218,693.0263674,3,10.18,-0.66,NISDATSKK,SMC4,8,442,AKDKEEEK,SMC4,4,452,,,,,,
Rappsilber_Earnshaw_CLMS_SMC2-SMC4_holo-complex-Band-i_1,2225,693.0263674,3,9.07,-0.66,NISDATSKK,SMC4,8,442,AKDKEEEK,SMC4,4,452,,,,,,
Rappsilber_Earnshaw_CLMS_SMC2-SMC4_holo-complex-Band-i_1,2306,469.9071264,3,10.1,-3.27,SSADSEK,CAP-H,1,434,FKPR,CAP-H,2,429,,,,,,
Rappsilber_Earnshaw_CLMS_SMC2-SMC4_holo-complex-Band-i_1,2447,454.2500088,3,10.09,-0.78,KAAVGTR,CAP-G,1,974,SVCcmR,CAP-G,1,981,,,,,,
Rappsilber_Earnshaw_CLMS_SMC2-SMC4_holo-complex-Band-i_1,2472,454.2500088,3,9.66,-0.78,SVCcmR,CAP-G,1,981,KAAVGTR,CAP-G,1,974,,,,,,
Rappsilber_Earnshaw_CLMS_SMC2-SMC4_holo-complex-Band-i_1,2540,505.0131838,4,9.19,0.02,NAQQKLNSAK,SMC2,5,797,KADDSSR,SMC2,1,804,,,,,,
Rappsilber_Earnshaw_CLMS_SMC2-SMC4_holo-complex-Band-i_1,2554,673.0146019,3,9.38,-0.8,NAQQKLNSAK,SMC2,5,797,KADDSSR,SMC2,1,804,,,,,,
Rappsilber_Earnshaw_CLMS_SMC2-SMC4_holo-complex-Band-i_1,2560,814.4042224,3,10.3,0.18,VSEQAGKMoxESEVKR,SMC4,7,876,KDYER,SMC4,1,865,,,,,,
Rappsilber_Earnshaw_CLMS_SMC2-SMC4_holo-complex-Band-i_1,2561,611.0550142,4,13.48,0.23,VSEQAGKMoxESEVKR,SMC4,7,876,KDYER,SMC4,1,865,,,,,,
Rappsilber_Earnshaw_CLMS_SMC2-SMC4_holo-complex-Band-i_1,2678,650.0297857,3,9.81,-0.08,YAQQELKTK,SMC2,7,431,QAEVKK,SMC2,5,438,,,,,,
Rappsilber_Earnshaw_CLMS_SMC2-SMC4_holo-complex-Band-i_1,2701,578.6840281,3,10.44,-0.53,AQVAIKTAHR,SMC4,6,925,NLKK,SMC4,3,932,,,,,,
Rappsilber_Earnshaw_CLMS_SMC2-SMC4_holo-complex-Band-i_1,3134,605.0102766,3,9.84,-0.83,NAQQKLNSAK,SMC2,5,797,GKEIK,SMC2,2,789,,,,,,
Rappsilber_Earnshaw_CLMS_SMC2-SMC4_holo-complex-Band-i_1,3167,454.0093164,4,9.54,-1.29,NAQQKLNSAK,SMC2,5,797,GKEIK,SMC2,2,789,,,,,,
Rappsilber_Earnshaw_CLMS_SMC2-SMC4_holo-complex-Band-i_1,3225,605.0102766,3,10.43,-0.83,NAQQKLNSAK,SMC2,5,797,GKEIK,SMC2,2,789,,,,,,
Rappsilber_Earnshaw_CLMS_SMC2-SMC4_holo-complex-Band-i_1,3245,605.0102766,3,9.94,-0.83,NAQQKLNSAK,SMC2,5,797,GKEIK,SMC2,2,789,,,,,,
Rappsilber_Earnshaw_CLMS_SMC2-SMC4_holo-complex-Band-i_1,3348,817.4322795,3,9.3,-5.57,AATEAKQAQMoxK,SMC2,6,417,LKYAQQELK,SMC2,2,424,,,,,,
Rappsilber_Earnshaw_CLMS_SMC2-SMC4_holo-complex-Band-i_1,3375,817.4322795,3,10.5,-5.57,AATEAKQAQMoxK,SMC2,6,417,LKYAQQELK,SMC2,2,424,,,,,,
Rappsilber_Earnshaw_CLMS_SMC2-SMC4_holo-complex-Band-i_1,3398,809.0685864,3,11.07,-4.76,VSEQAGKMESEVKR,SMC4,7,876,KDYER,SMC4,1,865,,,,,,
Rappsilber_Earnshaw_CLMS_SMC2-SMC4_holo-complex-Band-i_1,3414,485.844328,5,9.24,-4.22,VSEQAGKMESEVKR,SMC4,7,876,KDYER,SMC4,1,865,,,,,,
Rappsilber_Earnshaw_CLMS_SMC2-SMC4_holo-complex-Band-i_1,3426,758.06258,3,10.33,-2.08,STNALKEAQANK,SMC2,6,254,AEEIKDR,SMC2,5,246,,,,,,
Rappsilber_Earnshaw_CLMS_SMC2-SMC4_holo-complex-Band-i_1,3432,702.7154508,3,9.78,-2.11,SKALKDLEK,SMC4,2,364,LADEMoxKSK,SMC4,6,360,,,,,,
Rappsilber_Earnshaw_CLMS_SMC2-SMC4_holo-complex-Band-i_1,3467,568.7988914,4,11.54,-1.84,STNALKEAQANK,SMC2,6,254,AEEIKDR,SMC2,5,246,,,,,,
Rappsilber_Earnshaw_CLMS_SMC2-SMC4_holo-complex-Band-i_1,3712,695.7188295,3,9.26,-0.88,VEELKNVPSSSEK,SMC4,5,426,NLKK,SMC4,3,932,,,,,,
Rappsilber_Earnshaw_CLMS_SMC2-SMC4_holo-complex-Band-i_1,3778,887.4675721,3,8.48,-1.57,LKQVMoxSSLQEETR,SMC4,2,458,EIKNAQQK,SMC2,3,792,,,,,,
Rappsilber_Earnshaw_CLMS_SMC2-SMC4_holo-complex-Band-i_1,3781,786.1023318,3,9.81,-1.92,IKEGLNGLQEESK,SMC2,2,356,EKEIKK,SMC2,2,350,,,,,,
Rappsilber_Earnshaw_CLMS_SMC2-SMC4_holo-complex-Band-i_1,3827,812.1049454,3,9.46,-0.3,LKYAQQELK,SMC2,2,424,AATEAKQAQMK,SMC2,6,417,,,,,,
Rappsilber_Earnshaw_CLMS_SMC2-SMC4_holo-complex-Band-i_1,3853,812.1049454,3,10.06,-0.3,LKYAQQELK,SMC2,2,424,AATEAKQAQMK,SMC2,6,417,,,,,,
Rappsilber_Earnshaw_CLMS_SMC2-SMC4_holo-complex-Band-i_1,3872,609.3307823,4,8.03,0.12,AATEAKQAQMK,SMC2,6,417,LKYAQQELK,SMC2,2,424,,,,,,
Rappsilber_Earnshaw_CLMS_SMC2-SMC4_holo-complex-Band-i_1,4231,730.3710057,3,7.94,-3.42,ASYLEYQKMoxTR,SMC2,8,222,KHSFK,CAP-H,1,199,,,,,,
Rappsilber_Earnshaw_CLMS_SMC2-SMC4_holo-complex-Band-i_1,4280,625.6732279,3,8.75,-4.91,LADEMKSK,SMC4,6,360,ALKDLEK,SMC4,3,367,,,,,,
Rappsilber_Earnshaw_CLMS_SMC2-SMC4_holo-complex-Band-i_1,4627,718.8558555,4,10.37,-0.6,MoxDGSYKEDQEAFEAIRK,SMC2,6,445,QAEVKK,SMC2,5,438,,,,,,
Rappsilber_Earnshaw_CLMS_SMC2-SMC4_holo-complex-Band-i_1,4636,653.3488957,3,9.16,-1.03,LASNSKPAEGK,CAP-D2,6,816,NSVPFR,CAP-D2,2,823,,,,,,
Rappsilber_Earnshaw_CLMS_SMC2-SMC4_holo-complex-Band-i_1,4640,958.1386818,3,8.79,-0.63,MoxDGSYKEDQEAFEAIRK,SMC2,6,445,QAEVKK,SMC2,5,438,,,,,,
Rappsilber_Earnshaw_CLMS_SMC2-SMC4_holo-complex-Band-i_1,4662,718.8558555,4,9.71,-0.6,MoxDGSYKEDQEAFEAIRK,SMC2,6,445,QAEVKK,SMC2,5,438,,,,,,
Rappsilber_Earnshaw_CLMS_SMC2-SMC4_holo-complex-Band-i_1,4668,803.78266,3,5.24,-0.55,VEKNDPETLLK,CAP-G,3,553,IIKDDARR,CAP-G,3,455,,,,,,
Rappsilber_Earnshaw_CLMS_SMC2-SMC4_holo-complex-Band-i_1,4698,923.7153521,4,7.66,-5.05,INDLETQKENIQKETKDINEK,SMC4,16,346,SSKLADEMoxK,SMC4,3,354,,,,,,
Rappsilber_Earnshaw_CLMS_SMC2-SMC4_holo-complex-Band-i_1,4879,707.3923852,3,9.45,-0.55,FEYKNPEK,SMC2,4,511,ILEKGQLK,SMC2,4,566,,,,,,
Rappsilber_Earnshaw_CLMS_SMC2-SMC4_holo-complex-Band-i_1,4880,530.7962588,4,9.65,-0.27,ILEKGQLK,SMC2,4,566,FEYKNPEK,SMC2,4,511,,,,,,
Rappsilber_Earnshaw_CLMS_SMC2-SMC4_holo-complex-Band-i_1,4887,695.7291451,3,8.69,-0.36,TLPKIVGR,CAP-G,4,214,TMoxDVKEAVR,CAP-G,5,223,,,,,,
Rappsilber_Earnshaw_CLMS_SMC2-SMC4_holo-complex-Band-i_1,5043,751.093062,3,9.35,-5.43,VKLLQQGLNDR,CAP-G,2,250,IIKDDAR,CAP-G,3,455,,,,,,
Rappsilber_Earnshaw_CLMS_SMC2-SMC4_holo-complex-Band-i_1,5206,829.1186996,3,9.74,-1.1,VKLLQQGLNDR,CAP-G,2,250,TMoxDVKEAVR,CAP-G,5,223,,,,,,
Rappsilber_Earnshaw_CLMS_SMC2-SMC4_holo-complex-Band-i_1,5225,829.1186996,3,11.19,-1.1,VKLLQQGLNDR,CAP-G,2,250,TMoxDVKEAVR,CAP-G,5,223,,,,,,
Rappsilber_Earnshaw_CLMS_SMC2-SMC4_holo-complex-Band-i_1,5240,818.4577636,3,8.87,-0.91,KEELNAQDLVR,SMC4,1,564,ENKLEKLK,SMC4,6,561,,,,,,
Rappsilber_Earnshaw_CLMS_SMC2-SMC4_holo-complex-Band-i_1,5252,818.4577636,3,9.63,-0.91,KEELNAQDLVR,SMC4,1,564,ENKLEKLK,SMC4,6,561,,,,,,
Rappsilber_Earnshaw_CLMS_SMC2-SMC4_holo-complex-Band-i_1,5453,694.7310912,3,9.66,-0.85,KEELNAQDLVR,SMC4,1,564,LEKLK,SMC4,3,561,,,,,,
Rappsilber_Earnshaw_CLMS_SMC2-SMC4_holo-complex-Band-i_1,5477,811.1164287,3,9.78,-3.92,QQEDLLALKK,SMC2,9,749,YAQQELKTK,SMC2,7,431,,,,,,
Rappsilber_Earnshaw_CLMS_SMC2-SMC4_holo-complex-Band-i_1,5522,608.5890128,4,8.78,-4.13,QQEDLLALKK,SMC2,9,749,YAQQELKTK,SMC2,7,431,,,,,,
Rappsilber_Earnshaw_CLMS_SMC2-SMC4_holo-complex-Band-i_1,5523,811.1164287,3,9.61,-3.92,QQEDLLALKK,SMC2,9,749,YAQQELKTK,SMC2,7,431,,,,,,
Rappsilber_Earnshaw_CLMS_SMC2-SMC4_holo-complex-Band-i_1,5641,883.1450342,3,9.25,-0.64,EALMoxTTSETLKQR,SMC4,11,532,AAIKDIDIK,SMC4,4,539,,,,,,
Rappsilber_Earnshaw_CLMS_SMC2-SMC4_holo-complex-Band-i_1,5642,789.0935535,3,10.76,-0.93,KLAYEVLAEK,CAP-G,1,228,TMoxDVKEAVR,CAP-G,5,223,,,,,,
Rappsilber_Earnshaw_CLMS_SMC2-SMC4_holo-complex-Band-i_1,5784,708.372303,4,11.27,-0.7,FTQLDLQDVKVR,SMC4,10,396,KQNLNSEENR,SMC2,1,321,,,,,,
Rappsilber_Earnshaw_CLMS_SMC2-SMC4_holo-complex-Band-i_1,5786,944.1606515,3,10.68,-0.69,KQNLNSEENR,SMC2,1,321,FTQLDLQDVKVR,SMC4,10,396,,,,,,
Rappsilber_Earnshaw_CLMS_SMC2-SMC4_holo-complex-Band-i_1,5794,680.3510418,4,9.81,-0.33,VKELAQQIEETEK,SMC2,11,284,KNNEEFGAK,SMC2,1,287,,,,,,
Rappsilber_Earnshaw_CLMS_SMC2-SMC4_holo-complex-Band-i_1,5796,908.2367806,4,8.53,-0.54,INDLETQKENIQKETKDINEK,SMC4,16,346,EALNIKFK,SMC4,6,1012,,,,,,
Rappsilber_Earnshaw_CLMS_SMC2-SMC4_holo-complex-Band-i_1,5810,944.1606515,3,11.87,-0.69,FTQLDLQDVKVR,SMC4,10,396,KQNLNSEENR,SMC2,1,321,,,,,,
Rappsilber_Earnshaw_CLMS_SMC2-SMC4_holo-complex-Band-i_1,5811,680.3510418,4,9.79,-0.33,VKELAQQIEETEK,SMC2,11,284,KNNEEFGAK,SMC2,1,287,,,,,,
Rappsilber_Earnshaw_CLMS_SMC2-SMC4_holo-complex-Band-i_1,5819,708.372303,4,11.06,-0.7,FTQLDLQDVKVR,SMC4,10,396,KQNLNSEENR,SMC2,1,321,,,,,,
Rappsilber_Earnshaw_CLMS_SMC2-SMC4_holo-complex-Band-i_1,5837,708.372303,4,9.78,-0.7,FTQLDLQDVKVR,SMC4,10,396,KQNLNSEENR,SMC2,1,321,,,,,,
Rappsilber_Earnshaw_CLMS_SMC2-SMC4_holo-complex-Band-i_1,5848,944.1606515,3,10.42,-0.69,KQNLNSEENR,SMC2,1,321,FTQLDLQDVKVR,SMC4,10,396,,,,,,
Rappsilber_Earnshaw_CLMS_SMC2-SMC4_holo-complex-Band-i_1,6014,906.7979745,3,11,-1.42,VKELAQQIEETEK,SMC2,11,284,KNNEEFGAK,SMC2,1,287,,,,,,
Rappsilber_Earnshaw_CLMS_SMC2-SMC4_holo-complex-Band-i_1,6100,916.9605569,4,9.05,-0.49,TQQDKVDKINQEIDECcmTSAITK,SMC4,8,905,NISDATSKK,SMC4,8,442,,,,,,
Rappsilber_Earnshaw_CLMS_SMC2-SMC4_holo-complex-Band-i_1,6154,916.9605569,4,7.47,-0.49,TQQDKVDKINQEIDECcmTSAITK,SMC4,5,902,NISDATSKK,SMC4,8,442,,,,,,
Rappsilber_Earnshaw_CLMS_SMC2-SMC4_holo-complex-Band-i_1,6249,831.078502,3,7.29,0.44,ELAQQIEETEK,SMC2,9,284,KNNEEFGAK,SMC2,1,287,,,,,,
Rappsilber_Earnshaw_CLMS_SMC2-SMC4_holo-complex-Band-i_1,6409,797.3856408,4,10.46,1.62,AMoxEYVFGTTLVCcmSSMoxDNAKK,SMC2,19,637,VTFDKR,SMC2,5,643,,,,,,
Rappsilber_Earnshaw_CLMS_SMC2-SMC4_holo-complex-Band-i_1,6427,797.3856408,4,10.21,1.62,AMoxEYVFGTTLVCcmSSMoxDNAKK,SMC2,19,637,VTFDKR,SMC2,5,643,,,,,,
Rappsilber_Earnshaw_CLMS_SMC2-SMC4_holo-complex-Band-i_1,6479,809.4630325,3,10.88,-0.28,IDKITVLIEENKNK,SMC4,3,375,DLEKK,SMC4,4,371,,,,,,
Rappsilber_Earnshaw_CLMS_SMC2-SMC4_holo-complex-Band-i_1,6572,1066.871423,3,9.76,-0.74,SKMoxDVAQAELDIYLTR,SMC4,2,495,AATEAKQAQMoxK,SMC2,6,417,,,,,,
Rappsilber_Earnshaw_CLMS_SMC2-SMC4_holo-complex-Band-i_1,6581,1066.871423,3,11.19,-0.74,SKMoxDVAQAELDIYLTR,SMC4,2,495,AATEAKQAQMoxK,SMC2,6,417,,,,,,
Rappsilber_Earnshaw_CLMS_SMC2-SMC4_holo-complex-Band-i_1,6643,1066.871423,3,10.92,-0.74,SKMoxDVAQAELDIYLTR,SMC4,2,495,AATEAKQAQMoxK,SMC2,6,417,,,,,,
Rappsilber_Earnshaw_CLMS_SMC2-SMC4_holo-complex-Band-i_1,6646,697.3965368,4,9.19,-0.68,LIDLVKVEDK,SMC4,6,695,NLQKIPTPENAPR,SMC4,4,680,,,,,,
Rappsilber_Earnshaw_CLMS_SMC2-SMC4_holo-complex-Band-i_1,6680,929.526296,3,7.61,-0.67,NLQKIPTPENAPR,SMC4,4,680,LIDLVKVEDK,SMC4,6,695,,,,,,
Rappsilber_Earnshaw_CLMS_SMC2-SMC4_holo-complex-Band-i_1,6691,929.526296,3,9.56,-0.67,NLQKIPTPENAPR,SMC4,4,680,LIDLVKVEDK,SMC4,6,695,,,,,,
Rappsilber_Earnshaw_CLMS_SMC2-SMC4_holo-complex-Band-i_1,6703,1066.871423,3,9.54,-0.74,SKMoxDVAQAELDIYLTR,SMC4,2,495,AATEAKQAQMoxK,SMC2,6,417,,,,,,
Rappsilber_Earnshaw_CLMS_SMC2-SMC4_holo-complex-Band-i_1,6712,1066.871423,3,10.18,-0.74,SKMoxDVAQAELDIYLTR,SMC4,2,495,AATEAKQAQMoxK,SMC2,6,417,,,,,,
Rappsilber_Earnshaw_CLMS_SMC2-SMC4_holo-complex-Band-i_1,6856,914.9965438,4,7.45,-0.63,AAIKDIDIKLPTAEQELK,SMC4,4,539,EALMoxTTSETLKQR,SMC4,11,532,,,,,,
Rappsilber_Earnshaw_CLMS_SMC2-SMC4_holo-complex-Band-i_1,6959,916.9599301,4,9.92,-1.17,TQQDKVDKINQEIDECcmTSAITK,SMC4,5,902,NISDATSKK,SMC4,8,442,,,,,,
Rappsilber_Earnshaw_CLMS_SMC2-SMC4_holo-complex-Band-i_1,6976,794.9142069,4,10.32,0.91,FTQLDLQDVKVR,SMC4,10,396,ESLKNAENELSSEK,SMC2,4,869,,,,,,
Rappsilber_Earnshaw_CLMS_SMC2-SMC4_holo-complex-Band-i_1,6981,794.9142069,4,10.74,0.91,FTQLDLQDVKVR,SMC4,10,396,ESLKNAENELSSEK,SMC2,4,869,,,,,,
Rappsilber_Earnshaw_CLMS_SMC2-SMC4_holo-complex-Band-i_1,6997,1059.550011,3,9.05,1.06,ESLKNAENELSSEK,SMC2,4,869,FTQLDLQDVKVR,SMC4,10,396,,,,,,
Rappsilber_Earnshaw_CLMS_SMC2-SMC4_holo-complex-Band-i_1,6999,794.9142069,4,9.89,0.91,FTQLDLQDVKVR,SMC4,10,396,ESLKNAENELSSEK,SMC2,4,869,,,,,,
Rappsilber_Earnshaw_CLMS_SMC2-SMC4_holo-complex-Band-i_1,7000,1059.550011,3,10.88,1.06,ESLKNAENELSSEK,SMC2,4,869,FTQLDLQDVKVR,SMC4,10,396,,,,,,
Rappsilber_Earnshaw_CLMS_SMC2-SMC4_holo-complex-Band-i_1,7053,794.9142069,4,11.7,0.91,FTQLDLQDVKVR,SMC4,10,396,ESLKNAENELSSEK,SMC2,4,869,,,,,,
Rappsilber_Earnshaw_CLMS_SMC2-SMC4_holo-complex-Band-i_1,7572,748.38333,4,9.1,-0.81,AVQCcmEEEKFQLEEDITK,SMC4,16,802,LQKNVR,SMC4,3,806,,,,,,
Rappsilber_Earnshaw_CLMS_SMC2-SMC4_holo-complex-Band-i_1,7595,748.38333,4,10.06,-0.81,AVQCcmEEEKFQLEEDITK,SMC4,16,802,LQKNVR,SMC4,3,806,,,,,,
Rappsilber_Earnshaw_CLMS_SMC2-SMC4_holo-complex-Band-i_1,7604,748.38333,4,9.72,-0.81,AVQCcmEEEKFQLEEDITK,SMC4,16,802,LQKNVR,SMC4,3,806,,,,,,
Rappsilber_Earnshaw_CLMS_SMC2-SMC4_holo-complex-Band-i_1,7675,629.0261942,3,11.26,-0.02,SILENQNVK,CAP-H,1,477,AALTLSK,CAP-H,6,475,,,,,,
Rappsilber_Earnshaw_CLMS_SMC2-SMC4_holo-complex-Band-i_1,7837,628.0103743,3,7.51,-0.11,EQITELEHTK,CAP-G,4,528,KLEK,SMC4,1,410,,,,,,
Rappsilber_Earnshaw_CLMS_SMC2-SMC4_holo-complex-Band-i_1,7973,824.759619,3,9.97,-0.29,LAEEVCcmNAISK,CAP-D2,10,809,LASNSKPAEGK,CAP-D2,6,816,,,,,,
Rappsilber_Earnshaw_CLMS_SMC2-SMC4_holo-complex-Band-i_1,7995,824.759619,3,9.98,-0.29,LAEEVCcmNAISK,CAP-D2,10,809,LASNSKPAEGK,CAP-D2,6,816,,,,,,
Rappsilber_Earnshaw_CLMS_SMC2-SMC4_holo-complex-Band-i_1,8059,824.759619,3,9.4,-0.29,LAEEVCcmNAISK,CAP-D2,10,809,LASNSKPAEGK,CAP-D2,6,816,,,,,,
Rappsilber_Earnshaw_CLMS_SMC2-SMC4_holo-complex-Band-i_1,8088,650.3539206,3,8.35,-0.71,LLFTMoxMoxEK,CAP-D2,4,1066,SPLPVVR,CAP-D2,1,1071,,,,,,
Rappsilber_Earnshaw_CLMS_SMC2-SMC4_holo-complex-Band-i_1,8095,842.9420808,4,9.86,-1.19,YNTAVSQLDEAKEALMoxTTSETLK,SMC4,12,521,LKGQVK,SMC4,2,833,,,,,,
Rappsilber_Earnshaw_CLMS_SMC2-SMC4_holo-complex-Band-i_1,8177,842.9420808,4,9.72,-1.19,YNTAVSQLDEAKEALMoxTTSETLK,SMC4,12,521,LKGQVK,SMC4,2,833,,,,,,
Rappsilber_Earnshaw_CLMS_SMC2-SMC4_holo-complex-Band-i_2,11403,891.1358024,3,5.31,5.39,QSDTSVVTGEKAFSSITK,CAP-H,11,655,ASRSTK,SMC4,1,2,,,,,,
Rappsilber_Earnshaw_CLMS_SMC2-SMC4_holo-complex-Band-i_2,11439,668.6039529,4,5.39,5.81,QSDTSVVTGEKAFSSITK,CAP-H,11,655,ASRSTK,SMC4,1,2,,,,,,
Rappsilber_Earnshaw_CLMS_SMC2-SMC4_holo-complex-Band-i_2,11468,668.6039529,4,6.19,5.81,QSDTSVVTGEKAFSSITK,CAP-H,11,655,ASRSTK,SMC4,1,2,,,,,,
Rappsilber_Earnshaw_CLMS_SMC2-SMC4_holo-complex-Band-i_2,11517,891.1358024,3,5,5.39,QSDTSVVTGEKAFSSITK,CAP-H,11,655,ASRSTK,SMC4,1,2,,,,,,
Rappsilber_Earnshaw_CLMS_SMC2-SMC4_holo-complex-Band-i_2,11523,668.6039529,4,5.46,5.81,QSDTSVVTGEKAFSSITK,CAP-H,11,655,ASRSTK,SMC4,1,2,,,,,,
Rappsilber_Earnshaw_CLMS_SMC2-SMC4_holo-complex-Band-i_2,1296,465.5917353,3,9.24,-0.33,AQKSHR,CAP-D2,3,1365,NNKR,CAP-D2,3,1361,,,,,,
Rappsilber_Earnshaw_CLMS_SMC2-SMC4_holo-complex-Band-i_2,1598,486.2755523,3,9.05,0.2,EEEKTK,CAP-D2,4,956,KRPR,CAP-D2,1,971,,,,,,
Rappsilber_Earnshaw_CLMS_SMC2-SMC4_holo-complex-Band-i_2,1743,565.6441449,3,7.72,-0.31,AQKSHR,CAP-D2,3,1365,AASKPETK,CAP-D2,4,1283,,,,,,
Rappsilber_Earnshaw_CLMS_SMC2-SMC4_holo-complex-Band-i_2,1915,682.0196746,3,9.32,-0.64,HKSSADSEKENK,CAP-H,2,433,FKPR,CAP-H,2,429,,,,,,
Rappsilber_Earnshaw_CLMS_SMC2-SMC4_holo-complex-Band-i_2,1923,682.0196746,3,9.79,-0.64,HKSSADSEKENK,CAP-H,2,433,FKPR,CAP-H,2,429,,,,,,
Rappsilber_Earnshaw_CLMS_SMC2-SMC4_holo-complex-Band-i_2,1925,511.7665901,4,11.36,-0.61,HKSSADSEKENK,CAP-H,2,433,FKPR,CAP-H,2,429,,,,,,
Rappsilber_Earnshaw_CLMS_SMC2-SMC4_holo-complex-Band-i_2,1931,524.6175449,3,11,-0.43,SDSSTIKK,CAP-D2,7,970,HKER,CAP-D2,2,961,,,,,,
Rappsilber_Earnshaw_CLMS_SMC2-SMC4_holo-complex-Band-i_2,1933,409.6148688,5,9.71,-0.27,HKSSADSEKENK,CAP-H,2,433,FKPR,CAP-H,2,429,,,,,,
Rappsilber_Earnshaw_CLMS_SMC2-SMC4_holo-complex-Band-i_2,2058,660.71245,3,8.12,-0.43,ILREEEKTK,CAP-D2,7,956,KHKER,CAP-D2,3,961,,,,,,
Rappsilber_Earnshaw_CLMS_SMC2-SMC4_holo-complex-Band-i_2,2070,636.3335447,3,6.06,-0.41,SSADSEKENKK,CAP-H,7,440,FKPR,CAP-H,2,429,,,,,,
Rappsilber_Earnshaw_CLMS_SMC2-SMC4_holo-complex-Band-i_2,2077,418.9716901,4,9.63,-0.22,HKSSADSEK,CAP-H,2,433,FKPR,CAP-H,2,429,,,,,,
Rappsilber_Earnshaw_CLMS_SMC2-SMC4_holo-complex-Band-i_2,2120,462.9415652,3,9.64,-0.15,KKHSFK,CAP-H,2,199,VQTK,CAP-H,3,196,,,,,,
Rappsilber_Earnshaw_CLMS_SMC2-SMC4_holo-complex-Band-i_2,2142,477.603537,3,9,-0.07,SDSSTIK,CAP-D2,5,968,KRPR,CAP-D2,1,971,,,,,,
Rappsilber_Earnshaw_CLMS_SMC2-SMC4_holo-complex-Band-i_2,2185,637.3446764,3,9.92,-0.4,TSTAAHQKGR,SMC4,8,15,GEKLNR,SMC4,3,281,,,,,,
Rappsilber_Earnshaw_CLMS_SMC2-SMC4_holo-complex-Band-i_2,2206,593.6352748,3,3.87,-0.36,SSADSEKENK,CAP-H,7,440,FKPR,CAP-H,2,429,,,,,,
Rappsilber_Earnshaw_CLMS_SMC2-SMC4_holo-complex-Band-i_2,2291,427.4939361,4,10.55,-0.51,QKVEEAK,SMC4,2,579,GQLKHR,SMC2,4,570,,,,,,
Rappsilber_Earnshaw_CLMS_SMC2-SMC4_holo-complex-Band-i_2,2343,361.7217202,4,7.92,0.6,KAAVGTR,CAP-G,1,974,LKSTR,CAP-G,2,962,,,,,,
Rappsilber_Earnshaw_CLMS_SMC2-SMC4_holo-complex-Band-i_2,2859,611.0543802,4,11,-0.81,VSEQAGKMoxESEVKR,SMC4,7,876,KDYER,SMC4,1,865,,,,,,
Rappsilber_Earnshaw_CLMS_SMC2-SMC4_holo-complex-Band-i_2,2860,814.4033587,3,9.9,-0.88,VSEQAGKMoxESEVKR,SMC4,7,876,KDYER,SMC4,1,865,,,,,,
Rappsilber_Earnshaw_CLMS_SMC2-SMC4_holo-complex-Band-i_2,2900,412.9959743,4,8.76,-0.7,TKDIKAK,SMC2,5,890,IEKYR,SMC2,3,898,,,,,,
Rappsilber_Earnshaw_CLMS_SMC2-SMC4_holo-complex-Band-i_2,2978,684.6885132,3,10.87,0.29,ITAHKTIEK,SMC2,5,183,MoxYECcmKK,SMC2,5,177,,,,,,
Rappsilber_Earnshaw_CLMS_SMC2-SMC4_holo-complex-Band-i_2,2985,716.7295726,3,9.75,-0.76,SDSSTIKK,CAP-D2,7,970,ILREEEKTK,CAP-D2,7,956,,,,,,
Rappsilber_Earnshaw_CLMS_SMC2-SMC4_holo-complex-Band-i_2,2993,804.0719722,3,10.56,-0.72,KQPLSEASNNKDE,SMC2,1,1177,HCcmQLKK,SMC2,5,1175,,,,,,
Rappsilber_Earnshaw_CLMS_SMC2-SMC4_holo-complex-Band-i_2,3093,578.6839441,3,10.16,-0.68,AQVAIKTAHR,SMC4,6,925,NLKK,SMC4,3,932,,,,,,
Rappsilber_Earnshaw_CLMS_SMC2-SMC4_holo-complex-Band-i_2,3227,695.3776962,3,9.08,-2.73,IAIQYAKTAK,CAP-H,7,610,KMoxDMoxKR,CAP-H,1,614,,,,,,
Rappsilber_Earnshaw_CLMS_SMC2-SMC4_holo-complex-Band-i_2,3281,870.1117057,3,10.23,-1.57,LKQVMoxSSLQEETR,SMC4,2,458,KKADDSSR,SMC2,1,803,,,,,,
Rappsilber_Earnshaw_CLMS_SMC2-SMC4_holo-complex-Band-i_2,3309,870.1117057,3,9.53,-1.57,LKQVMoxSSLQEETR,SMC4,2,458,KKADDSSR,SMC2,1,803,,,,,,
Rappsilber_Earnshaw_CLMS_SMC2-SMC4_holo-complex-Band-i_2,3320,870.1117057,3,10.82,-1.57,LKQVMoxSSLQEETR,SMC4,2,458,KKADDSSR,SMC2,1,803,,,,,,
Rappsilber_Earnshaw_CLMS_SMC2-SMC4_holo-complex-Band-i_2,3405,605.0093335,3,9.11,-2.39,NAQQKLNSAK,SMC2,5,797,GKEIK,SMC2,2,789,,,,,,
Rappsilber_Earnshaw_CLMS_SMC2-SMC4_holo-complex-Band-i_2,3437,688.0296451,3,7.95,-1.92,LTQKALCcmR,CAP-D2,4,534,LQEMoxKDR,CAP-D2,5,460,,,,,,
Rappsilber_Earnshaw_CLMS_SMC2-SMC4_holo-complex-Band-i_2,3443,688.0296451,3,9.2,-1.92,LTQKALCcmR,CAP-D2,4,534,LQEMoxKDR,CAP-D2,5,460,,,,,,
Rappsilber_Earnshaw_CLMS_SMC2-SMC4_holo-complex-Band-i_2,3547,817.4343069,3,11.18,-3.09,AATEAKQAQMoxK,SMC2,6,417,LKYAQQELK,SMC2,2,424,,,,,,
Rappsilber_Earnshaw_CLMS_SMC2-SMC4_holo-complex-Band-i_2,3563,817.4343069,3,10.17,-3.09,AATEAKQAQMoxK,SMC2,6,417,LKYAQQELK,SMC2,2,424,,,,,,
Rappsilber_Earnshaw_CLMS_SMC2-SMC4_holo-complex-Band-i_2,3567,643.3442613,3,8.41,-2.54,IAIQYAKTAK,CAP-H,7,610,KMoxDMoxK,CAP-H,1,614,,,,,,
Rappsilber_Earnshaw_CLMS_SMC2-SMC4_holo-complex-Band-i_2,3570,613.3273953,4,10.51,-3.34,AATEAKQAQMoxK,SMC2,6,417,LKYAQQELK,SMC2,2,424,,,,,,
Rappsilber_Earnshaw_CLMS_SMC2-SMC4_holo-complex-Band-i_2,3584,949.1722014,3,9.45,-2.36,LKQVMoxSSLQEETR,SMC4,2,458,GKEIKNAQQK,SMC2,5,792,,,,,,
Rappsilber_Earnshaw_CLMS_SMC2-SMC4_holo-complex-Band-i_2,3592,949.1722014,3,8.49,-2.36,LKQVMoxSSLQEETR,SMC4,2,458,GKEIKNAQQK,SMC2,5,792,,,,,,
Rappsilber_Earnshaw_CLMS_SMC2-SMC4_holo-complex-Band-i_2,3630,753.1417536,4,10.82,-3.63,KIFESMoxAENEKK,SMC2,1,262,STNALKEAQANKK,SMC2,6,254,,,,,,
Rappsilber_Earnshaw_CLMS_SMC2-SMC4_holo-complex-Band-i_2,3633,702.714577,3,9.34,-3.35,SKALKDLEK,SMC4,2,364,LADEMoxKSK,SMC4,6,360,,,,,,
Rappsilber_Earnshaw_CLMS_SMC2-SMC4_holo-complex-Band-i_2,3683,583.6492054,3,8.39,-1.88,TMoxDVKEAVR,CAP-G,5,223,FKPR,CAP-H,2,429,,,,,,
Rappsilber_Earnshaw_CLMS_SMC2-SMC4_holo-complex-Band-i_2,3726,500.0461605,4,8.21,-0.65,VLGGLGKESAPTK,CAP-H,7,168,VQTKK,CAP-H,4,197,,,,,,
Rappsilber_Earnshaw_CLMS_SMC2-SMC4_holo-complex-Band-i_2,3727,666.3921177,3,9.92,-1.16,VLGGLGKESAPTK,CAP-H,7,168,VQTKK,CAP-H,4,197,,,,,,
Rappsilber_Earnshaw_CLMS_SMC2-SMC4_holo-complex-Band-i_2,3747,545.3080046,4,9.13,-1.22,DVPHTPVTEVKSK,CAP-G,11,954,LKSTR,CAP-G,2,962,,,,,,
Rappsilber_Earnshaw_CLMS_SMC2-SMC4_holo-complex-Band-i_2,3810,642.0565799,3,9.29,-1.96,LAEIKVK,CAP-G,5,498,IIKDDARR,CAP-G,3,455,,,,,,
Rappsilber_Earnshaw_CLMS_SMC2-SMC4_holo-complex-Band-i_2,3846,481.7943312,4,5.33,-1.8,LAEIKVK,CAP-G,5,498,IIKDDARR,CAP-G,3,455,,,,,,
Rappsilber_Earnshaw_CLMS_SMC2-SMC4_holo-complex-Band-i_2,3878,647.1029956,4,7.92,-5.06,DKEKVEELKNVPSSSEK,SMC4,9,426,NLKK,SMC4,3,932,,,,,,
Rappsilber_Earnshaw_CLMS_SMC2-SMC4_holo-complex-Band-i_2,3881,862.4681918,3,8.85,-5.11,DKEKVEELKNVPSSSEK,SMC4,9,426,NLKK,SMC4,3,932,,,,,,
Rappsilber_Earnshaw_CLMS_SMC2-SMC4_holo-complex-Band-i_2,3886,647.1029956,4,7.4,-5.06,DKEKVEELKNVPSSSEK,SMC4,9,426,NLKK,SMC4,3,932,,,,,,
Rappsilber_Earnshaw_CLMS_SMC2-SMC4_holo-complex-Band-i_2,3895,621.852416,4,10.32,-1.65,KIKEGLNGLQEESKK,SMC2,3,356,EKEIK,SMC2,2,350,,,,,,
Rappsilber_Earnshaw_CLMS_SMC2-SMC4_holo-complex-Band-i_2,3941,961.1553101,3,8.76,-3.39,KIFESMoxAENEK,SMC2,1,262,STNALKEAQANKK,SMC2,6,254,,,,,,
Rappsilber_Earnshaw_CLMS_SMC2-SMC4_holo-complex-Band-i_2,3944,624.3281067,3,6.26,-1.8,SFTTVCcmESKK,CAP-H,9,383,FKPR,CAP-H,2,429,,,,,,
Rappsilber_Earnshaw_CLMS_SMC2-SMC4_holo-complex-Band-i_2,3961,961.1553101,3,9.49,-3.39,KIFESMoxAENEK,SMC2,1,262,STNALKEAQANKK,SMC2,6,254,,,,,,
Rappsilber_Earnshaw_CLMS_SMC2-SMC4_holo-complex-Band-i_2,3975,721.1183404,4,9,-3.34,KIFESMoxAENEK,SMC2,1,262,STNALKEAQANKK,SMC2,6,254,,,,,,
Rappsilber_Earnshaw_CLMS_SMC2-SMC4_holo-complex-Band-i_2,3994,721.1183404,4,8.45,-3.34,KIFESMoxAENEK,SMC2,1,262,STNALKEAQANKK,SMC2,6,254,,,,,,
Rappsilber_Earnshaw_CLMS_SMC2-SMC4_holo-complex-Band-i_2,4016,721.1183404,4,9.32,-3.34,KKIFESMoxAENEK,SMC2,1,261,STNALKEAQANK,SMC2,6,254,,,,,,
Rappsilber_Earnshaw_CLMS_SMC2-SMC4_holo-complex-Band-i_2,4170,770.08173,3,9.08,-0.99,LKDKFSNVR,CAP-G,2,154,TMoxDVKEAVR,CAP-G,5,223,,,,,,
Rappsilber_Earnshaw_CLMS_SMC2-SMC4_holo-complex-Band-i_2,4187,765.1732493,4,7.75,-3,VETLNEQRGEKLNR,SMC4,11,281,RKEELYLKR,SMC4,8,1102,,,,,,
Rappsilber_Earnshaw_CLMS_SMC2-SMC4_holo-complex-Band-i_2,4201,765.1732493,4,4,-3,RVETLNEQRGEKLNR,SMC4,12,281,RKEELYLK,SMC4,2,1096,,,,,,
Rappsilber_Earnshaw_CLMS_SMC2-SMC4_holo-complex-Band-i_2,4228,612.3399334,5,6.69,-3.2,RVETLNEQRGEKLNR,SMC4,12,281,KEELYLKR,SMC4,7,1102,,,,,,
Rappsilber_Earnshaw_CLMS_SMC2-SMC4_holo-complex-Band-i_2,4325,540.5339592,4,10.59,-1.16,ASYLEYQKMoxTR,SMC2,8,222,LKEAR,SMC2,2,211,,,,,,
Rappsilber_Earnshaw_CLMS_SMC2-SMC4_holo-complex-Band-i_2,4695,750.0900778,3,9.04,-1.36,KILEKGQLK,SMC2,5,566,FEYKNPEK,SMC2,4,511,,,,,,
Rappsilber_Earnshaw_CLMS_SMC2-SMC4_holo-complex-Band-i_2,4700,562.8199076,4,9.52,-0.42,FEYKNPEK,SMC2,4,511,KILEKGQLK,SMC2,5,566,,,,,,
Rappsilber_Earnshaw_CLMS_SMC2-SMC4_holo-complex-Band-i_2,4736,639.0965508,4,10.81,-1.08,LKYEEAEQEAHLAK,SMC2,2,469,LQKNVR,SMC4,3,806,,,,,,
Rappsilber_Earnshaw_CLMS_SMC2-SMC4_holo-complex-Band-i_2,4754,639.0965508,4,11.26,-1.08,LKYEEAEQEAHLAK,SMC2,2,469,LQKNVR,SMC4,3,806,,,,,,
Rappsilber_Earnshaw_CLMS_SMC2-SMC4_holo-complex-Band-i_2,4780,769.1371912,4,12.16,-0.97,LKYEEAEQEAHLAK,SMC2,2,469,NMoxAEKYQHLK,SMC2,5,711,,,,,,
Rappsilber_Earnshaw_CLMS_SMC2-SMC4_holo-complex-Band-i_2,4782,615.5110653,5,11.45,-1.2,LKYEEAEQEAHLAK,SMC2,2,469,NMoxAEKYQHLK,SMC2,5,711,,,,,,
Rappsilber_Earnshaw_CLMS_SMC2-SMC4_holo-complex-Band-i_2,4805,769.1371912,4,10.58,-0.97,LKYEEAEQEAHLAK,SMC2,2,469,NMoxAEKYQHLK,SMC2,5,711,,,,,,
Rappsilber_Earnshaw_CLMS_SMC2-SMC4_holo-complex-Band-i_2,4829,617.7057246,3,6.39,-1.93,TLPKIVGR,CAP-G,4,214,IIKDDAR,CAP-G,3,455,,,,,,
Rappsilber_Earnshaw_CLMS_SMC2-SMC4_holo-complex-Band-i_2,4858,653.3484064,3,8.25,-1.78,NSVPFR,CAP-D2,2,823,LASNSKPAEGK,CAP-D2,6,816,,,,,,
Rappsilber_Earnshaw_CLMS_SMC2-SMC4_holo-complex-Band-i_2,4862,463.5311999,4,8.86,-1.75,TLPKIVGR,CAP-G,4,214,IIKDDAR,CAP-G,3,455,,,,,,
Rappsilber_Earnshaw_CLMS_SMC2-SMC4_holo-complex-Band-i_2,4875,653.3484064,3,8.84,-1.78,LASNSKPAEGK,CAP-D2,6,816,NSVPFR,CAP-D2,2,823,,,,,,
Rappsilber_Earnshaw_CLMS_SMC2-SMC4_holo-complex-Band-i_2,4976,516.53993,4,9.21,-5.64,TKFVDGISTVSR,SMC2,2,1160,LKEAR,SMC2,2,211,,,,,,
Rappsilber_Earnshaw_CLMS_SMC2-SMC4_holo-complex-Band-i_2,5092,690.694954,3,9.15,-2.44,ELEKVLNSYK,SMC4,4,858,KDYER,SMC4,1,865,,,,,,
Rappsilber_Earnshaw_CLMS_SMC2-SMC4_holo-complex-Band-i_2,5347,833.4135105,4,11.85,-4.24,LKYEEAEQEAHLAK,SMC2,2,469,YQHLKQQWEMoxK,SMC2,5,716,,,,,,
Rappsilber_Earnshaw_CLMS_SMC2-SMC4_holo-complex-Band-i_2,5364,838.1123597,3,11.41,-2.71,VDAVHADTYK,CAP-H,8,159,VLGGLGKESAPTK,CAP-H,7,168,,,,,,
Rappsilber_Earnshaw_CLMS_SMC2-SMC4_holo-complex-Band-i_2,5365,833.4135105,4,10.11,-4.24,YQHLKQQWEMoxK,SMC2,5,716,LKYEEAEQEAHLAK,SMC2,2,469,,,,,,
Rappsilber_Earnshaw_CLMS_SMC2-SMC4_holo-complex-Band-i_2,5371,714.74397,3,9.33,-3.14,KQLSSEISSLR,SMC2,1,483,LQKNVR,SMC4,3,806,,,,,,
Rappsilber_Earnshaw_CLMS_SMC2-SMC4_holo-complex-Band-i_2,5381,536.3100231,4,10.17,-2.72,KQLSSEISSLR,SMC2,1,483,LQKNVR,SMC4,3,806,,,,,,
Rappsilber_Earnshaw_CLMS_SMC2-SMC4_holo-complex-Band-i_2,5389,536.3100231,4,9.62,-2.72,KQLSSEISSLR,SMC2,1,483,LQKNVR,SMC4,3,806,,,,,,
Rappsilber_Earnshaw_CLMS_SMC2-SMC4_holo-complex-Band-i_2,5450,645.7000903,3,8.36,-2.7,TKAALTLSK,CAP-H,2,469,DKFSNVR,CAP-G,2,156,,,,,,
Rappsilber_Earnshaw_CLMS_SMC2-SMC4_holo-complex-Band-i_2,5643,621.6015382,4,8.26,-1,VDAVHADTYKVLGGLGK,CAP-H,10,161,VQTKK,CAP-H,4,197,,,,,,
Rappsilber_Earnshaw_CLMS_SMC2-SMC4_holo-complex-Band-i_2,5662,828.4666617,3,10.18,-0.55,VDAVHADTYKVLGGLGK,CAP-H,10,161,VQTKK,CAP-H,4,197,,,,,,
Rappsilber_Earnshaw_CLMS_SMC2-SMC4_holo-complex-Band-i_2,5669,724.1112483,3,9.23,-0.81,KQQIKLAEIK,CAP-G,5,493,VKLFEAK,CAP-G,2,500,,,,,,
Rappsilber_Earnshaw_CLMS_SMC2-SMC4_holo-complex-Band-i_2,5756,492.8004652,4,6.68,-2.62,LISAKLLSR,CAP-G,5,734,IIKDDAR,CAP-G,3,455,,,,,,
Rappsilber_Earnshaw_CLMS_SMC2-SMC4_holo-complex-Band-i_2,5757,656.7312801,3,11.16,-2.99,IIKDDAR,CAP-G,3,455,LISAKLLSR,CAP-G,5,734,,,,,,
Rappsilber_Earnshaw_CLMS_SMC2-SMC4_holo-complex-Band-i_2,5771,941.1628819,3,10.28,-2.01,VVTLKGEIIEQSGTMoxTGGGGK,SMC4,5,738,VMoxKGR,SMC4,3,757,,,,,,
Rappsilber_Earnshaw_CLMS_SMC2-SMC4_holo-complex-Band-i_2,5895,989.7409845,4,9.52,-3.68,NKYLINGMoxNASNNR,SMC2,2,114,NGQAGVNKATVSITFDNSDKK,SMC2,8,76,,,,,,
Rappsilber_Earnshaw_CLMS_SMC2-SMC4_holo-complex-Band-i_2,5905,989.7409845,4,10.05,-3.68,NKYLINGMoxNASNNR,SMC2,2,114,NGQAGVNKATVSITFDNSDKK,SMC2,8,76,,,,,,
Rappsilber_Earnshaw_CLMS_SMC2-SMC4_holo-complex-Band-i_2,6032,1024.552993,3,10.39,-1.29,FTQLDLQDVKVR,SMC4,10,396,KQNLNSEENRLK,SMC2,1,321,,,,,,
Rappsilber_Earnshaw_CLMS_SMC2-SMC4_holo-complex-Band-i_2,6038,1024.552993,3,11.37,-1.29,KQNLNSEENRLK,SMC2,1,321,FTQLDLQDVKVR,SMC4,10,396,,,,,,
Rappsilber_Earnshaw_CLMS_SMC2-SMC4_holo-complex-Band-i_2,6049,944.1605769,3,9.76,-0.77,FTQLDLQDVKVR,SMC4,10,396,KQNLNSEENR,SMC2,1,321,,,,,,
Rappsilber_Earnshaw_CLMS_SMC2-SMC4_holo-complex-Band-i_2,6055,615.1348618,5,9.67,-1.03,FTQLDLQDVKVR,SMC4,10,396,KQNLNSEENRLK,SMC2,1,321,,,,,,
Rappsilber_Earnshaw_CLMS_SMC2-SMC4_holo-complex-Band-i_2,6063,708.3709186,4,9.23,-2.65,FTQLDLQDVKVR,SMC4,10,396,KQNLNSEENR,SMC2,1,321,,,,,,
Rappsilber_Earnshaw_CLMS_SMC2-SMC4_holo-complex-Band-i_2,6068,944.1605769,3,12.54,-0.77,KQNLNSEENR,SMC2,1,321,FTQLDLQDVKVR,SMC4,10,396,,,,,,
Rappsilber_Earnshaw_CLMS_SMC2-SMC4_holo-complex-Band-i_2,6074,932.4990972,4,9.54,-1.46,TSQLEATEKELANLK,SMC2,9,700,LKYEEAEQEAHLAKKK,SMC2,14,481,,,,,,
Rappsilber_Earnshaw_CLMS_SMC2-SMC4_holo-complex-Band-i_2,6078,1024.552993,3,8.75,-1.29,FTQLDLQDVKVR,SMC4,10,396,KQNLNSEENRLK,SMC2,1,321,,,,,,
Rappsilber_Earnshaw_CLMS_SMC2-SMC4_holo-complex-Band-i_2,6113,809.7810361,3,8.01,-4.49,VDAVHADTYKVLGGLGK,CAP-H,10,161,FKPR,CAP-H,2,429,,,,,,
Rappsilber_Earnshaw_CLMS_SMC2-SMC4_holo-complex-Band-i_2,6123,809.7810361,3,8.77,-4.49,VDAVHADTYKVLGGLGK,CAP-H,10,161,FKPR,CAP-H,2,429,,,,,,
Rappsilber_Earnshaw_CLMS_SMC2-SMC4_holo-complex-Band-i_2,6130,809.7810361,3,9.72,-4.49,VDAVHADTYKVLGGLGK,CAP-H,10,161,FKPR,CAP-H,2,429,,,,,,
Rappsilber_Earnshaw_CLMS_SMC2-SMC4_holo-complex-Band-i_2,6141,809.7810361,3,9.22,-4.49,VDAVHADTYKVLGGLGK,CAP-H,10,161,FKPR,CAP-H,2,429,,,,,,
Rappsilber_Earnshaw_CLMS_SMC2-SMC4_holo-complex-Band-i_2,6264,681.4132819,3,8.44,-0.34,QQIKLAEIK,CAP-G,4,493,VKLFEAK,CAP-G,2,500,,,,,,
Rappsilber_Earnshaw_CLMS_SMC2-SMC4_holo-complex-Band-i_2,6452,900.4757483,4,10.34,-1.08,TSQLEATEKELANLK,SMC2,9,700,LKYEEAEQEAHLAKK,SMC2,14,481,,,,,,
Rappsilber_Earnshaw_CLMS_SMC2-SMC4_holo-complex-Band-i_2,6460,720.5819285,5,7.13,-1.25,TSQLEATEKELANLK,SMC2,9,700,LKYEEAEQEAHLAKK,SMC2,14,481,,,,,,
Rappsilber_Earnshaw_CLMS_SMC2-SMC4_holo-complex-Band-i_2,6469,900.4757483,4,11.31,-1.08,TSQLEATEKELANLK,SMC2,9,700,LKYEEAEQEAHLAKK,SMC2,14,481,,,,,,
Rappsilber_Earnshaw_CLMS_SMC2-SMC4_holo-complex-Band-i_2,6533,885.459491,3,8.48,-0.22,TIEQNLNNINVTEANRR,CAP-H,1,204,HSFK,CAP-H,2,201,,,,,,
Rappsilber_Earnshaw_CLMS_SMC2-SMC4_holo-complex-Band-i_2,6541,589.5771102,4,11.37,-0.58,IMoxQEEFKAFTSK,SMC2,7,343,LKELIK,SMC2,2,332,,,,,,
Rappsilber_Earnshaw_CLMS_SMC2-SMC4_holo-complex-Band-i_2,6543,664.3471808,4,7.77,0.91,TIEQNLNNINVTEANRR,CAP-H,1,204,HSFK,CAP-H,2,201,,,,,,
Rappsilber_Earnshaw_CLMS_SMC2-SMC4_holo-complex-Band-i_2,6554,912.1911879,3,10.44,-0.39,EQITELEHTKTNLIK,CAP-G,10,534,LAEIKVK,CAP-G,5,498,,,,,,
Rappsilber_Earnshaw_CLMS_SMC2-SMC4_holo-complex-Band-i_2,6561,664.3471808,4,5.52,0.91,TIEQNLNNINVTEANRR,CAP-H,1,204,HSFK,CAP-H,2,201,,,,,,
Rappsilber_Earnshaw_CLMS_SMC2-SMC4_holo-complex-Band-i_2,6598,912.1911879,3,8.28,-0.39,EQITELEHTKTNLIK,CAP-G,10,534,LAEIKVK,CAP-G,5,498,,,,,,
Rappsilber_Earnshaw_CLMS_SMC2-SMC4_holo-complex-Band-i_2,6641,728.7733427,3,7.36,2.41,KLAYEVLAEK,CAP-G,1,228,TLPKIVGR,CAP-G,4,214,,,,,,
Rappsilber_Earnshaw_CLMS_SMC2-SMC4_holo-complex-Band-i_2,6671,913.5368809,3,10.66,1.73,IDKITVLIEENKNK,SMC4,3,375,ALKDLEKK,SMC4,7,371,,,,,,
Rappsilber_Earnshaw_CLMS_SMC2-SMC4_holo-complex-Band-i_2,6675,546.8319389,4,11.44,2.62,KLAYEVLAEK,CAP-G,1,228,TLPKIVGR,CAP-G,4,214,,,,,,
Rappsilber_Earnshaw_CLMS_SMC2-SMC4_holo-complex-Band-i_2,6676,685.4046974,4,9.29,2.04,IDKITVLIEENKNK,SMC4,3,375,ALKDLEKK,SMC4,7,371,,,,,,
Rappsilber_Earnshaw_CLMS_SMC2-SMC4_holo-complex-Band-i_2,6703,797.3857371,4,9.99,1.74,AMoxEYVFGTTLVCcmSSMoxDNAKK,SMC2,19,637,VTFDKR,SMC2,5,643,,,,,,
Rappsilber_Earnshaw_CLMS_SMC2-SMC4_holo-complex-Band-i_2,6780,501.0518112,4,9.36,-0.05,STFKDVGILLR,SMC4,4,204,AQKIR,SMC4,3,133,,,,,,
Rappsilber_Earnshaw_CLMS_SMC2-SMC4_holo-complex-Band-i_2,7227,615.0755004,4,10.11,-0.18,TVTAMoxDVVYALKR,Histone H4 type VIII,12,92,KGNYAER,Histone H2A-III,1,37,,,,,,
Rappsilber_Earnshaw_CLMS_SMC2-SMC4_holo-complex-Band-i_2,7426,794.9125778,4,10.19,-1.15,ESLKNAENELSSEK,SMC2,4,869,FTQLDLQDVKVR,SMC4,10,396,,,,,,
Rappsilber_Earnshaw_CLMS_SMC2-SMC4_holo-complex-Band-i_2,7436,794.9125778,4,10.16,-1.15,FTQLDLQDVKVR,SMC4,10,396,ESLKNAENELSSEK,SMC2,4,869,,,,,,
Rappsilber_Earnshaw_CLMS_SMC2-SMC4_holo-complex-Band-i_2,7445,794.9125778,4,11.03,-1.15,FTQLDLQDVKVR,SMC4,10,396,ESLKNAENELSSEK,SMC2,4,869,,,,,,
Rappsilber_Earnshaw_CLMS_SMC2-SMC4_holo-complex-Band-i_2,7459,794.9125778,4,10.25,-1.15,FTQLDLQDVKVR,SMC4,10,396,ESLKNAENELSSEK,SMC2,4,869,,,,,,
Rappsilber_Earnshaw_CLMS_SMC2-SMC4_holo-complex-Band-i_2,7471,1059.547011,3,8.96,-1.78,ESLKNAENELSSEK,SMC2,4,869,FTQLDLQDVKVR,SMC4,10,396,,,,,,
Rappsilber_Earnshaw_CLMS_SMC2-SMC4_holo-complex-Band-i_2,7478,794.9125778,4,10.85,-1.15,FTQLDLQDVKVR,SMC4,10,396,ESLKNAENELSSEK,SMC2,4,869,,,,,,
Rappsilber_Earnshaw_CLMS_SMC2-SMC4_holo-complex-Band-i_2,7480,1059.547011,3,9.1,-1.78,ESLKNAENELSSEK,SMC2,4,869,FTQLDLQDVKVR,SMC4,10,396,,,,,,
Rappsilber_Earnshaw_CLMS_SMC2-SMC4_holo-complex-Band-i_2,7544,980.7463596,4,8.15,-0.58,STEAEIEDVEKQSDTSVVTGEK,CAP-H,11,644,AFSSITKELLHR,CAP-H,7,662,,,,,,
Rappsilber_Earnshaw_CLMS_SMC2-SMC4_holo-complex-Band-i_2,7580,980.7463596,4,4.88,-0.58,STEAEIEDVEKQSDTSVVTGEK,CAP-H,11,644,AFSSITKELLHR,CAP-H,7,662,,,,,,
Rappsilber_Earnshaw_CLMS_SMC2-SMC4_holo-complex-Band-i_2,7608,980.7463596,4,4.56,-0.58,STEAEIEDVEKQSDTSVVTGEK,CAP-H,11,644,AFSSITKELLHR,CAP-H,7,662,,,,,,
Rappsilber_Earnshaw_CLMS_SMC2-SMC4_holo-complex-Band-i_2,7688,811.4272712,4,9.38,-1.98,MoxGSSVVTDVSPEEVNR,SMC4,10,769,GKVLEALLEQKR,SMC4,2,595,,,,,,
Rappsilber_Earnshaw_CLMS_SMC2-SMC4_holo-complex-Band-i_2,7698,811.4272712,4,8.8,-1.98,MoxGSSVVTDVSPEEVNR,SMC4,10,769,GKVLEALLEQKR,SMC4,2,595,,,,,,
Rappsilber_Earnshaw_CLMS_SMC2-SMC4_holo-complex-Band-i_2,7731,811.4272712,4,8.49,-1.98,MoxGSSVVTDVSPEEVNR,SMC4,10,769,GKVLEALLEQKR,SMC4,2,595,,,,,,
Rappsilber_Earnshaw_CLMS_SMC2-SMC4_holo-complex-Band-i_2,7743,811.4272712,4,8.15,-1.98,MoxGSSVVTDVSPEEVNR,SMC4,10,769,GKVLEALLEQKR,SMC4,2,595,,,,,,
Rappsilber_Earnshaw_CLMS_SMC2-SMC4_holo-complex-Band-i_2,8178,636.8431526,4,9.37,0.43,VEDKSFSPAFYFALR,SMC4,4,699,KNLQK,SMC4,1,676,,,,,,
Rappsilber_Earnshaw_CLMS_SMC2-SMC4_holo-complex-Band-i_2,8204,913.9825248,4,9.85,-0.53,YNTAVSQLDEAKEALMoxTTSETLKQR,SMC4,23,532,LKGQVK,SMC4,2,833,,,,,,
Rappsilber_Earnshaw_CLMS_SMC2-SMC4_holo-complex-Band-i_2,8206,629.0261885,3,11.61,-0.02,SILENQNVK,CAP-H,1,477,AALTLSK,CAP-H,6,475,,,,,,
Rappsilber_Earnshaw_CLMS_SMC2-SMC4_holo-complex-Band-i_2,8223,629.0261885,3,8.88,-0.02,SILENQNVK,CAP-H,1,477,AALTLSK,CAP-H,6,475,,,,,,
Rappsilber_Earnshaw_CLMS_SMC2-SMC4_holo-complex-Band-i_2,8241,629.0261885,3,10.43,-0.02,SILENQNVK,CAP-H,1,477,AALTLSK,CAP-H,6,475,,,,,,
Rappsilber_Earnshaw_CLMS_SMC2-SMC4_holo-complex-Band-i_2,8845,707.1335835,4,10.35,-1.09,VGLGDIWKENLTELSGGQR,SMC2,8,1079,LKEAR,SMC2,2,211,,,,,,
Rappsilber_Earnshaw_CLMS_SMC2-SMC4_holo-complex-Band-i_2,9000,848.6972156,4,7.88,-0.43,VEDKSFSPAFYFALR,SMC4,4,699,NLQKIPTPENAPR,SMC4,4,680,,,,,,
