Rank,Id,Protein1,Protein2,Type,XLType,Spectrum,AbsPos1,AbsPos2,deltaAA,Annotation,Smallest_dist[euklid],Mr,Mz,z,Error_rel[ppm],Error_abs[ppm],nseen,MatchOdds,wmatchoddssum,wmatchoddsmean,Xcorrx,Xcorrb,TIC,TicA,TicB,WTIC,intsum,lApS,seriesscore,deltaS,ld-Score,fdr,xlinker,source
1,RVDINPGHKDLTSR-LANVIKK-a9-b6,PB2,PB1,xlink,inter-protein xl,TB_A14-009.07030.07030.4_TB_A14-009.06998.06998.4,154,287,135,TB_A14-009_matched,,2529.433,633.366,4,-2.3,2.3,2,9.57,3.68,7.35,0.24,0.36,0.32,0.15,0.18,0.07,1029,-0.01037,21,0.2,46.55,0,,../FB03_1-DSS_noRNA_dbase_COMBINED.removed.csv
1,TMKEYGENPQNEGNK-VDKLTQGR-a3-b3,PA,PB1,xlink,inter-protein xl,TB_A14-012.07088.07088.3_TB_A14-012.07053.07053.3,22,121,94,TB_A14-012_matched,,2791.343,931.455,3,-0.6,0.6,10,9.8,3.37,6.74,0.44,0.44,0.49,0.35,0.14,0.09,760,-0.01163,29.8,0.77,44.62,0,,../FB03_1-DSS_noRNA_dbase_COMBINED.removed.csv
1,VDKLTQGR-KYTSGR-a3-b1,PB1,PB2,xlink,inter-protein xl,TB_A14-011.05881.05881.4_TB_A14-011.05840.05840.4,121,35,88,TB_A14-011_matched,,1763.95,441.995,4,-1.9,1.9,16,11.04,3.87,7.74,0.19,0.54,0.47,0.38,0.1,0.08,447,-0.01037,33.9,0.56,42.93,0,,../FB03_1-DSS_noRNA_dbase_COMBINED.removed.csv
1,VDKLTQGR-AEKTMK-a3-b3,PB1,PA,xlink,inter-protein xl,TB_A14-011.06178.06178.4_TB_A14-011.06157.06157.4,121,19,97,TB_A14-011_matched,,1759.946,440.994,4,-2.4,2.4,8,9.06,3.4,6.79,0.22,0.64,0.51,0.44,0.06,0.08,517,-0.01163,23.7,0.44,42.52,0,,../FB03_1-DSS_noRNA_dbase_COMBINED.removed.csv
1,RVDINPGHKDLTSR-VDKLTQGR-a9-b3,PB2,PB1,xlink,inter-protein xl,TB_A14-010.07044.07044.4_TB_A14-010.07027.07027.4,154,121,31,TB_A14-010_matched,,2660.428,666.115,4,-2.8,2.8,3,10.64,3.63,7.27,0.31,0.37,0.5,0.2,0.3,0.1,629,-0.01037,31.1,0.64,42.25,0,,../FB03_1-DSS_noRNA_dbase_COMBINED.removed.csv
1,KVEDYYYEK-VDKLTQGR-a1-b3,PA,PB1,xlink,inter-protein xl,TB_A14-012.07797.07797.3_TB_A14-012.07759.07759.3,127,121,10,TB_A14-012_matched,,2289.154,764.059,3,0.5,0.5,6,9.63,3.16,6.32,0.28,0.38,0.45,0.18,0.27,0.08,658,-0.01163,27.7,0.64,40.69,0,,../FB03_1-DSS_noRNA_dbase_COMBINED.removed.csv
1,AEKTMKEYGENPQNEGNK-VDKLTQGR-a3-b3,PA,PB1,xlink,inter-protein xl,TB_A14-010.06159.06159.4_TB_A14-010.06126.06126.4,19,121,97,TB_A14-010_matched,,3119.516,780.887,4,-1.1,1.1,5,8.5,2.73,5.47,0.17,0.41,0.44,0.2,0.24,0.1,692,-0.01163,17.5,0.66,39.64,0,,../FB03_1-DSS_noRNA_dbase_COMBINED.removed.csv
1,KYTSGRQEK-VDKLTQGR-a1-b3,PB2,PB1,xlink,inter-protein xl,TB_A14-012.05453.05453.3_TB_A14-012.05416.05416.3,35,121,88,TB_A14-012_matched,,2149.147,717.39,3,-0.9,0.9,7,10.21,3.1,6.21,0.35,0.33,0.39,0.16,0.23,0.07,571,-0.01037,26.2,0.74,39.22,0,,../FB03_1-DSS_noRNA_dbase_COMBINED.removed.csv
1,FYNQVKVR-VDKLTQGR-a6-b3,PB2,PB1,xlink,inter-protein xl,TB_A14-010.07274.07274.4_TB_A14-010.07254.07254.4,142,121,19,TB_A14-010_matched,,2106.159,527.548,4,0.3,0.3,2,10.46,3.48,6.96,0.26,0.35,0.42,0.15,0.27,0.08,501,-0.01037,35.5,0.6,38.77,0,,../FB03_1-DSS_noRNA_dbase_COMBINED.removed.csv
1,VDKLTQGR-VKGSSQR-a3-b2,PB1,PB2,xlink,inter-protein xl,TB_A14-010.04942.04942.4_TB_A14-010.04901.04901.4,121,336,213,TB_A14-010_matched,,1813.997,454.507,4,-2.1,2.1,4,9.13,3.54,7.08,0.16,0.55,0.47,0.34,0.13,0.08,402,-0.01037,30.5,0.89,38.48,0,,../FB03_1-DSS_noRNA_dbase_COMBINED.removed.csv
1,TNFNPMILERAEKTMK-VDKLTQGR-a13-b3,PA,PB1,xlink,inter-protein xl,TB_A14-009.09296.09296.5_TB_A14-009.09297.09297.5,19,121,97,TB_A14-009_matched,,2975.555,596.119,5,-0.8,0.8,2,10.01,3.33,6.67,0.21,0.26,0.41,0.2,0.2,0.08,629,-0.01163,17.8,0.67,38.16,0,,../FB03_1-DSS_noRNA_dbase_COMBINED.removed.csv
1,KRVDINPGHK-LANVIKK-a1-b6,PB2,PB1,xlink,inter-protein xl,TB_A14-010.06452.06452.5_TB_A14-010.06413.06413.5,145,287,144,TB_A14-010_matched,,2085.237,418.055,5,-2.6,2.6,3,10.19,2.69,5.38,0.21,0.38,0.52,0.19,0.33,0.1,343,-0.01037,25.1,0.66,36.09,0,,../FB03_1-DSS_noRNA_dbase_COMBINED.removed.csv
1,TMKEYGENPQNEGNK-KYTSGRQEK-a3-b1,PA,PB2,xlink,inter-protein xl,TB_A14-010.04796.04796.4_TB_A14-010.04774.04774.4,22,35,6,TB_A14-010_matched,,2971.393,743.856,4,-1.8,1.8,1,8.26,2.15,4.31,0.17,0.45,0.34,0.33,0.01,0.05,498,-0.01468,12.4,0.36,35.93,0,,../FB03_1-DSS_noRNA_dbase_COMBINED.removed.csv
1,VDKLTQGR-EKKEELK-a3-b2,PB1,PB2,xlink,inter-protein xl,TB_A14-010.05593.05593.4_TB_A14-010.05552.05552.4,121,191,68,TB_A14-010_matched,,1956.086,490.029,4,-1.6,1.6,2,9.67,3.02,6.05,0.26,0.38,0.35,0.3,0.04,0.06,385,-0.01037,27.8,0.57,35.58,0,,../FB03_1-DSS_noRNA_dbase_COMBINED.removed.csv
1,TMKEYGENPQNEGNK-KMITQR-a3-b1,PA,PB1,xlink,inter-protein xl,TB_A14-010.06192.06192.3_TB_A14-010.06151.06151.3,22,198,171,TB_A14-010_matched,,2651.269,884.764,3,0,0,2,8.46,2.8,5.6,0.3,0.26,0.27,0.21,0.06,0.05,642,-0.01163,20.6,0.42,35.1,0,,../FB03_1-DSS_noRNA_dbase_COMBINED.removed.csv
1,KRVDINPGHK-VDKLTQGR-a1-b3,PB2,PB1,xlink,inter-protein xl,TB_A14-010.06143.06143.3_TB_A14-010.06121.06121.3,145,121,22,TB_A14-010_matched,,2216.233,739.752,3,-2.5,2.5,3,9.88,1.64,3.27,0.33,0.3,0.46,0.33,0.13,0.08,410,-0.01037,27.9,0.69,35.09,0,,../FB03_1-DSS_noRNA_dbase_COMBINED.removed.csv
1,FYNQVKVR-LANVIKK-a6-b6,PB2,PB1,xlink,inter-protein xl,TB_A14-010.07527.07527.4_TB_A14-010.07512.07512.4,142,287,147,TB_A14-010_matched,,1975.158,494.797,4,-2,2,2,11.01,2.23,4.46,0.27,0.25,0.41,0.19,0.22,0.07,326,-0.01037,34.3,0,34.58,0,,../FB03_1-DSS_noRNA_dbase_COMBINED.removed.csv
1,VKGSSQRTEK-VDKLTQGR-a2-b3,PB2,PB1,xlink,inter-protein xl,TB_A14-009.04283.04283.4_TB_A14-009.04241.04241.4,336,121,213,TB_A14-009_matched,,2172.178,544.052,4,-3.7,3.7,3,8.65,2.72,5.43,0.21,0.36,0.44,0.1,0.34,0.09,428,-0.01037,19.8,0.56,34.14,0,,../FB03_1-DSS_noRNA_dbase_COMBINED.removed.csv
1,KVEDYYYEKASK-VDKLTQGR-a9-b3,PA,PB1,xlink,inter-protein xl,TB_A14-009.06990.06990.4_TB_A14-009.06993.06993.4,135,121,18,TB_A14-009_matched,,2575.313,644.836,4,-1.5,1.5,1,8.7,2.8,5.59,0.2,0.34,0.35,0.11,0.24,0.07,429,-0.01163,17.8,0.58,33.55,0,,../FB03_1-DSS_noRNA_dbase_COMBINED.removed.csv
1,TMKEYGENPQNEGNK-VKGSSQRTEK-a3-b2,PA,PB2,xlink,inter-protein xl,TB_A14-009.04306.04306.4_TB_A14-009.04267.04267.4,22,336,307,TB_A14-009_matched,,2994.428,749.615,4,-2.3,2.3,3,7.7,2.41,4.82,0.19,0.3,0.39,0.35,0.04,0.06,554,-0.01468,10.7,0.35,32.84,0,,../FB03_1-DSS_noRNA_dbase_COMBINED.removed.csv
1,YTSGRQEKNPALR-VDKLTQGR-a8-b3,PB2,PB1,xlink,inter-protein xl,TB_A14-010.06149.06149.5_TB_A14-010.06124.06124.5,43,121,80,TB_A14-010_matched,,2572.367,515.481,5,-2,2,1,7.21,3.01,6.02,0.08,0.37,0.26,0.1,0.16,0.05,543,-0.01037,17.7,0.73,32.73,0,,../FB03_1-DSS_noRNA_dbase_COMBINED.removed.csv
1,LSVLNPAHEGEGIPMKDAK-TKSIKR-a16-b5,PA,PB1,xlink,inter-protein xl,TB_A14-009.07531.07531.4_TB_A14-009.07509.07509.4,304,576,267,TB_A14-009_matched,,2874.555,719.647,4,-3.1,3.1,4,8.09,2.07,4.15,0.38,0.2,0.64,0.61,0.03,0.08,560,-0.01163,12.6,0.92,32.31,0,,../FB03_1-DSS_noRNA_dbase_COMBINED.removed.csv
1,AEKTMKEYGENPQNEGNK-VDKLTQGR-a6-b3,PA,PB1,xlink,inter-protein xl,TB_A14-010.06160.06160.5_TB_A14-010.06128.06128.5,22,121,94,TB_A14-010_matched,,3119.515,624.911,5,-1.5,1.5,1,8.89,1.48,2.95,0.18,0.32,0.49,0.42,0.07,0.08,357,-0.01163,15.4,0.77,32.23,0,,../FB03_1-DSS_noRNA_dbase_COMBINED.removed.csv
1,VKGSSQR-AEKTMK-a2-b3,PB2,PA,xlink,inter-protein xl,TB_A14-011.04135.04135.4_TB_A14-011.04078.04078.4,336,19,310,TB_A14-011_matched,,1604.853,402.221,4,-1.6,1.6,4,8.33,2.77,5.53,0.16,0.32,0.34,0.22,0.12,0.06,398,-0.01468,17.4,0.78,31.64,0,,../FB03_1-DSS_noRNA_dbase_COMBINED.removed.csv
1,TMKEYGENPQNEGNK-KYTSGR-a3-b1,PA,PB2,xlink,inter-protein xl,TB_A14-009.05098.05098.4_TB_A14-009.05054.05054.4,22,35,6,TB_A14-009_matched,,2586.2,647.558,4,-0.9,0.9,1,7.23,2.32,4.64,0.14,0.35,0.31,0.26,0.05,0.05,473,-0.01468,15.7,0.45,31.13,0,,../FB03_1-DSS_noRNA_dbase_COMBINED.removed.csv
1,VDINPGHKDLTSR-AEKTMK-a8-b3,PB2,PA,xlink,inter-protein xl,TB_A14-010.06687.06687.4_TB_A14-010.06669.06669.4,154,19,128,TB_A14-010_matched,,2295.186,574.804,4,-1.6,1.6,1,8.35,1.42,2.85,0.22,0.26,0.57,0.55,0.02,0.08,371,-0.01468,11.3,0,30.17,0,,../FB03_1-DSS_noRNA_dbase_COMBINED.removed.csv
1,VKGSSQRTEK-AEKTMK-a2-b3,PB2,PA,xlink,inter-protein xl,TB_A14-009.03046.03046.4_TB_A14-009.03005.03005.4,336,19,310,TB_A14-009_matched,,1963.038,491.767,4,-1.3,1.3,3,7.56,2.69,5.38,0.13,0.36,0.38,0.2,0.18,0.07,329,-0.01468,10.4,0.53,29.79,0,,../FB03_1-DSS_noRNA_dbase_COMBINED.removed.csv
1,KVEDYYYEK-KMITQR-a1-b1,PA,PB1,xlink,inter-protein xl,TB_A14-010.06799.06799.4_TB_A14-010.06778.06778.4,127,198,67,TB_A14-010_matched,,2149.072,538.276,4,-2.4,2.4,2,6.47,2.76,5.53,0.1,0.37,0.23,0.15,0.08,0.04,409,-0.01163,23.1,0,28.84,0,,../FB03_1-DSS_noRNA_dbase_COMBINED.removed.csv
1,DSSILTDSQTALKR-VDKLTQGR-a13-b3,PB2,PB1,xlink,inter-protein xl,TB_A14-010.08806.08806.3_TB_A14-010.08793.08793.3,756,121,631,TB_A14-010_matched,,2587.38,863.468,3,-0.6,0.6,1,7.92,1.02,2.04,0.35,0.17,0.44,0.41,0.03,0.07,201,-0.01037,13.4,0.93,24.48,0.043,,../FB03_1-DSS_noRNA_dbase_COMBINED.removed.csv
1,AEKTMK-TIGKKR-a3-b4,PA,PB1,xlink,inter-protein xl,TB_A14-011.04671.04671.4_TB_A14-011.04642.04642.4,19,207,183,TB_A14-011_matched,,1545.888,387.48,4,-2.3,2.3,1,7.41,1.75,3.5,0.12,0.24,0.26,0.19,0.07,0.05,209,-0.01163,9,0.79,24.31,0.042,,../FB03_1-DSS_noRNA_dbase_COMBINED.removed.csv
1,VDINPGHKDLTSR-VDKLTQGR-a8-b3,PB2,PB1,xlink,inter-protein xl,TB_A14-012.08076.08076.3_TB_A14-012.08084.08084.3,154,121,31,TB_A14-012_matched,,2504.326,835.783,3,-3.3,3.3,2,7.73,1.1,2.19,0.3,0.21,0.34,0.23,0.11,0.06,162,-0.01037,10.3,0.82,24.18,0.04,,../FB03_1-DSS_noRNA_dbase_COMBINED.removed.csv
1,DAERGKLK-SEPPEKR-a6-b6,PB1,PA,xlink,inter-protein xl,TB_A14-009.04153.04153.4_TB_A14-009.04152.04152.4,235,396,165,TB_A14-009_matched,,1895.009,474.76,4,-0.9,0.9,1,5.05,1.43,2.86,0.19,0.21,0.11,0.09,0.02,0.02,136,-0.01163,6.6,0.86,17.5,0.036,,../FB03_1-DSS_noRNA_dbase_COMBINED.removed.csv
1,ELMEMVKNSRMR-GYMFESKSMHLR-a7-b7,PB2,PB1,xlink,inter-protein xl,TB_A14-012.09824.09824.5_TB_A14-012.09787.09787.5,14,360,348,TB_A14-012_matched,,3145.495,630.107,5,-1.7,1.7,2,5.25,0.56,1.13,0.01,0.28,0.07,0.04,0.04,0.01,35,-0.01037,2.8,0,17.2,0.036,,../FB03_1-DSS_noRNA_dbase_COMBINED.removed.csv
1,LTKKNYLIR-AEKTMK-a4-b3,PB1,PA,xlink,inter-protein xl,TB_A14-010.05285.05285.5_TB_A14-010.05256.05256.5,215,19,191,TB_A14-010_matched,,1992.146,399.437,5,0.8,0.8,1,6.12,0.72,1.43,0.13,0.08,0.31,0.3,0.01,0.05,118,-0.01163,6.6,0,16.9,0.018,,../FB03_1-DSS_noRNA_dbase_COMBINED.removed.csv
1,ISSQDFSEITNTCKAIEALKR-DSSILTDSQTALKR-a14-b13,PB1,PB2,xlink,inter-protein xl,TB_A14-009.10074.10074.4_TB_A14-009.10061.10061.4,747,756,4,TB_A14-009_matched,,4082.095,1021.532,4,2.7,2.7,1,4.94,0.76,1.52,0.15,0.09,0.27,0.09,0.18,0.06,200,-0.01037,3.4,0.7,16.38,0.017,,../FB03_1-DSS_noRNA_dbase_COMBINED.removed.csv
1,VDKLTQGR-VDKLTQGR-a3-b3,PB1,PB1,xlink,intra-protein xl,TB_A14-011.06307.06307.4_TB_A14-011.06287.06287.4,121,121,0,TB_A14-011_matched,,1969.089,493.28,4,-3.3,3.3,3,11.42,5.47,10.95,0.19,0.45,0.51,0.25,0.25,0.09,424,-1.72677,34.4,0.87,41.43,0,,../FB03_1-DSS_noRNA_dbase_COMBINED.removed.csv
1,VDKLTQGR-KNYLIR-a3-b1,PB1,PB1,xlink,intra-protein xl,TB_A14-009.07596.07596.4_TB_A14-009.07546.07546.4,121,215,94,TB_A14-009_matched,,1859.06,465.773,4,-1.3,1.3,2,9.05,4.33,8.65,0.17,0.51,0.36,0.25,0.11,0.06,556,-1.72677,29,0.55,39.92,0,,../FB03_1-DSS_noRNA_dbase_COMBINED.removed.csv
1,ALTLNTMTKDAER-KNYLIR-a9-b1,PB1,PB1,xlink,intra-protein xl,TB_A14-012.10030.10030.4_TB_A14-012.10009.10009.4,229,215,14,TB_A14-012_matched,,2406.294,602.581,4,-0.2,0.2,3,9.23,3.67,7.34,0.27,0.29,0.47,0.41,0.06,0.07,731,-1.72677,34.5,0,39.16,0,,../FB03_1-DSS_noRNA_dbase_COMBINED.removed.csv
1,NCKISPIMVAYMLER-EKKEELK-a3-b3,PB2,PB2,xlink,intra-protein xl,TB_A14-009.10300.10300.4_TB_A14-009.10301.10301.4,199,192,7,TB_A14-009_matched,,2864.482,717.128,4,-1.1,1.1,6,7.69,3.68,7.35,0.26,0.35,0.44,0.44,0.01,0.06,801,-1.52737,12.5,0.3,38.55,0,,../FB03_1-DSS_noRNA_dbase_COMBINED.removed.csv
1,QEKNPALR-KYTSGR-a3-b1,PB2,PB2,xlink,intra-protein xl,TB_A14-012.05689.05689.4_TB_A14-012.05656.05656.4,43,35,8,TB_A14-012_matched,,1802.96,451.748,4,-1.9,1.9,8,8.67,3.84,7.68,0.15,0.46,0.35,0.22,0.13,0.06,512,-1.52737,31.9,0.34,37.37,0,,../FB03_1-DSS_noRNA_dbase_COMBINED.removed.csv
1,IRVNIDKYLR-VKGSSQR-a7-b2,PB2,PB2,xlink,intra-protein xl,TB_A14-010.08223.08223.5_TB_A14-010.08224.08224.5,501,336,166,TB_A14-010_matched,,2187.244,438.457,5,-2,2,2,8.51,3.35,6.71,0.09,0.5,0.48,0.39,0.09,0.08,476,-1.52737,28.8,0.5,37.35,0,,../FB03_1-DSS_noRNA_dbase_COMBINED.removed.csv
1,TIRELELPEGKFCTQR-KLASWIQSEFNK-a11-b1,PA,PA,xlink,intra-protein xl,TB_A14-009.10219.10219.4_TB_A14-009.10217.10217.4,278,398,123,TB_A14-009_matched,,3563.84,891.968,4,-1.2,1.2,5,9.2,3.34,6.67,0.2,0.25,0.48,0.15,0.33,0.09,666,-1.4292,13.7,0.33,37.16,0,,../FB03_1-DSS_noRNA_dbase_COMBINED.removed.csv
1,VDINPGHKDLTSR-FYNQVKVR-a8-b6,PB2,PB2,xlink,intra-protein xl,TB_A14-009.07481.07481.5_TB_A14-009.07448.07448.5,154,142,12,TB_A14-009_matched,,2641.402,529.288,5,1.5,1.5,2,11.17,2.52,5.03,0.2,0.27,0.42,0.28,0.14,0.07,422,-1.52737,23.4,0.58,36.9,0,,../FB03_1-DSS_noRNA_dbase_COMBINED.removed.csv
1,IRDNHSKK-VDKLTQGR-a7-b3,PB1,PB1,xlink,intra-protein xl,TB_A14-009.04103.04103.5_TB_A14-009.04081.04081.5,197,121,76,TB_A14-009_matched,,2050.125,411.033,5,-1.6,1.6,4,7.98,3.43,6.86,0.15,0.42,0.39,0.04,0.35,0.07,598,-1.72677,17.6,0.51,36.7,0,,../FB03_1-DSS_noRNA_dbase_COMBINED.removed.csv
1,VRNEKGELLISPEEVSEAQGQEK-VKGSSQR-a5-b2,PB2,PB2,xlink,intra-protein xl,TB_A14-010.08015.08015.4_TB_A14-010.07997.07997.4,509,336,174,TB_A14-010_matched,,3466.789,867.705,4,-0.5,0.5,2,8.33,2.35,4.69,0.22,0.29,0.49,0.47,0.02,0.06,685,-1.52737,12.1,0.22,36.3,0,,../FB03_1-DSS_noRNA_dbase_COMBINED.removed.csv
1,VDINPGHKDLTSR-MLKAVR-a8-b3,PB2,PB2,xlink,intra-protein xl,TB_A14-010.07679.07679.4_TB_A14-010.07584.07584.4,154,414,260,TB_A14-010_matched,,2305.258,577.322,4,0.1,0.1,1,10.41,3.08,6.17,0.17,0.24,0.37,0.22,0.15,0.07,510,-1.52737,23.3,0.6,36.17,0,,../FB03_1-DSS_noRNA_dbase_COMBINED.removed.csv
1,ASAVLKK-VKGSSQR-a6-b2,PB2,PB2,xlink,intra-protein xl,TB_A14-012.05102.05102.3_TB_A14-012.05056.05056.3,377,336,41,TB_A14-012_matched,,1613.943,538.989,3,-2.4,2.4,3,9.14,2.75,5.5,0.32,0.33,0.31,0.19,0.11,0.06,454,-1.52737,30.6,0.71,34.79,0,,../FB03_1-DSS_noRNA_dbase_COMBINED.removed.csv
1,VDINPGHKDLTSR-VYKMYFDRLER-a8-b3,PB2,PB2,xlink,intra-protein xl,TB_A14-010.09156.09156.5_TB_A14-010.09130.09130.5,154,118,36,TB_A14-010_matched,,3107.58,622.524,5,-2,2,1,10.28,2.7,5.39,0.19,0.25,0.4,0.24,0.16,0.07,429,-1.52737,12.3,0.3,34.77,0,,../FB03_1-DSS_noRNA_dbase_COMBINED.removed.csv
1,KRVDINPGHK-VKGSSQR-a1-b2,PB2,PB2,xlink,intra-protein xl,TB_A14-009.04384.04384.5_TB_A14-009.04362.04362.5,145,336,191,TB_A14-009_matched,,2061.14,413.236,5,-2,2,6,8.97,2.62,5.25,0.18,0.44,0.36,0.16,0.2,0.07,347,-1.52737,22.6,0.73,34.73,0,,../FB03_1-DSS_noRNA_dbase_COMBINED.removed.csv
1,KRVDINPGHK-FYNQVKVR-a1-b6,PB2,PB2,xlink,intra-protein xl,TB_A14-009.06336.06336.5_TB_A14-009.06309.06309.5,145,142,3,TB_A14-009_matched,,2353.299,471.668,5,-1.4,1.4,8,9.41,2.63,5.27,0.19,0.39,0.38,0.15,0.24,0.07,353,-1.52737,28.8,0.21,34.65,0,,../FB03_1-DSS_noRNA_dbase_COMBINED.removed.csv
1,INNSFSFGGYNFKR-VNIDKYLR-a13-b5,PB2,PB2,xlink,intra-protein xl,TB_A14-009.10113.10113.4_TB_A14-009.10114.10114.4,333,501,169,TB_A14-009_matched,,2807.438,702.867,4,-0.4,0.4,1,7.95,2.45,4.91,0.25,0.22,0.35,0.23,0.12,0.06,679,-1.52737,11.8,0.51,34.12,0,,../FB03_1-DSS_noRNA_dbase_COMBINED.removed.csv
1,SNPTDEQAVNICKAALGIR-INNSFSFGGYNFKR-a13-b13,PB2,PB2,xlink,intra-protein xl,TB_A14-012.11517.11517.4_TB_A14-012.11511.11511.4,314,333,19,TB_A14-012_matched,,3843.906,961.984,4,1.5,1.5,5,8.5,1.88,3.76,0.15,0.25,0.36,0.24,0.12,0.06,585,-1.52737,7.9,0.41,33.88,0,,../FB03_1-DSS_noRNA_dbase_COMBINED.removed.csv
1,NCKISPIMVAYMLER-EKKEELK-a3-b2,PB2,PB2,xlink,intra-protein xl,TB_A14-012.11552.11552.4_TB_A14-012.11544.11544.4,199,191,8,TB_A14-012_matched,,2864.486,717.129,4,0.3,0.3,1,8.13,2.7,5.41,0.17,0.27,0.29,0.28,0.01,0.04,587,-1.52737,7.2,0.89,33.36,0,,../FB03_1-DSS_noRNA_dbase_COMBINED.removed.csv
1,KMITQR-TIGKKR-a1-b4,PB1,PB1,xlink,intra-protein xl,TB_A14-012.05540.05540.4_TB_A14-012.05496.05496.4,198,207,9,TB_A14-012_matched,,1614.959,404.748,4,-0.6,0.6,6,10.08,2.15,4.29,0.25,0.38,0.36,0.31,0.05,0.07,186,-1.72677,29.2,0.86,32.86,0,,../FB03_1-DSS_noRNA_dbase_COMBINED.removed.csv
1,GYMFESKSMHLR-KNYLIR-a7-b1,PB1,PB1,xlink,intra-protein xl,TB_A14-009.09152.09152.4_TB_A14-009.09116.09116.4,360,215,145,TB_A14-009_matched,,2428.237,608.067,4,-1,1,1,7.66,3.14,6.28,0.15,0.3,0.26,0.14,0.12,0.05,568,-1.72677,15.8,0.57,32.79,0,,../FB03_1-DSS_noRNA_dbase_COMBINED.removed.csv
1,INNSFSFGGYNFKR-VKGSSQR-a13-b2,PB2,PB2,xlink,intra-protein xl,TB_A14-009.08747.08747.4_TB_A14-009.08746.08746.4,333,336,3,TB_A14-009_matched,,2548.281,638.078,4,-0.5,0.5,5,7.14,2.19,4.37,0.2,0.34,0.58,0.52,0.06,0.09,530,-1.52737,20,0.38,32.38,0,,../FB03_1-DSS_noRNA_dbase_COMBINED.removed.csv
1,ALTLNTMTKDAER-KMITQR-a9-b1,PB1,PB1,xlink,intra-protein xl,TB_A14-012.09007.09007.4_TB_A14-012.08969.08969.4,229,198,31,TB_A14-012_matched,,2376.247,595.069,4,-1.7,1.7,1,8.17,2.06,4.11,0.17,0.37,0.32,0.25,0.07,0.05,361,-1.72677,19.8,0.29,31.68,0,,../FB03_1-DSS_noRNA_dbase_COMBINED.removed.csv
1,VKGSSQRTEK-ASAVLKK-a2-b6,PB2,PB2,xlink,intra-protein xl,TB_A14-009.03853.03853.3_TB_A14-009.03815.03815.3,336,377,41,TB_A14-009_matched,,1972.13,658.384,3,-1,1,7,8.61,1.9,3.8,0.24,0.39,0.33,0.23,0.1,0.06,276,-1.52737,16,0,31.62,0,,../FB03_1-DSS_noRNA_dbase_COMBINED.removed.csv
1,VDINPGHKDLTSR-EKKEELK-a8-b3,PB2,PB2,xlink,intra-protein xl,TB_A14-010.06501.06501.4_TB_A14-010.06563.06563.4,154,192,38,TB_A14-010_matched,,2491.326,623.839,4,-0.9,0.9,2,9.87,2.11,4.22,0.23,0.31,0.22,0.15,0.07,0.04,253,-1.52737,11.9,0.92,31.6,0,,../FB03_1-DSS_noRNA_dbase_COMBINED.removed.csv
1,SNPTDEQAVNICKAALGIR-VKGSSQR-a13-b2,PB2,PB2,xlink,intra-protein xl,TB_A14-012.09591.09591.4_TB_A14-012.09578.09578.4,314,336,22,TB_A14-012_matched,,2954.521,739.638,4,-1.1,1.1,3,8.59,1.4,2.8,0.18,0.38,0.55,0.53,0.02,0.07,272,-1.52737,10.6,0.35,31.42,0,,../FB03_1-DSS_noRNA_dbase_COMBINED.removed.csv
1,EMIPEKDEDGNTLWTNTK-WMMAMKYPISASSR-a6-b6,PB2,PB2,xlink,intra-protein xl,TB_A14-010.10612.10612.4_TB_A14-010.10603.10603.4,72,56,16,TB_A14-010_matched,,3915.822,979.963,4,0.7,0.7,3,8.26,1.56,3.11,0.17,0.28,0.51,0.25,0.26,0.09,398,-1.52737,11.5,0.1,31.07,0,,../FB03_1-DSS_noRNA_dbase_COMBINED.removed.csv
1,ALTLNTMTKDAER-VDKLTQGR-a9-b3,PB1,PB1,xlink,intra-protein xl,TB_A14-009.08268.08268.3_TB_A14-009.08250.08250.3,229,121,108,TB_A14-009_matched,,2516.322,839.782,3,-2,2,2,9.77,1.49,2.98,0.33,0.21,0.44,0.4,0.04,0.07,299,-1.72677,19.3,0.83,30.92,0,,../FB03_1-DSS_noRNA_dbase_COMBINED.removed.csv
1,TMKEYGENPQNEGNK-KVEDYYYEK-a3-b1,PA,PA,xlink,intra-protein xl,TB_A14-010.06844.06844.4_TB_A14-010.06815.06815.4,22,127,104,TB_A14-010_matched,,3111.392,778.856,4,-3.3,3.3,1,7.55,2.2,4.4,0.1,0.26,0.26,0.15,0.11,0.05,496,-1.4292,13.3,0.56,30.21,0,,../FB03_1-DSS_noRNA_dbase_COMBINED.removed.csv
1,RVKGSSQR-ASAVLKK-a3-b6,PB2,PB2,xlink,intra-protein xl,TB_A14-010.04174.04174.3_TB_A14-010.04132.04132.3,336,377,41,TB_A14-010_matched,,1770.045,591.023,3,-1.2,1.2,2,9.19,1.71,3.42,0.38,0.22,0.36,0.05,0.31,0.07,287,-1.52737,13.7,0.66,29.71,0,,../FB03_1-DSS_noRNA_dbase_COMBINED.removed.csv
1,ISSQDFSEITNTCKAIEALKR-VDKLTQGR-a14-b3,PB1,PB1,xlink,intra-protein xl,TB_A14-010.09983.09983.5_TB_A14-010.09990.09990.5,747,121,627,TB_A14-010_matched,,3463.799,693.768,5,0.2,0.2,1,7.59,2.18,4.36,0.16,0.17,0.27,0.13,0.14,0.06,509,-1.72677,9.3,0.73,29,0.03,,../FB03_1-DSS_noRNA_dbase_COMBINED.removed.csv
1,TLSSDAQLTITKEK-KEELKNCK-a12-b5,PB2,PB2,xlink,intra-protein xl,TB_A14-010.07229.07229.4_TB_A14-010.07263.07263.4,189,196,7,TB_A14-010_matched,,2719.429,680.865,4,-0.8,0.8,2,9.79,0.77,1.54,0.28,0.24,0.66,0.63,0.03,0.1,137,-1.52737,15.5,0.79,28.9,0.03,,../FB03_1-DSS_noRNA_dbase_COMBINED.removed.csv
1,ALTLNTMTKDAER-TIGKKR-a9-b5,PB1,PB1,xlink,intra-protein xl,TB_A14-010.07394.07394.4_TB_A14-010.07368.07368.4,229,208,21,TB_A14-010_matched,,2302.266,576.574,4,-1,1,1,8.39,1.66,3.33,0.2,0.29,0.38,0.3,0.08,0.06,275,-1.72677,10.7,0,28.88,0.029,,../FB03_1-DSS_noRNA_dbase_COMBINED.removed.csv
1,INNSFSFGGYNFKR-VKGSSQRTEK-a13-b2,PB2,PB2,xlink,intra-protein xl,TB_A14-009.08267.08267.5_TB_A14-009.08244.08244.5,333,336,3,TB_A14-009_matched,,2906.465,582.301,5,-0.8,0.8,2,8.32,1.1,2.21,0.19,0.28,0.62,0.61,0.01,0.1,263,-1.52737,12.1,0.39,28.79,0.028,,../FB03_1-DSS_noRNA_dbase_COMBINED.removed.csv
1,LGRGEKANVLIGQGDTVLVMK-ANSKYGPVLTIGELDK-a6-b4,PB2,PB2,xlink,intra-protein xl,TB_A14-009.10266.10266.4_TB_A14-009.10240.10240.4,725,707,18,TB_A14-009_matched,,4039.207,1010.81,4,1,1,1,5.72,1.61,3.22,0.07,0.2,0.27,0.14,0.13,0.05,660,-1.52737,3.3,0.62,28.14,0.027,,../FB03_1-DSS_noRNA_dbase_COMBINED.removed.csv
1,TIGKKR-VKLTKK-a4-b2,PB1,PB1,xlink,intra-protein xl,TB_A14-012.04425.04425.4_TB_A14-012.04412.04412.4,207,211,4,TB_A14-012_matched,,1555.016,389.762,4,-1.6,1.6,4,7.39,2.37,4.74,0.18,0.38,0.22,0.11,0.11,0.04,250,-1.72677,10.4,0.87,28.07,0.026,,../FB03_1-DSS_noRNA_dbase_COMBINED.removed.csv
1,DSSILTDSQTALKR-VNIDKYLR-a13-b5,PB2,PB2,xlink,intra-protein xl,TB_A14-011.10652.10652.4_TB_A14-011.10629.10629.4,756,501,252,TB_A14-011_matched,,2691.442,673.868,4,-0.9,0.9,3,8.61,1.38,2.77,0.32,0.22,0.51,0.47,0.04,0.08,230,-1.52737,19.5,0.52,27.58,0.026,,../FB03_1-DSS_noRNA_dbase_COMBINED.removed.csv
1,VDKLTQGR-KMITQR-a3-b1,PB1,PB1,xlink,intra-protein xl,TB_A14-010.06415.06415.4_TB_A14-010.05536.05536.4,121,198,77,TB_A14-010_matched,,1829.016,458.262,4,-1.8,1.8,1,7.03,1.67,3.34,0.09,0.48,0.3,0.12,0.18,0.06,139,-1.72677,17.7,0.67,27.44,0.025,,../FB03_1-DSS_noRNA_dbase_COMBINED.removed.csv
1,IREMIPEKDEDGNTLWTNTK-WMMAMKYPISASSR-a8-b6,PB2,PB2,xlink,intra-protein xl,TB_A14-012.11406.11406.4_TB_A14-012.11384.11384.4,72,56,16,TB_A14-012_matched,,4185.011,1047.261,4,1.5,1.5,3,7.59,1.33,2.66,0.09,0.18,0.43,0.09,0.34,0.09,358,-1.52737,6.2,0.5,26.56,0.024,,../FB03_1-DSS_noRNA_dbase_COMBINED.removed.csv
1,DSSILTDSQTALKR-LEESKGWSHPQFEK-a13-b5,PB2,PB2,xlink,intra-protein xl,TB_A14-009.08925.08925.5_TB_A14-009.08897.08897.5,756,765,8,TB_A14-009_matched,,3372.678,675.543,5,-1.7,1.7,1,6.65,1.96,3.92,0.28,0.18,0.51,0.48,0.03,0.09,400,-1.52737,15.3,0.64,26.12,0.023,,../FB03_1-DSS_noRNA_dbase_COMBINED.removed.csv
1,VDINPGHKDLTSR-VKGSSQRTEK-a8-b2,PB2,PB2,xlink,intra-protein xl,TB_A14-010.05767.05767.5_TB_A14-010.05747.05747.5,154,336,182,TB_A14-010_matched,,2707.421,542.492,5,-1.4,1.4,1,7.57,1.52,3.04,0.1,0.14,0.57,0.43,0.14,0.1,375,-1.52737,7.7,0.47,26.09,0.023,,../FB03_1-DSS_noRNA_dbase_COMBINED.removed.csv
1,KMITQR-KNYLIR-a1-b1,PB1,PB1,xlink,intra-protein xl,TB_A14-009.07206.07206.3_TB_A14-009.07181.07181.3,198,215,17,TB_A14-009_matched,,1718.985,574.003,3,-1.1,1.1,1,7.15,2.38,4.75,0.22,0.25,0.26,0.18,0.08,0.05,289,-1.72677,24.3,0,25.7,0.023,,../FB03_1-DSS_noRNA_dbase_COMBINED.removed.csv
1,KRVDINPGHK-VKGSSQRTEK-a1-b2,PB2,PB2,xlink,intra-protein xl,TB_A14-010.04362.04362.6_TB_A14-010.04321.04321.6,145,336,191,TB_A14-010_matched,,2419.326,404.229,6,-1.6,1.6,2,5.2,1.29,2.57,0.1,0.41,0.26,0.16,0.1,0.05,326,-1.52737,3.5,0.48,25.66,0.022,,../FB03_1-DSS_noRNA_dbase_COMBINED.removed.csv
1,RVDINPGHKDLTSR-VKGSSQR-a9-b2,PB2,PB2,xlink,intra-protein xl,TB_A14-010.05843.05843.4_TB_A14-010.05871.05871.4,154,336,182,TB_A14-010_matched,,2505.338,627.342,4,-1.4,1.4,1,7.88,1.55,3.1,0.14,0.28,0.23,0.17,0.06,0.04,181,-1.52737,9.7,0.71,25.57,0.021,,../FB03_1-DSS_noRNA_dbase_COMBINED.removed.csv
1,IRLEESKGWSHPQFEK-DSSILTDSQTALKR-a7-b13,PB2,PB2,xlink,intra-protein xl,TB_A14-012.10121.10121.3_TB_A14-012.10094.10094.3,765,756,8,TB_A14-012_matched,,3641.87,1214.964,3,0.3,0.3,3,6.74,1.27,2.54,0.32,0.11,0.38,0.21,0.17,0.07,432,-1.52737,4.9,0.89,25.03,0.021,,../FB03_1-DSS_noRNA_dbase_COMBINED.removed.csv
1,EKKEELK-VKGSSQR-a3-b2,PB2,PB2,xlink,intra-protein xl,TB_A14-010.03625.03625.4_TB_A14-010.03606.03606.4,192,336,144,TB_A14-010_matched,,1800.992,451.256,4,-1.6,1.6,2,6.19,1.89,3.77,0.08,0.41,0.27,0.05,0.22,0.05,167,-1.52737,14.8,0.7,24.8,0.02,,../FB03_1-DSS_noRNA_dbase_COMBINED.removed.csv
1,IRDNHSKK-TIGKKR-a7-b4,PB1,PB1,xlink,intra-protein xl,TB_A14-011.03382.03382.4_TB_A14-011.03370.03370.4,197,207,10,TB_A14-011_matched,,1836.067,460.025,4,-1.4,1.4,1,7.79,1.17,2.35,0.2,0.25,0.36,0.07,0.29,0.07,138,-1.72677,16.3,0.66,24.68,0.02,,../FB03_1-DSS_noRNA_dbase_COMBINED.removed.csv
1,QSEKGEETLEEEFSYPPTFQR-KVEDYYYEK-a4-b1,PA,PA,xlink,intra-protein xl,TB_A14-009.09653.09653.4_TB_A14-009.09651.09651.4,191,127,70,TB_A14-009_matched,,3903.78,976.953,4,-2.4,2.4,2,7.5,0.99,1.98,0.18,0.18,0.4,0.33,0.07,0.06,234,-1.4292,16.1,0.36,24.08,0.019,,../FB03_1-DSS_noRNA_dbase_COMBINED.removed.csv
1,TLSSDAQLTITKEKK-EELKNCK-a14-b4,PB2,PB2,xlink,intra-protein xl,TB_A14-011.07633.07633.4_TB_A14-011.07609.07609.4,191,196,5,TB_A14-011_matched,,2719.429,680.865,4,-1,1,1,6.94,0.68,1.35,0.22,0.25,0.61,0.6,0.01,0.08,131,-1.52737,11.4,0.92,22.9,0.038,,../FB03_1-DSS_noRNA_dbase_COMBINED.removed.csv
1,SNPTDEQAVNICKAALGIR-VKGSSQRTEK-a13-b2,PB2,PB2,xlink,intra-protein xl,TB_A14-010.08448.08448.4_TB_A14-010.08452.08452.4,314,336,22,TB_A14-010_matched,,3312.709,829.185,4,-0.3,0.3,2,6.47,0.87,1.73,0.22,0.19,0.58,0.57,0.01,0.08,223,-1.52737,7.8,0.64,22.51,0.037,,../FB03_1-DSS_noRNA_dbase_COMBINED.removed.csv
1,FLPDLYDYKTNKFIEIGVTR-K9-K12,PA,-,intralink,intralink,TB_A14-012.12937.12937.3_TB_A14-012.12919.12919.3,114,n/a,-,TB_A14-012_matched,,2569.345,857.456,3,-0.8,0.8,1,11.42,3.56,3.56,0.18,0.37,0.55,0.55,0,0.14,779,0,4.3,0.46,46.68,0,,../FB03_1-DSS_noRNA_dbase_COMBINED.removed.csv
1,AEKTMKEYGENPQNEGNK-K3-K6,PA,-,intralink,intralink,TB_A14-009.06519.06519.3_TB_A14-009.06479.06479.3,19,n/a,-,TB_A14-009_matched,,2204.004,735.676,3,-0.8,0.8,4,11.49,3.88,3.88,0.33,0.51,0.52,0.52,0,0.14,553,0,18.9,0,46.2,0,,../FB03_1-DSS_noRNA_dbase_COMBINED.removed.csv
1,GFLILGKANSKYGPVLTIGELDK-K7-K11,PB2,-,intralink,intralink,TB_A14-012.12817.12817.3_TB_A14-012.12816.12816.3,703,n/a,-,TB_A14-012_matched,,2570.433,857.819,3,-1,1,1,9.22,4.48,4.48,0.17,0.28,0.4,0.4,0,0.09,802,0,8.3,0,40.08,0,,../FB03_1-DSS_noRNA_dbase_COMBINED.removed.csv
1,LEESKGWSHPQFEKGGGSGGGSGGSAWSHPQFEK-K5-K14,PB2,-,intralink,intralink,TB_A14-009.08777.08777.3_TB_A14-009.08771.08771.3,765,n/a,-,TB_A14-009_matched,,3666.664,1223.229,3,-3.4,3.4,2,11.15,3.2,3.2,0.22,0.3,0.32,0.32,0,0.05,516,0,8.6,0,38.86,0,,../FB03_1-DSS_noRNA_dbase_COMBINED.removed.csv
1,ISSQDFSEITNTCKAIEALKR-K14-K20,PB1,-,intralink,intralink,TB_A14-011.11783.11783.3_TB_A14-011.11778.11778.3,747,n/a,-,TB_A14-011_matched,,2548.28,850.435,3,-1.5,1.5,11,11.49,3.42,3.42,0.24,0.18,0.37,0.37,0,0.09,511,0,18.9,0.06,37.5,0,,../FB03_1-DSS_noRNA_dbase_COMBINED.removed.csv
1,DNHSKKMITQR-K5-K6,PB1,-,intralink,intralink,TB_A14-012.06880.06880.3_TB_A14-012.06861.06861.3,197,n/a,-,TB_A14-012_matched,,1494.758,499.26,3,-2.4,2.4,2,9.19,3.06,3.06,0.16,0.44,0.58,0.58,0,0.26,313,0,10.5,0.14,36.94,0,,../FB03_1-DSS_noRNA_dbase_COMBINED.removed.csv
1,IRLEESKGWSHPQFEK-K7-K16,PB2,-,intralink,intralink,TB_A14-010.09270.09270.4_TB_A14-010.09247.09247.4,765,n/a,-,TB_A14-010_matched,,2108.066,528.024,4,-1.6,1.6,12,11.5,2.33,2.33,0.14,0.43,0.21,0.21,0,0.06,99,0,9.2,0,34.82,0,,../FB03_1-DSS_noRNA_dbase_COMBINED.removed.csv
1,MKWMMAMKYPISASSR-K2-K8,PB2,-,intralink,intralink,TB_A14-012.12500.12500.3_TB_A14-012.12479.12479.3,50,n/a,-,TB_A14-012_matched,,2054.981,686.001,3,-0.4,0.4,2,8.62,2.53,2.53,0.17,0.39,0.52,0.52,0,0.16,253,0,3.5,0,32.26,0,,../FB03_1-DSS_noRNA_dbase_COMBINED.removed.csv
1,LEESKGWSHPQFEK-K5-K14,PB2,-,intralink,intralink,TB_A14-011.09424.09424.3_TB_A14-011.09391.09391.3,765,n/a,-,TB_A14-011_matched,,1838.88,613.968,3,-2.4,2.4,2,9.21,1.86,1.86,0.14,0.35,0.44,0.44,0,0.16,171,0,32,0,30.97,0,,../FB03_1-DSS_noRNA_dbase_COMBINED.removed.csv
1,IKELMEMVKNSR-K2-K9,PB2,-,intralink,intralink,TB_A14-009.10624.10624.3_TB_A14-009.10623.10623.3,7,n/a,-,TB_A14-009_matched,,1614.846,539.29,3,-0.9,0.9,3,8.41,3.11,3.11,0.15,0.21,0.22,0.22,0,0.09,202,0,10,0.4,26.2,0,,../FB03_1-DSS_noRNA_dbase_COMBINED.removed.csv
1,LANQSLPPSFKDYHQFKAYVSSFK-K17-K24,PA,-,intralink,intralink,TB_A14-009.10863.10863.3_TB_A14-009.10752.10752.3,227,n/a,-,TB_A14-009_matched,,2939.484,980.836,3,-0.5,0.5,1,7,0.55,0.55,0.09,0.2,0.6,0.6,0,0.12,135,0,5,0,22.22,0,,../FB03_1-DSS_noRNA_dbase_COMBINED.removed.csv
1,ATIIKKHEK-K5-K6,PA,-,intralink,intralink,TB_A14-011.06182.06182.3_TB_A14-011.06162.06162.3,326,n/a,-,TB_A14-011_matched,,1204.714,402.579,3,-3.1,3.1,2,7.62,0.68,0.68,0.1,0.21,0.24,0.24,0,0.13,27,0,4.7,0,22.02,0,,../FB03_1-DSS_noRNA_dbase_COMBINED.removed.csv
1,LTHGTFGPVKFYNQVKVR-K10-K16,PB2,-,intralink,intralink,TB_A14-010.10128.10128.3_TB_A14-010.10109.10109.3,136,n/a,-,TB_A14-010_matched,,2228.211,743.745,3,0.2,0.2,3,5.83,1.27,1.27,0.05,0.19,0.24,0.24,0,0.07,248,0,2.8,0.51,20.97,0,,../FB03_1-DSS_noRNA_dbase_COMBINED.removed.csv
1,HFQKDSSTLLK-K4-K11,PB2,-,intralink,intralink,TB_A14-011.08870.08870.3_TB_A14-011.08747.08747.3,442,n/a,-,TB_A14-011_matched,,1440.758,481.261,3,-1.9,1.9,3,5.32,1.33,1.33,0.01,0.23,0.04,0.04,0,0.02,26,0,3.1,0,16,0.006,,../FB03_1-DSS_noRNA_dbase_COMBINED.removed.csv
1,LANQSLPPSFKDYHQFKAYVSSFK-K11-K24,PA,-,intralink,intralink,TB_A14-010.11170.11170.3_TB_A14-010.11065.11065.3,221,n/a,-,TB_A14-010_matched,,2939.481,980.835,3,-1.6,1.6,1,4.49,0.61,0.61,0.05,0.11,0.61,0.61,0,0.13,122,0,7.4,0.35,15.1,0.013,,../FB03_1-DSS_noRNA_dbase_COMBINED.removed.csv
1,LANQSLPPSFKDYHQFKAYVSSFK-K11-K17,PA,-,intralink,intralink,TB_A14-012.12046.12046.3_TB_A14-012.12042.12042.3,221,n/a,-,TB_A14-012_matched,,2939.485,980.836,3,-0.4,0.4,1,4.59,0.32,0.32,0.08,0.1,0.44,0.44,0,0.09,122,0,2.2,0.39,14.75,0.013,,../FB03_1-DSS_noRNA_dbase_COMBINED.removed.csv
1,KYTSGRQEK-K1-K9,PB2,-,intralink,intralink,TB_A14-012.04522.04522.3_TB_A14-012.04441.04441.3,35,n/a,-,TB_A14-012_matched,,1233.635,412.22,3,-0.1,0.1,2,7.21,0.05,0.05,0.03,0,0,0,0,0,0,0,0,0.89,14.34,0.013,,../FB03_1-DSS_noRNA_dbase_COMBINED.removed.csv
1,KRVDINPGHK-K1-K10,PB2,-,intralink,intralink,TB_A14-009.05849.05849.3_TB_A14-009.05806.05806.3,145,n/a,-,TB_A14-009_matched,,1300.724,434.582,3,-1.1,1.1,13,6.3,0,0,0.04,0,0,0,0,0,0,0,0,0,12.53,0.025,,../FB03_1-DSS_noRNA_dbase_COMBINED.removed.csv
1,NIAWTIVNSICNMTENSKPR-K18-156,PA,-,monolink,monolink,TB_A14-012.12970.12970.3_TB_A14-012.12958.12958.3,103,n/a,-,TB_A14-012_matched,,2503.215,835.413,3,-1.9,1.9,2,11.51,5,5,0.35,0.43,0.47,0.47,0,0.12,1199,0,24.2,0,55.8,0,,../FB03_1-DSS_noRNA_dbase_COMBINED.removed.csv
1,ISSQDFSEITNTCKAIEALK-K14-156,PB1,-,monolink,monolink,TB_A14-010.10866.10866.3_TB_A14-010.10862.10862.3,747,n/a,-,TB_A14-010_matched,,2410.195,804.406,3,0.7,0.7,25,11.51,6.62,6.62,0.29,0.33,0.46,0.46,0,0.12,1238,0,24.5,0.28,54.16,0,,../FB03_1-DSS_noRNA_dbase_COMBINED.removed.csv
1,LGRGYMFESKSMHLR-K10-156,PB1,-,monolink,monolink,TB_A14-009.09044.09044.3_TB_A14-009.09024.09024.3,360,n/a,-,TB_A14-009_matched,,1966.975,656.666,3,-0.6,0.6,8,10.67,5.19,5.19,0.21,0.5,0.4,0.4,0,0.13,1051,0,26.4,0.3,52.84,0,,../FB03_1-DSS_noRNA_dbase_COMBINED.removed.csv
1,NRENDWPIGESPQGIEKGTIGK-K17-156,PA,-,monolink,monolink,TB_A14-010.09818.09818.3_TB_A14-010.09834.09834.3,626,n/a,-,TB_A14-010_matched,,2580.28,861.101,3,-0.7,0.7,4,11.51,4.56,4.56,0.32,0.41,0.7,0.7,0,0.16,977,0,21.6,0,51.76,0,,../FB03_1-DSS_noRNA_dbase_COMBINED.removed.csv
1,ISSQDFSEITNTCKAIEALK-K14-155,PB1,-,monolink,monolink,TB_A14-011.11422.11422.3_TB_A14-011.11421.11421.3,747,n/a,-,TB_A14-011_matched,,2409.212,804.079,3,0.3,0.3,5,11.51,5.94,5.94,0.31,0.36,0.47,0.47,0,0.12,1025,0,28.4,0,51.12,0,,../FB03_1-DSS_noRNA_dbase_COMBINED.removed.csv
1,RVDINPGHKDLTSR-K9-156,PB2,-,monolink,monolink,TB_A14-009.07110.07110.3_TB_A14-009.07086.07086.3,154,n/a,-,TB_A14-009_matched,,1762.934,588.652,3,0.5,0.5,2,11.35,4.27,4.27,0.25,0.48,0.53,0.53,0,0.19,836,0,29.8,0,50.79,0,,../FB03_1-DSS_noRNA_dbase_COMBINED.removed.csv
1,VRNEKGELLISPEEVSEAQGQEK-K5-155,PB2,-,monolink,monolink,TB_A14-012.10073.10073.3_TB_A14-012.10037.10037.3,509,n/a,-,TB_A14-012_matched,,2723.396,908.807,3,-1.1,1.1,3,11.5,4.89,4.89,0.23,0.32,0.52,0.52,0,0.11,1061,0,16.2,0.12,50.54,0,,../FB03_1-DSS_noRNA_dbase_COMBINED.removed.csv
1,NRENDWPIGESPQGIEKGTIGK-K17-155,PA,-,monolink,monolink,TB_A14-012.10155.10155.3_TB_A14-012.10125.10125.3,626,n/a,-,TB_A14-012_matched,,2579.298,860.774,3,-0.9,0.9,5,11.48,4.45,4.45,0.29,0.34,0.58,0.58,0,0.13,1001,0,11,0,50.4,0,,../FB03_1-DSS_noRNA_dbase_COMBINED.removed.csv
1,VRNEKGELLISPEEVSEAQGQEK-K5-156,PB2,-,monolink,monolink,TB_A14-007.05995.05995.3_TB_A14-007.05962.05962.3,509,n/a,-,TB_A14-007_matched,,2724.387,909.137,3,2.1,2.1,8,11.5,4.91,4.91,0.26,0.24,0.56,0.56,0,0.12,1018,0,15.1,0,48.4,0,,../FB03_1-DSS_noRNA_dbase_COMBINED.removed.csv
1,CLLQSLQQVESMIEAESAVKEK-K20-156,PA,-,monolink,monolink,TB_A14-011.12857.12857.3_TB_A14-011.12845.12845.3,595,n/a,-,TB_A14-011_matched,,2675.337,892.787,3,-1.1,1.1,1,9.62,4.6,4.6,0.25,0.4,0.43,0.43,0,0.1,1025,0,24.6,0.11,47.8,0,,../FB03_1-DSS_noRNA_dbase_COMBINED.removed.csv
1,IRVNIDKYLR-K7-155,PB2,-,monolink,monolink,TB_A14-011.09881.09881.3_TB_A14-011.09878.09878.3,501,n/a,-,TB_A14-011_matched,,1443.852,482.292,3,-4,4,4,11.51,5.32,5.32,0.27,0.45,0.49,0.49,0,0.25,640,0,44.5,0.29,47.55,0,,../FB03_1-DSS_noRNA_dbase_COMBINED.removed.csv
1,KRDSSILTDSQTALK-K1-156,PB2,-,monolink,monolink,TB_A14-009.08178.08178.3_TB_A14-009.08116.08116.3,742,n/a,-,TB_A14-009_matched,,1817.971,606.998,3,-1.2,1.2,1,11.51,3.68,3.68,0.27,0.36,0.54,0.54,0,0.18,785,0,30.7,0.21,47.52,0,,../FB03_1-DSS_noRNA_dbase_COMBINED.removed.csv
1,ANVLIGQGDTVLVMKR-K15-156,PB2,-,monolink,monolink,TB_A14-009.10500.10500.3_TB_A14-009.10449.10449.3,740,n/a,-,TB_A14-009_matched,,1869.037,624.02,3,-1.3,1.3,2,11.43,3.39,3.39,0.22,0.41,0.5,0.5,0,0.15,735,0,17.2,0,47.08,0,,../FB03_1-DSS_noRNA_dbase_COMBINED.removed.csv
1,IRVNIDKYLR-K7-156,PB2,-,monolink,monolink,TB_A14-010.09917.09917.3_TB_A14-010.09896.09896.3,501,n/a,-,TB_A14-010_matched,,1444.838,482.621,3,-1.3,1.3,3,11.51,5.04,5.04,0.23,0.5,0.48,0.48,0,0.24,553,0,27,0.35,47.07,0,,../FB03_1-DSS_noRNA_dbase_COMBINED.removed.csv
1,GILEDERIYQKCCQVFEK-K11-156,PB1,-,monolink,monolink,TB_A14-011.10801.10801.3_TB_A14-011.10795.10795.3,690,n/a,-,TB_A14-011_matched,,2470.182,824.402,3,-2.1,2.1,1,11.51,3.77,3.77,0.23,0.31,0.57,0.57,0,0.16,834,0,14,0,46.91,0,,../FB03_1-DSS_noRNA_dbase_COMBINED.removed.csv
1,SNPTDEQAVNICKAALGIR-K13-156,PB2,-,monolink,monolink,TB_A14-011.11082.11082.3_TB_A14-011.11065.11065.3,314,n/a,-,TB_A14-011_matched,,2212.113,738.379,3,-1.5,1.5,4,11.43,4.8,4.8,0.22,0.34,0.42,0.42,0,0.11,835,0,14.5,0,46.86,0,,../FB03_1-DSS_noRNA_dbase_COMBINED.removed.csv
1,EMIPEKDEDGNTLWTNTKDAGSNR-K18-155,PB2,-,monolink,monolink,TB_A14-012.09395.09395.3_TB_A14-012.09370.09370.3,84,n/a,-,TB_A14-012_matched,,2875.329,959.451,3,-0.6,0.6,4,11.51,4.51,4.51,0.35,0.26,0.41,0.41,0,0.09,921,0,12.5,0.14,46.83,0,,../FB03_1-DSS_noRNA_dbase_COMBINED.removed.csv
1,LGAMSEKVNAQIESFDPR-K7-156,PA,-,monolink,monolink,TB_A14-009.10364.10364.3_TB_A14-009.10362.10362.3,249,n/a,-,TB_A14-009_matched,,2147.057,716.694,3,0.3,0.3,14,11.46,3.81,3.81,0.25,0.44,0.57,0.57,0,0.16,622,0,26.5,0.25,45.86,0,,../FB03_1-DSS_noRNA_dbase_COMBINED.removed.csv
1,AYVSSFKANGNIEAK-K7-156,PA,-,monolink,monolink,TB_A14-009.08757.08757.3_TB_A14-009.08709.08709.3,234,n/a,-,TB_A14-009_matched,,1753.887,585.637,3,-1,1,14,11.21,4.63,4.63,0.19,0.36,0.41,0.41,0,0.14,733,0,28,0,45.19,0,,../FB03_1-DSS_noRNA_dbase_COMBINED.removed.csv
1,WMMAMKYPISASSR-K6-156,PB2,-,monolink,monolink,TB_A14-009.10686.10686.3_TB_A14-009.10680.10680.3,56,n/a,-,TB_A14-009_matched,,1813.855,605.626,3,-0.8,0.8,10,10.93,2.98,2.98,0.2,0.56,0.72,0.72,0,0.26,438,0,25.3,0,45.14,0,,../FB03_1-DSS_noRNA_dbase_COMBINED.removed.csv
1,IKELMEMVKNSR-K9-156,PB2,-,monolink,monolink,TB_A14-012.10688.10688.3_TB_A14-012.10675.10675.3,14,n/a,-,TB_A14-012_matched,,1632.861,545.295,3,1.6,1.6,3,11.51,4.61,4.61,0.22,0.42,0.53,0.53,0,0.22,535,0,45.1,0.26,44.72,0,,../FB03_1-DSS_noRNA_dbase_COMBINED.removed.csv
1,IDLESGRISSQDFSEITNTCKAIEALK-K21-155,PB1,-,monolink,monolink,TB_A14-012.11764.11764.3_TB_A14-012.11766.11766.3,747,n/a,-,TB_A14-012_matched,,3179.599,1060.874,3,-1.4,1.4,1,8.59,4.55,4.55,0.19,0.24,0.31,0.31,0,0.06,1162,0,9.3,0,44.17,0,,../FB03_1-DSS_noRNA_dbase_COMBINED.removed.csv
1,TMKEYGENPQNEGNK-K3-155,PA,-,monolink,monolink,TB_A14-011.06246.06246.3_TB_A14-011.06199.06199.3,22,n/a,-,TB_A14-011_matched,,1892.852,631.959,3,-3.7,3.7,2,11.46,3.64,3.64,0.29,0.38,0.5,0.5,0,0.17,582,0,26.2,0.09,43.94,0,,../FB03_1-DSS_noRNA_dbase_COMBINED.removed.csv
1,NCKISPIMVAYMLER-K3-155,PB2,-,monolink,monolink,TB_A14-011.12268.12268.3_TB_A14-011.12265.12265.3,199,n/a,-,TB_A14-011_matched,,1979.003,660.675,3,-1.7,1.7,4,11.46,2.76,2.76,0.25,0.32,0.69,0.69,0,0.23,601,0,26.9,0,43.81,0,,../FB03_1-DSS_noRNA_dbase_COMBINED.removed.csv
1,RKVEDYYYEK-K2-156,PA,-,monolink,monolink,TB_A14-011.07527.07527.3_TB_A14-011.07441.07441.3,127,n/a,-,TB_A14-011_matched,,1547.754,516.926,3,2.2,2.2,1,11.41,4.43,4.43,0.19,0.4,0.38,0.38,0,0.19,534,0,39,0,43.5,0,,../FB03_1-DSS_noRNA_dbase_COMBINED.removed.csv
1,IRLEESKGWSHPQFEK-K7-155,PB2,-,monolink,monolink,TB_A14-009.07950.07950.3_TB_A14-009.07947.07947.3,765,n/a,-,TB_A14-009_matched,,2125.092,709.372,3,-2.4,2.4,7,11.5,3.72,3.72,0.28,0.44,0.44,0.44,0,0.14,480,0,27.9,0.2,43.25,0,,../FB03_1-DSS_noRNA_dbase_COMBINED.removed.csv
1,TIRELELPEGKFCTQR-K11-156,PA,-,monolink,monolink,TB_A14-010.10087.10087.3_TB_A14-010.10066.10066.3,278,n/a,-,TB_A14-010_matched,,2132.094,711.706,3,0.3,0.3,10,11.51,2.57,2.57,0.31,0.53,0.57,0.57,0,0.18,327,0,37.9,0,42.93,0,,../FB03_1-DSS_noRNA_dbase_COMBINED.removed.csv
1,IRLEESKGWSHPQFEK-K7-156,PB2,-,monolink,monolink,TB_A14-009.08516.08516.3_TB_A14-009.08493.08493.3,765,n/a,-,TB_A14-009_matched,,2126.08,709.701,3,0,0,17,11.45,3.99,3.99,0.22,0.44,0.47,0.47,0,0.15,470,0,37.3,0.24,42.83,0,,../FB03_1-DSS_noRNA_dbase_COMBINED.removed.csv
1,TSISTIMKPVYLYVR-K8-156,PA,-,monolink,monolink,TB_A14-012.12455.12455.3_TB_A14-012.12454.12454.3,551,n/a,-,TB_A14-012_matched,,1926.053,643.026,3,-0.2,0.2,4,11.45,2.96,2.96,0.2,0.43,0.52,0.52,0,0.17,448,0,40.7,0.4,42.41,0,,../FB03_1-DSS_noRNA_dbase_COMBINED.removed.csv
1,TMKEYGENPQNEGNK-K3-156,PA,-,monolink,monolink,TB_A14-011.07117.07117.3_TB_A14-011.07075.07075.3,22,n/a,-,TB_A14-011_matched,,1893.845,632.29,3,2.1,2.1,4,11.26,3.4,3.4,0.27,0.38,0.54,0.54,0,0.18,508,0,26.2,0.14,42.36,0,,../FB03_1-DSS_noRNA_dbase_COMBINED.removed.csv
1,LGAMSEKVNAQIESFDPR-K7-155,PA,-,monolink,monolink,TB_A14-010.10295.10295.3_TB_A14-010.10279.10279.3,249,n/a,-,TB_A14-010_matched,,2146.075,716.366,3,0,0,4,10.78,3.57,3.57,0.21,0.35,0.39,0.39,0,0.11,653,0,17,0,42.35,0,,../FB03_1-DSS_noRNA_dbase_COMBINED.removed.csv
1,KLASWIQSEFNK-K1-156,PA,-,monolink,monolink,TB_A14-012.11848.11848.3_TB_A14-012.11834.11834.3,398,n/a,-,TB_A14-012_matched,,1605.838,536.287,3,-1.4,1.4,4,11.51,2.83,2.83,0.31,0.36,0.54,0.54,0,0.23,460,0,35.1,0.32,42.23,0,,../FB03_1-DSS_noRNA_dbase_COMBINED.removed.csv
1,KVEDYYYEKASK-K9-156,PA,-,monolink,monolink,TB_A14-012.08220.08220.3_TB_A14-012.08196.08196.3,135,n/a,-,TB_A14-012_matched,,1677.814,560.279,3,0.1,0.1,4,9.42,3.88,3.88,0.16,0.4,0.46,0.46,0,0.19,686,0,35.1,0,42.21,0,,../FB03_1-DSS_noRNA_dbase_COMBINED.removed.csv
1,TNHLKWGLGEGQAPEK-K5-156,PA,-,monolink,monolink,TB_A14-011.09524.09524.3_TB_A14-011.09500.09500.3,363,n/a,-,TB_A14-011_matched,,1919.97,640.998,3,-2,2,4,11.36,3.08,3.08,0.22,0.43,0.53,0.53,0,0.17,420,0,18.8,0.18,41.87,0,,../FB03_1-DSS_noRNA_dbase_COMBINED.removed.csv
1,INNSFSFGGYNFKR-K13-155,PB2,-,monolink,monolink,TB_A14-011.10885.10885.3_TB_A14-011.10884.10884.3,333,n/a,-,TB_A14-011_matched,,1804.889,602.638,3,-1.1,1.1,4,11.51,3.54,3.54,0.25,0.3,0.42,0.42,0,0.15,553,0,36.2,0,41.64,0,,../FB03_1-DSS_noRNA_dbase_COMBINED.removed.csv
1,TIRELELPEGKFCTQR-K11-155,PA,-,monolink,monolink,TB_A14-012.10464.10464.3_TB_A14-012.10413.10413.3,278,n/a,-,TB_A14-012_matched,,2131.112,711.378,3,0.1,0.1,3,11.51,2.33,2.33,0.29,0.43,0.59,0.59,0,0.19,362,0,45.9,0,41.58,0,,../FB03_1-DSS_noRNA_dbase_COMBINED.removed.csv
1,DSSILTDSQTALKR-K13-156,PB2,-,monolink,monolink,TB_A14-010.09779.09779.3_TB_A14-010.09752.09752.3,756,n/a,-,TB_A14-010_matched,,1689.877,564.3,3,-0.9,0.9,4,11.45,2.6,2.6,0.3,0.4,0.37,0.37,0,0.13,433,0,24,0.26,41.43,0,,../FB03_1-DSS_noRNA_dbase_COMBINED.removed.csv
1,ISSQDFSEITNTCKAIEALKR-K14-156,PB1,-,monolink,monolink,TB_A14-009.10208.10208.3_TB_A14-009.10284.10284.3,747,n/a,-,TB_A14-009_matched,,2566.297,856.44,3,0.9,0.9,13,11.44,1.41,1.41,0.21,0.36,0.56,0.56,0,0.13,486,0,20,0.16,41.23,0,,../FB03_1-DSS_noRNA_dbase_COMBINED.removed.csv
1,HFQKDSSTLLK-K4-156,PB2,-,monolink,monolink,TB_A14-010.08405.08405.3_TB_A14-010.08342.08342.3,442,n/a,-,TB_A14-010_matched,,1458.77,487.264,3,-1.6,1.6,5,10.46,3.75,3.75,0.15,0.34,0.36,0.36,0,0.16,604,0,31.4,0,41.22,0,,../FB03_1-DSS_noRNA_dbase_COMBINED.removed.csv
1,TSISTIMKPVYLYVR-K8-155,PA,-,monolink,monolink,TB_A14-011.11992.11992.3_TB_A14-011.11971.11971.3,551,n/a,-,TB_A14-011_matched,,1925.067,642.697,3,-2.3,2.3,2,11.42,2.64,2.64,0.22,0.36,0.5,0.5,0,0.17,453,0,20.4,0.26,41.03,0,,../FB03_1-DSS_noRNA_dbase_COMBINED.removed.csv
1,VDINPGHKDLTSR-K8-155,PB2,-,monolink,monolink,TB_A14-009.06855.06855.3_TB_A14-009.06793.06793.3,154,n/a,-,TB_A14-009_matched,,1605.845,536.289,3,-2.7,2.7,2,11.5,1.44,1.44,0.25,0.43,0.74,0.74,0,0.28,275,0,19.5,0.15,41,0,,../FB03_1-DSS_noRNA_dbase_COMBINED.removed.csv
1,IEFEPFQTLIPKGNR-K12-156,PB2,-,monolink,monolink,TB_A14-009.11162.11162.3_TB_A14-009.11155.11155.3,587,n/a,-,TB_A14-009_matched,,1944.034,649.019,3,-0.7,0.7,5,11.21,1.84,1.84,0.28,0.48,0.67,0.67,0,0.22,280,0,25.6,0.04,40.99,0,,../FB03_1-DSS_noRNA_dbase_COMBINED.removed.csv
1,LWTETISKAGLLVADGGPNPYNLR-K8-155,PB1,-,monolink,monolink,TB_A14-010.11435.11435.3_TB_A14-010.11437.11437.3,585,n/a,-,TB_A14-010_matched,,2739.46,914.161,3,-0.6,0.6,1,11.42,2.97,2.97,0.23,0.24,0.49,0.49,0,0.1,637,0,18.8,0.16,40.92,0,,../FB03_1-DSS_noRNA_dbase_COMBINED.removed.csv
1,KAKLANVIK-K3-156,PB1,-,monolink,monolink,TB_A14-012.08479.08479.3_TB_A14-012.08441.08441.3,281,n/a,-,TB_A14-012_matched,,1139.725,380.916,3,-2.8,2.8,1,11.28,4.24,4.24,0.22,0.37,0.34,0.34,0,0.19,429,0,19.1,0.34,40.84,0,,../FB03_1-DSS_noRNA_dbase_COMBINED.removed.csv
1,GYMFESKSMHLR-K7-155,PB1,-,monolink,monolink,TB_A14-009.08874.08874.3_TB_A14-009.08832.08832.3,360,n/a,-,TB_A14-009_matched,,1639.783,547.602,3,-2.4,2.4,4,11.33,1.47,1.47,0.17,0.43,0.82,0.82,0,0.34,253,0,34.4,0.21,40.79,0,,../FB03_1-DSS_noRNA_dbase_COMBINED.removed.csv
1,KVEDYYYEKASK-K9-155,PA,-,monolink,monolink,TB_A14-009.06601.06601.3_TB_A14-009.06563.06563.3,135,n/a,-,TB_A14-009_matched,,1676.829,559.951,3,-1.8,1.8,2,9.42,3.86,3.86,0.16,0.34,0.48,0.48,0,0.2,661,0,35.4,0,40.74,0,,../FB03_1-DSS_noRNA_dbase_COMBINED.removed.csv
1,KTNHLKWGLGEGQAPEK-K6-156,PA,-,monolink,monolink,TB_A14-009.08138.08138.3_TB_A14-009.08098.08098.3,363,n/a,-,TB_A14-009_matched,,2048.07,683.698,3,0.4,0.4,2,10.94,2.84,2.84,0.19,0.38,0.47,0.47,0,0.14,493,0,21.8,0.19,40.72,0,,../FB03_1-DSS_noRNA_dbase_COMBINED.removed.csv
1,DSSILTDSQTALKR-K13-155,PB2,-,monolink,monolink,TB_A14-009.08811.08811.3_TB_A14-009.08775.08775.3,756,n/a,-,TB_A14-009_matched,,1688.893,563.972,3,-1.8,1.8,5,11.5,2.78,2.78,0.26,0.34,0.47,0.47,0,0.17,432,0,21.7,0.13,40.55,0,,../FB03_1-DSS_noRNA_dbase_COMBINED.removed.csv
1,RDSSILTDSQTALKR-K14-156,PB2,-,monolink,monolink,TB_A14-010.08852.08852.3_TB_A14-010.08826.08826.3,756,n/a,-,TB_A14-010_matched,,1845.978,616.334,3,-0.7,0.7,2,8.67,3.28,3.28,0.16,0.32,0.52,0.52,0,0.17,774,0,19.3,0.28,40.45,0,,../FB03_1-DSS_noRNA_dbase_COMBINED.removed.csv
1,AEKTMKEYGENPQNEGNK-K3-156,PA,-,monolink,monolink,TB_A14-009.05974.05974.3_TB_A14-009.05935.05935.3,19,n/a,-,TB_A14-009_matched,,2222.013,741.679,3,-1.4,1.4,3,11.51,3.4,3.4,0.32,0.38,0.48,0.48,0,0.13,402,0,21.6,0,40.45,0,,../FB03_1-DSS_noRNA_dbase_COMBINED.removed.csv
1,FLPDLYDYKTNK-K9-156,PA,-,monolink,monolink,TB_A14-009.10453.10453.3_TB_A14-009.10433.10433.3,114,n/a,-,TB_A14-009_matched,,1671.837,558.287,3,-1.4,1.4,3,11.51,2.18,2.18,0.24,0.48,0.55,0.55,0,0.23,226,0,30.2,0,40.45,0,,../FB03_1-DSS_noRNA_dbase_COMBINED.removed.csv
1,KRVDINPGHK-K1-155,PB2,-,monolink,monolink,TB_A14-009.04945.04945.3_TB_A14-009.04902.04902.3,145,n/a,-,TB_A14-009_matched,,1317.75,440.258,3,-2.5,2.5,4,10.48,3.98,3.98,0.23,0.35,0.31,0.31,0,0.16,527,0,28.5,0,40.23,0,,../FB03_1-DSS_noRNA_dbase_COMBINED.removed.csv
1,IREMIPEKDEDGNTLWTNTK-K8-156,PB2,-,monolink,monolink,TB_A14-009.09648.09648.3_TB_A14-009.09608.09608.3,72,n/a,-,TB_A14-009_matched,,2545.237,849.42,3,-0.1,0.1,7,11.3,2.21,2.21,0.21,0.38,0.5,0.5,0,0.12,433,0,23.5,0,40.22,0,,../FB03_1-DSS_noRNA_dbase_COMBINED.removed.csv
1,EMIPEKDEDGNTLWTNTKDAGSNR-K18-156,PB2,-,monolink,monolink,TB_A14-009.09019.09019.3_TB_A14-009.08984.08984.3,84,n/a,-,TB_A14-009_matched,,2876.313,959.779,3,-0.2,0.2,4,9.66,3.01,3.01,0.35,0.26,0.39,0.39,0,0.08,748,0,10.3,0.28,39.99,0,,../FB03_1-DSS_noRNA_dbase_COMBINED.removed.csv
1,ISSQDFSEITNTCKAIEALKR-K14-155,PB1,-,monolink,monolink,TB_A14-010.10314.10314.3_TB_A14-010.10296.10296.3,747,n/a,-,TB_A14-010_matched,,2565.304,856.109,3,-3.3,3.3,6,11.51,1.55,1.55,0.26,0.28,0.52,0.52,0,0.12,469,0,12.5,0.24,39.34,0,,../FB03_1-DSS_noRNA_dbase_COMBINED.removed.csv
1,VDINPGHKDLTSR-K8-156,PB2,-,monolink,monolink,TB_A14-009.07695.07695.3_TB_A14-009.07655.07655.3,154,n/a,-,TB_A14-009_matched,,1606.83,536.618,3,-0.9,0.9,4,11.5,1.61,1.61,0.26,0.33,0.74,0.74,0,0.28,291,0,14.2,0.1,39.33,0,,../FB03_1-DSS_noRNA_dbase_COMBINED.removed.csv
1,LSVLNPAHEGEGIPMKDAK-K16-155,PA,-,monolink,monolink,TB_A14-010.09015.09015.3_TB_A14-010.09014.09014.3,304,n/a,-,TB_A14-010_matched,,2160.125,721.049,3,-0.9,0.9,5,11.41,1.45,1.45,0.23,0.39,0.62,0.62,0,0.16,328,0,19.5,0,39.29,0,,../FB03_1-DSS_noRNA_dbase_COMBINED.removed.csv
1,DYHQFKAYVSSFK-K6-156,PA,-,monolink,monolink,TB_A14-012.11740.11740.3_TB_A14-012.11722.11722.3,227,n/a,-,TB_A14-012_matched,,1774.855,592.626,3,-1.1,1.1,1,9.01,3.1,3.1,0.21,0.42,0.43,0.43,0,0.16,554,0,29.9,0.14,39.25,0,,../FB03_1-DSS_noRNA_dbase_COMBINED.removed.csv
1,NWGTEEIDPIMGIAGIMPDGTINKTQTLMGVR-K24-156,PB2,-,monolink,monolink,TB_A14-012.13099.13099.4_TB_A14-012.13090.13090.4,471,n/a,-,TB_A14-012_matched,,3613.77,904.45,4,-3.5,3.5,4,11.27,2.72,2.72,0.13,0.33,0.45,0.45,0,0.07,490,0,6.5,0.13,39.21,0,,../FB03_1-DSS_noRNA_dbase_COMBINED.removed.csv
1,FLLMDAMKLSVLNPAHEGEGIPMK-K8-155,PA,-,monolink,monolink,TB_A14-011.12417.12417.3_TB_A14-011.12415.12415.3,290,n/a,-,TB_A14-011_matched,,2795.441,932.822,3,-1,1,3,10.24,2.05,2.05,0.21,0.36,0.54,0.54,0,0.11,517,0,11.6,0.29,39.2,0,,../FB03_1-DSS_noRNA_dbase_COMBINED.removed.csv
1,ALTLNTMTKDAER-K9-156,PB1,-,monolink,monolink,TB_A14-010.09522.09522.3_TB_A14-010.09498.09498.3,229,n/a,-,TB_A14-010_matched,,1618.821,540.615,3,-1.4,1.4,4,11.43,3.45,3.45,0.17,0.29,0.44,0.44,0,0.17,436,0,31.1,0.13,39.11,0,,../FB03_1-DSS_noRNA_dbase_COMBINED.removed.csv
1,ENDDDNAMLKHRFEIIEGQER-K10-156,PA,-,monolink,monolink,TB_A14-009.09609.09609.4_TB_A14-009.09586.09586.4,74,n/a,-,TB_A14-009_matched,,2714.262,679.573,4,0.4,0.4,9,11.19,1.95,1.95,0.14,0.33,0.51,0.51,0,0.12,439,0,13.3,0,39,0,,../FB03_1-DSS_noRNA_dbase_COMBINED.removed.csv
1,LTHGTFGPVKFYNQVK-K10-155,PB2,-,monolink,monolink,TB_A14-009.09275.09275.3_TB_A14-009.09272.09272.3,136,n/a,-,TB_A14-009_matched,,1990.068,664.364,3,-0.6,0.6,4,10.98,2.43,2.43,0.17,0.32,0.47,0.47,0,0.15,458,0,20.1,0,38.95,0,,../FB03_1-DSS_noRNA_dbase_COMBINED.removed.csv
1,RKLASWIQSEFNK-K2-156,PA,-,monolink,monolink,TB_A14-010.10338.10338.3_TB_A14-010.10320.10320.3,398,n/a,-,TB_A14-010_matched,,1761.94,588.321,3,-0.9,0.9,4,11.24,2.31,2.31,0.19,0.23,0.56,0.56,0,0.22,478,0,33.4,0.43,38.93,0,,../FB03_1-DSS_noRNA_dbase_COMBINED.removed.csv
1,ENDDDNAMLKHRFEIIEGQER-K10-155,PA,-,monolink,monolink,TB_A14-010.09497.09497.4_TB_A14-010.09479.09479.4,74,n/a,-,TB_A14-010_matched,,2713.278,679.327,4,-0.2,0.2,2,11.35,1.82,1.82,0.14,0.32,0.48,0.48,0,0.11,436,0,7.1,0,38.84,0,,../FB03_1-DSS_noRNA_dbase_COMBINED.removed.csv
1,MKWMMAMKYPISASSR-K2-156,PB2,-,monolink,monolink,TB_A14-011.11425.11425.3_TB_A14-011.11412.11412.3,50,n/a,-,TB_A14-011_matched,,2072.991,692.005,3,-0.4,0.4,2,10.67,2.83,2.83,0.26,0.35,0.59,0.59,0,0.19,389,0,33.4,0,38.57,0,,../FB03_1-DSS_noRNA_dbase_COMBINED.removed.csv
1,ANSKYGPVLTIGELDK-K4-156,PB2,-,monolink,monolink,TB_A14-009.10474.10474.3_TB_A14-009.10454.10454.3,707,n/a,-,TB_A14-009_matched,,1859.988,621.004,3,-0.1,0.1,2,11.49,2.73,2.73,0.23,0.31,0.5,0.5,0,0.16,367,0,28.7,0,38.51,0,,../FB03_1-DSS_noRNA_dbase_COMBINED.removed.csv
1,NCKISPIMVAYMLER-K3-156,PB2,-,monolink,monolink,TB_A14-012.12747.12747.3_TB_A14-012.12732.12732.3,199,n/a,-,TB_A14-012_matched,,1979.987,661.003,3,-0.8,0.8,2,10.04,2.19,2.19,0.18,0.34,0.6,0.6,0,0.2,445,0,18.2,0,38.01,0,,../FB03_1-DSS_noRNA_dbase_COMBINED.removed.csv
1,ATIIKKHEK-K5-156,PA,-,monolink,monolink,TB_A14-010.05507.05507.3_TB_A14-010.05447.05447.3,326,n/a,-,TB_A14-010_matched,,1222.726,408.583,3,-1.8,1.8,1,10.96,0.83,0.83,0.21,0.43,0.52,0.52,0,0.29,164,0,33.3,0.42,37.9,0,,../FB03_1-DSS_noRNA_dbase_COMBINED.removed.csv
1,SLEYDAVATTHSWTPKR-K16-155,PB1,-,monolink,monolink,TB_A14-010.08897.08897.3_TB_A14-010.08888.08888.3,668,n/a,-,TB_A14-010_matched,,2116.059,706.361,3,-0.9,0.9,8,11.51,1.33,1.33,0.28,0.27,0.64,0.64,0,0.19,332,0,22.1,0,37.57,0,,../FB03_1-DSS_noRNA_dbase_COMBINED.removed.csv
1,FYNQVKVR-K6-156,PB2,-,monolink,monolink,TB_A14-012.08688.08688.3_TB_A14-012.08551.08551.3,142,n/a,-,TB_A14-012_matched,,1208.654,403.893,3,-0.8,0.8,2,9.17,3.48,3.48,0.14,0.39,0.45,0.45,0,0.28,396,0,27.3,0,37.53,0,,../FB03_1-DSS_noRNA_dbase_COMBINED.removed.csv
1,VYKMYFDRLER-K3-155,PB2,-,monolink,monolink,TB_A14-011.09864.09864.3_TB_A14-011.09858.09858.3,118,n/a,-,TB_A14-011_matched,,1673.857,558.96,3,-2.9,2.9,4,10.57,1.65,1.65,0.21,0.4,0.57,0.57,0,0.26,217,0,37.6,0,37.08,0,,../FB03_1-DSS_noRNA_dbase_COMBINED.removed.csv
1,LTHGTFGPVKFYNQVK-K10-156,PB2,-,monolink,monolink,TB_A14-010.10044.10044.3_TB_A14-010.10023.10023.3,136,n/a,-,TB_A14-010_matched,,1991.051,664.692,3,-0.2,0.2,4,10.39,1.74,1.74,0.18,0.34,0.46,0.46,0,0.14,354,0,10.9,0.33,36.31,0,,../FB03_1-DSS_noRNA_dbase_COMBINED.removed.csv
1,ALTLNTMTKDAERGK-K9-156,PB1,-,monolink,monolink,TB_A14-010.08804.08804.3_TB_A14-010.08765.08765.3,229,n/a,-,TB_A14-010_matched,,1803.939,602.321,3,-0.5,0.5,5,10.67,1.08,1.08,0.19,0.38,0.65,0.65,0,0.22,215,0,13.8,0,36.25,0,,../FB03_1-DSS_noRNA_dbase_COMBINED.removed.csv
1,RVDINPGHKDLTSR-K9-155,PB2,-,monolink,monolink,TB_A14-010.06601.06601.4_TB_A14-010.06557.06557.4,154,n/a,-,TB_A14-010_matched,,1761.946,441.494,4,-2.8,2.8,5,11.04,1.53,1.53,0.16,0.33,0.64,0.64,0,0.23,219,0,11.2,0.35,36.13,0,,../FB03_1-DSS_noRNA_dbase_COMBINED.removed.csv
1,FYNQVKVRK-K6-156,PB2,-,monolink,monolink,TB_A14-011.07098.07098.3_TB_A14-011.07085.07085.3,142,n/a,-,TB_A14-011_matched,,1336.752,446.592,3,1.5,1.5,3,11.3,1.26,1.26,0.31,0.27,0.6,0.6,0,0.33,167,0,29,0.39,36.07,0,,../FB03_1-DSS_noRNA_dbase_COMBINED.removed.csv
1,TNGTSKIKMK-K8-156,PA,-,monolink,monolink,TB_A14-011.06086.06086.3_TB_A14-011.06043.06043.3,566,n/a,-,TB_A14-011_matched,,1262.691,421.905,3,0.4,0.4,1,11.36,1.81,1.81,0.23,0.32,0.42,0.42,0,0.21,195,0,25,0,35.9,0,,../FB03_1-DSS_noRNA_dbase_COMBINED.removed.csv
1,SLEYDAVATTHSWTPKR-K16-156,PB1,-,monolink,monolink,TB_A14-010.09436.09436.4_TB_A14-010.09399.09399.4,668,n/a,-,TB_A14-010_matched,,2117.041,530.268,4,-1.2,1.2,20,11.51,2.42,2.42,0.22,0.24,0.42,0.42,0,0.12,319,0,20.9,0,35.74,0,,../FB03_1-DSS_noRNA_dbase_COMBINED.removed.csv
1,LGRGYMFESKSMHLR-K10-155,PB1,-,monolink,monolink,TB_A14-009.08453.08453.4_TB_A14-009.08430.08430.4,360,n/a,-,TB_A14-009_matched,,1965.987,492.505,4,-3.4,3.4,1,9.19,2.87,2.87,0.12,0.44,0.37,0.37,0,0.12,352,0,11.6,0,35.67,0,,../FB03_1-DSS_noRNA_dbase_COMBINED.removed.csv
1,FLLMDAMKLSVLNPAHEGEGIPMK-K8-156,PA,-,monolink,monolink,TB_A14-009.11618.11618.3_TB_A14-009.11607.11607.3,290,n/a,-,TB_A14-009_matched,,2796.422,933.149,3,-1.6,1.6,7,10.89,1.46,1.46,0.19,0.41,0.44,0.44,0,0.09,208,0,16.5,0.34,35.54,0,,../FB03_1-DSS_noRNA_dbase_COMBINED.removed.csv
1,YGPVLTIGELDKLGRGEK-K12-156,PB2,-,monolink,monolink,TB_A14-009.10448.10448.3_TB_A14-009.10425.10425.3,719,n/a,-,TB_A14-009_matched,,2100.145,701.056,3,-0.7,0.7,3,10.93,0.87,0.87,0.22,0.26,0.74,0.74,0,0.2,285,0,12,0.35,35.48,0,,../FB03_1-DSS_noRNA_dbase_COMBINED.removed.csv
1,TNKFIEIGVTRR-K3-156,PA,-,monolink,monolink,TB_A14-009.09499.09499.3_TB_A14-009.09464.09464.3,117,n/a,-,TB_A14-009_matched,,1588.892,530.639,3,-0.8,0.8,4,8.71,2.31,2.31,0.19,0.44,0.58,0.58,0,0.24,289,0,35.8,0,35.37,0,,../FB03_1-DSS_noRNA_dbase_COMBINED.removed.csv
1,HFQKDSSTLLK-K4-155,PB2,-,monolink,monolink,TB_A14-009.07216.07216.3_TB_A14-009.07194.07194.3,442,n/a,-,TB_A14-009_matched,,1457.786,486.937,3,-2.2,2.2,4,9.66,3.23,3.23,0.12,0.26,0.38,0.38,0,0.17,447,0,20.2,0,35.12,0,,../FB03_1-DSS_noRNA_dbase_COMBINED.removed.csv
1,WGLGEGQAPEKMDFEDCKEVPDLFQYK-K11-156,PA,-,monolink,monolink,TB_A14-012.12096.12096.3_TB_A14-012.12086.12086.3,374,n/a,-,TB_A14-012_matched,,3371.532,1124.852,3,-1.5,1.5,2,11.19,1.46,1.46,0.23,0.31,0.37,0.37,0,0.07,264,0,9.7,0.3,34.85,0,,../FB03_1-DSS_noRNA_dbase_COMBINED.removed.csv
1,ALTLNTMTKDAER-K9-155,PB1,-,monolink,monolink,TB_A14-011.09325.09325.3_TB_A14-011.09314.09314.3,229,n/a,-,TB_A14-011_matched,,1617.838,540.287,3,-2.3,2.3,2,9.75,2.31,2.31,0.11,0.32,0.38,0.38,0,0.15,357,0,14.2,0.09,34.71,0,,../FB03_1-DSS_noRNA_dbase_COMBINED.removed.csv
1,LANQSLPPSFKDYHQFK-K11-155,PA,-,monolink,monolink,TB_A14-010.09060.09060.3_TB_A14-010.08972.08972.3,221,n/a,-,TB_A14-010_matched,,2174.115,725.713,3,-1.2,1.2,2,11.06,0.62,0.62,0.19,0.35,0.54,0.54,0,0.16,164,0,8.7,0,34.66,0,,../FB03_1-DSS_noRNA_dbase_COMBINED.removed.csv
1,LEESKGWSHPQFEK-K5-156,PB2,-,monolink,monolink,TB_A14-010.08555.08555.3_TB_A14-010.08531.08531.3,765,n/a,-,TB_A14-010_matched,,1856.893,619.972,3,-0.6,0.6,2,9.52,1.06,1.06,0.16,0.42,0.55,0.55,0,0.2,201,0,16.3,0,34.31,0,,../FB03_1-DSS_noRNA_dbase_COMBINED.removed.csv
1,MKWMMAMKYPISASSR-K8-156,PB2,-,monolink,monolink,TB_A14-010.10822.10822.3_TB_A14-010.10816.10816.3,56,n/a,-,TB_A14-010_matched,,2072.991,692.005,3,-0.4,0.4,2,10.58,1.84,1.84,0.18,0.29,0.54,0.54,0,0.17,255,0,23.2,0,34.16,0,,../FB03_1-DSS_noRNA_dbase_COMBINED.removed.csv
1,TNFNPMILERAEKTMK-K13-156,PA,-,monolink,monolink,TB_A14-010.10213.10213.3_TB_A14-010.10212.10212.3,19,n/a,-,TB_A14-010_matched,,2078.054,693.692,3,-0.2,0.2,1,10.86,0.73,0.73,0.19,0.23,0.62,0.62,0,0.19,268,0,12.9,0,34.09,0,,../FB03_1-DSS_noRNA_dbase_COMBINED.removed.csv
1,SEPPEKRK-K6-156,PA,-,monolink,monolink,TB_A14-012.04938.04938.3_TB_A14-012.05160.05160.3,396,n/a,-,TB_A14-012_matched,,1125.599,376.207,3,-3.6,3.6,5,8.75,1,1,0.14,0.4,0.7,0.7,0,0.44,124,0,23.4,0,33.99,0,,../FB03_1-DSS_noRNA_dbase_COMBINED.removed.csv
1,IREMIPEKDEDGNTLWTNTK-K8-155,PB2,-,monolink,monolink,TB_A14-012.10236.10236.3_TB_A14-012.10174.10174.3,72,n/a,-,TB_A14-012_matched,,2544.251,849.092,3,-1.3,1.3,2,9.48,1.75,1.75,0.17,0.37,0.43,0.43,0,0.11,296,0,10.4,0,33.79,0,,../FB03_1-DSS_noRNA_dbase_COMBINED.removed.csv
1,KRVDINPGHK-K1-156,PB2,-,monolink,monolink,TB_A14-009.05847.05847.3_TB_A14-009.05805.05805.3,145,n/a,-,TB_A14-009_matched,,1318.734,440.586,3,-1.4,1.4,5,9.65,3.06,3.06,0.17,0.3,0.28,0.28,0,0.14,340,0,23,0.39,33.76,0,,../FB03_1-DSS_noRNA_dbase_COMBINED.removed.csv
1,ANVLIGQGDTVLVMKR-K15-155,PB2,-,monolink,monolink,TB_A14-010.10349.10349.3_TB_A14-010.10351.10351.3,740,n/a,-,TB_A14-010_matched,,1868.052,623.692,3,-2.6,2.6,2,8.51,2.41,2.41,0.11,0.24,0.33,0.33,0,0.1,562,0,8.6,0,33.66,0,,../FB03_1-DSS_noRNA_dbase_COMBINED.removed.csv
1,LVGINMSQKK-K9-156,PB1,-,monolink,monolink,TB_A14-012.09741.09741.3_TB_A14-012.09718.09718.3,479,n/a,-,TB_A14-012_matched,,1272.711,425.245,3,-0.2,0.2,1,9.41,3.21,3.21,0.14,0.3,0.28,0.28,0,0.14,359,0,31,0.19,33.5,0,,../FB03_1-DSS_noRNA_dbase_COMBINED.removed.csv
1,VYKMYFDRLER-K3-156,PB2,-,monolink,monolink,TB_A14-009.09690.09690.3_TB_A14-009.09669.09669.3,118,n/a,-,TB_A14-009_matched,,1674.842,559.288,3,-1.4,1.4,4,9.77,1.2,1.2,0.17,0.3,0.56,0.56,0,0.25,176,0,14.9,0,32.46,0,,../FB03_1-DSS_noRNA_dbase_COMBINED.removed.csv
1,NWGTEEIDPIMGIAGIMPDGTINKTQTLMGVR-K24-155,PB2,-,monolink,monolink,TB_A14-009.11758.11758.3_TB_A14-009.11754.11754.3,471,n/a,-,TB_A14-009_matched,,3612.795,1205.273,3,-1.7,1.7,2,9.84,1.53,1.53,0.15,0.22,0.5,0.5,0,0.08,348,0,3.6,0.08,31.7,0,,../FB03_1-DSS_noRNA_dbase_COMBINED.removed.csv
1,LSVLNPAHEGEGIPMKDAK-K16-156,PA,-,monolink,monolink,TB_A14-009.09313.09313.4_TB_A14-009.09292.09292.4,304,n/a,-,TB_A14-009_matched,,2161.106,541.284,4,-1.2,1.2,1,9.44,1.13,1.13,0.14,0.3,0.5,0.5,0,0.13,222,0,5.3,0.29,31.11,0,,../FB03_1-DSS_noRNA_dbase_COMBINED.removed.csv
1,QSEKGEETLEEEFSYPPTFQR-K4-156,PA,-,monolink,monolink,TB_A14-010.10631.10631.3_TB_A14-010.10807.10807.3,191,n/a,-,TB_A14-010_matched,,2686.231,896.418,3,1,1,10,11.32,1.33,1.33,0.28,0.13,0.56,0.56,0,0.13,202,0,13.7,0.19,31.07,0,,../FB03_1-DSS_noRNA_dbase_COMBINED.removed.csv
1,ENDDDNAMLKHR-K10-155,PA,-,monolink,monolink,TB_A14-011.06328.06328.3_TB_A14-011.06288.06288.3,74,n/a,-,TB_A14-011_matched,,1611.728,538.251,3,-2.7,2.7,2,9.11,1.66,1.66,0.17,0.17,0.38,0.38,0,0.16,396,0,13.2,0,31.07,0,,../FB03_1-DSS_noRNA_dbase_COMBINED.removed.csv
1,MLKAVRGDLNFVNR-K3-156,PB2,-,monolink,monolink,TB_A14-010.09827.09827.3_TB_A14-010.09757.09757.3,414,n/a,-,TB_A14-010_matched,,1787.97,596.998,3,-0.8,0.8,2,8.9,1.65,1.65,0.16,0.27,0.46,0.46,0,0.16,286,0,8.9,0,31,0,,../FB03_1-DSS_noRNA_dbase_COMBINED.removed.csv
1,LEESKGWSHPQFEK-K5-155,PB2,-,monolink,monolink,TB_A14-012.08386.08386.3_TB_A14-012.08346.08346.3,765,n/a,-,TB_A14-012_matched,,1855.908,619.644,3,-2.4,2.4,4,7.59,1.69,1.69,0.14,0.43,0.47,0.47,0,0.17,245,0,20.4,0,30.95,0,,../FB03_1-DSS_noRNA_dbase_COMBINED.removed.csv
1,KEELKNCK-K5-155,PB2,-,monolink,monolink,TB_A14-012.04620.04620.3_TB_A14-012.04567.04567.3,196,n/a,-,TB_A14-012_matched,,1202.631,401.885,3,-3.4,3.4,1,9.91,3.56,3.56,0.14,0.17,0.25,0.25,0,0.16,282,0,21.1,0.74,30.66,0,,../FB03_1-DSS_noRNA_dbase_COMBINED.removed.csv
1,DAKACLDTFWGWKK-K3-156,PA,-,monolink,monolink,TB_A14-012.11993.11993.3_TB_A14-012.11974.11974.3,307,n/a,-,TB_A14-012_matched,,1880.914,627.979,3,0.2,0.2,1,7.13,0.9,0.9,0.05,0.5,0.51,0.51,0,0.18,178,0,5.9,0,30.3,0,,../FB03_1-DSS_noRNA_dbase_COMBINED.removed.csv
1,AEKTMKEYGENPQNEGNK-K3-155,PA,-,monolink,monolink,TB_A14-010.05411.05411.3_TB_A14-010.05385.05385.3,19,n/a,-,TB_A14-010_matched,,2221.03,741.351,3,-1.5,1.5,1,9.04,1.78,1.78,0.12,0.24,0.3,0.3,0,0.08,298,0,8,0.41,29.69,0,,../FB03_1-DSS_noRNA_dbase_COMBINED.removed.csv
1,FLPDLYDYKTNK-K9-155,PA,-,monolink,monolink,TB_A14-012.11224.11224.3_TB_A14-012.11208.11208.3,114,n/a,-,TB_A14-012_matched,,1670.853,557.959,3,-2.6,2.6,1,9.87,1.29,1.29,0.15,0.22,0.36,0.36,0,0.15,173,0,11.5,0,29.51,0,,../FB03_1-DSS_noRNA_dbase_COMBINED.removed.csv
1,ATIIKKHEK-K6-156,PA,-,monolink,monolink,TB_A14-009.05301.05301.3_TB_A14-009.05241.05241.3,327,n/a,-,TB_A14-009_matched,,1222.726,408.583,3,-1.7,1.7,1,8.54,0.7,0.7,0.14,0.24,0.5,0.5,0,0.28,161,0,30.9,0.4,28.66,0,,../FB03_1-DSS_noRNA_dbase_COMBINED.removed.csv
1,KEELKNCK-K5-156,PB2,-,monolink,monolink,TB_A14-012.05710.05710.3_TB_A14-012.05654.05654.3,196,n/a,-,TB_A14-012_matched,,1203.614,402.213,3,-2,2,2,9.04,2.4,2.4,0.15,0.25,0.22,0.22,0,0.14,173,0,24.2,0.72,28.5,0,,../FB03_1-DSS_noRNA_dbase_COMBINED.removed.csv
1,MDFEDCKEVPDLFQYK-K7-156,PA,-,monolink,monolink,TB_A14-009.10941.10941.3_TB_A14-009.10917.10917.3,388,n/a,-,TB_A14-009_matched,,2218.981,740.668,3,0.5,0.5,4,8.01,1.43,1.43,0.11,0.32,0.29,0.29,0,0.09,246,0,8.8,0.13,28.44,0,,../FB03_1-DSS_noRNA_dbase_COMBINED.removed.csv
1,IRDNHSKK-K7-156,PB1,-,monolink,monolink,TB_A14-009.02704.02704.3_TB_A14-009.02400.02400.3,197,n/a,-,TB_A14-009_matched,,1152.624,385.216,3,-1.3,1.3,8,8.43,3.66,3.66,0.17,0.24,0.15,0.15,0,0.1,275,0,21.1,0,28.36,0,,../FB03_1-DSS_noRNA_dbase_COMBINED.removed.csv
1,KLASWIQSEFNK-K1-155,PA,-,monolink,monolink,TB_A14-012.11531.11531.3_TB_A14-012.11524.11524.3,398,n/a,-,TB_A14-012_matched,,1604.854,535.959,3,-2.4,2.4,2,7.7,1.72,1.72,0.23,0.19,0.48,0.48,0,0.2,331,0,12.2,0,28.32,0,,../FB03_1-DSS_noRNA_dbase_COMBINED.removed.csv
1,VNIDKYLR-K5-155,PB2,-,monolink,monolink,TB_A14-011.09846.09846.3_TB_A14-011.09831.09831.3,501,n/a,-,TB_A14-011_matched,,1174.669,392.564,3,-3,3,1,7.5,3.34,3.34,0.12,0.38,0.21,0.21,0,0.13,183,0,11.7,0,28.18,0,,../FB03_1-DSS_noRNA_dbase_COMBINED.removed.csv
1,FLPDLYDYKTNKFIEIGVTR-K9-156,PA,-,monolink,monolink,TB_A14-012.12287.12287.3_TB_A14-012.12288.12288.3,114,n/a,-,TB_A14-012_matched,,2587.356,863.46,3,-0.7,0.7,2,8.98,0.74,0.74,0.13,0.16,0.57,0.57,0,0.14,210,0,7.4,0.35,27.09,0,,../FB03_1-DSS_noRNA_dbase_COMBINED.removed.csv
1,ALTLNTMTKDAERGK-K9-155,PB1,-,monolink,monolink,TB_A14-010.08097.08097.3_TB_A14-010.08090.08090.3,229,n/a,-,TB_A14-010_matched,,1802.954,601.992,3,-2.3,2.3,14,8.54,0.63,0.63,0.11,0.25,0.4,0.4,0,0.13,95,0,10,0.34,25.93,0,,../FB03_1-DSS_noRNA_dbase_COMBINED.removed.csv
1,TNGTSKIKMK-K6-156,PA,-,monolink,monolink,TB_A14-012.06251.06251.3_TB_A14-012.06211.06211.3,564,n/a,-,TB_A14-012_matched,,1262.69,421.904,3,-0.7,0.7,1,7.69,1.03,1.03,0.14,0.27,0.32,0.32,0,0.16,144,0,8,0,25.88,0,,../FB03_1-DSS_noRNA_dbase_COMBINED.removed.csv
1,ENDDDNAMLKHR-K10-156,PA,-,monolink,monolink,TB_A14-009.06624.06624.3_TB_A14-009.06584.06584.3,74,n/a,-,TB_A14-009_matched,,1612.713,538.579,3,-1.5,1.5,1,7.55,1.5,1.5,0.13,0.07,0.39,0.39,0,0.16,382,0,13.2,0,25.69,0,,../FB03_1-DSS_noRNA_dbase_COMBINED.removed.csv
1,TCKLVGINMSQKK-K3-155,PB1,-,monolink,monolink,TB_A14-012.08372.08372.3_TB_A14-012.08327.08327.3,470,n/a,-,TB_A14-012_matched,,1660.897,554.64,3,-3,3,1,7.81,1.97,1.97,0.09,0.21,0.24,0.24,0,0.09,233,0,8,0,25.39,0,,../FB03_1-DSS_noRNA_dbase_COMBINED.removed.csv
1,YTSGRQEKNPALR-K8-155,PB2,-,monolink,monolink,TB_A14-009.05056.05056.3_TB_A14-009.05018.05018.3,43,n/a,-,TB_A14-009_matched,,1673.883,558.969,3,-2,2,3,7.18,1.09,1.09,0.08,0.25,0.38,0.38,0,0.15,171,0,12.4,0,24.6,0,,../FB03_1-DSS_noRNA_dbase_COMBINED.removed.csv
1,IRDNHSKK-K8-156,PB1,-,monolink,monolink,TB_A14-011.03079.03079.3_TB_A14-011.02999.02999.3,198,n/a,-,TB_A14-011_matched,,1152.624,385.216,3,-1.2,1.2,2,6.46,2.25,2.25,0.13,0.31,0.15,0.15,0,0.09,203,0,15.6,0,24.59,0,,../FB03_1-DSS_noRNA_dbase_COMBINED.removed.csv
1,KYTSGRQEK-K1-156,PB2,-,monolink,monolink,TB_A14-009.03726.03726.3_TB_A14-009.03666.03666.3,35,n/a,-,TB_A14-009_matched,,1251.645,418.223,3,-0.9,0.9,3,6.47,0.96,0.96,0.06,0.26,0.56,0.56,0,0.31,105,0,11.1,0.26,24.39,0,,../FB03_1-DSS_noRNA_dbase_COMBINED.removed.csv
1,LANQSLPPSFKDYHQFK-K11-156,PA,-,monolink,monolink,TB_A14-011.14883.14883.3_TB_A14-011.14891.14891.3,221,n/a,-,TB_A14-011_matched,,2175.1,726.041,3,-0.1,0.1,26,6.77,1.24,1.24,0.13,0.16,0.29,0.29,0,0.09,330,0,4,0.36,24.07,0,,../FB03_1-DSS_noRNA_dbase_COMBINED.removed.csv
1,ANGNIEAKLGAMSEK-K8-155,PA,-,monolink,monolink,TB_A14-011.10266.10266.3_TB_A14-011.10244.10244.3,242,n/a,-,TB_A14-011_matched,,1686.86,563.295,3,-1.5,1.5,2,6.74,1.29,1.29,0.14,0.29,0.13,0.13,0,0.04,205,0,5.6,0.47,23.98,0,,../FB03_1-DSS_noRNA_dbase_COMBINED.removed.csv
1,SHPGLFETACQETIDAIQQTRVDKLTQGR-K24-156,PB1,-,monolink,monolink,TB_A14-009.10743.10743.3_TB_A14-009.10719.10719.3,121,n/a,-,TB_A14-009_matched,,3454.712,1152.578,3,-0.9,0.9,1,7.48,0.46,0.46,0.19,0.14,0.53,0.53,0,0.09,238,0,1.5,0.08,23.58,0,,../FB03_1-DSS_noRNA_dbase_COMBINED.removed.csv
1,LANQSLPPSFKDYHQFK-K17-156,PA,-,monolink,monolink,TB_A14-010.14519.14519.3_TB_A14-010.13962.13962.3,227,n/a,-,TB_A14-010_matched,,2175.106,726.043,3,3,3,17,7.56,0.82,0.82,0.13,0.13,0.36,0.36,0,0.1,216,0,6.2,0,23.32,0,,../FB03_1-DSS_noRNA_dbase_COMBINED.removed.csv
1,TNFNPMILERAEKTMK-K16-155,PA,-,monolink,monolink,TB_A14-012.10982.10982.3_TB_A14-012.10978.10978.3,22,n/a,-,TB_A14-012_matched,,2077.071,693.365,3,-0.2,0.2,1,5.09,0.95,0.95,0.12,0.17,0.4,0.4,0,0.13,338,0,6.6,0.35,21.74,0,,../FB03_1-DSS_noRNA_dbase_COMBINED.removed.csv
1,ENDWPIGESPQGIEKGTIGK-K15-155,PA,-,monolink,monolink,TB_A14-009.09742.09742.3_TB_A14-009.09725.09725.3,626,n/a,-,TB_A14-009_matched,,2309.152,770.725,3,-1.5,1.5,2,6.64,0.94,0.94,0.08,0.23,0.15,0.15,0,0.04,150,0,3.5,0.39,21.34,0,,../FB03_1-DSS_noRNA_dbase_COMBINED.removed.csv
1,QSEKGEETLEEEFSYPPTFQR-K4-155,PA,-,monolink,monolink,TB_A14-010.10406.10406.3_TB_A14-010.10408.10408.3,191,n/a,-,TB_A14-010_matched,,2685.249,896.091,3,1.2,1.2,1,7.12,0.79,0.79,0.14,0.08,0.35,0.35,0,0.08,209,0,10.2,0.14,20.93,0,,../FB03_1-DSS_noRNA_dbase_COMBINED.removed.csv
1,SEPPEKRK-K8-156,PA,-,monolink,monolink,TB_A14-012.04635.04635.3_TB_A14-012.04619.04619.3,398,n/a,-,TB_A14-012_matched,,1125.601,376.208,3,-1.5,1.5,1,4.99,0.81,0.81,0.17,0.15,0.47,0.47,0,0.29,132,0,7,0,19.53,0,,../FB03_1-DSS_noRNA_dbase_COMBINED.removed.csv
1,AYVSSFKANGNIEAK-K7-155,PA,-,monolink,monolink,TB_A14-008.04730.04730.3_TB_A14-008.04708.04708.3,234,n/a,-,TB_A14-008_matched,,1752.9,585.308,3,-3.8,3.8,2,5.97,1.24,1.24,0.08,0.16,0.16,0.16,0,0.05,170,0,3.8,0.46,19.24,0,,../FB03_1-DSS_noRNA_dbase_COMBINED.removed.csv
1,LANQSLPPSFKDYHQFK-K17-155,PA,-,monolink,monolink,TB_A14-009.09190.09190.3_TB_A14-009.08703.08703.3,227,n/a,-,TB_A14-009_matched,,2174.116,725.713,3,-0.7,0.7,1,5.36,0.54,0.54,0.06,0.27,0.26,0.26,0,0.08,95,0,1.9,0,19.22,0,,../FB03_1-DSS_noRNA_dbase_COMBINED.removed.csv
1,AALGIRINNSFSFGGYNFKR-K19-156,PB2,-,monolink,monolink,TB_A14-007.06516.06516.3_TB_A14-007.06523.06523.3,333,n/a,-,TB_A14-007_matched,,2387.252,796.758,3,5.4,5.4,1,4.88,1.2,1.2,0.14,0.13,0.07,0.07,0,0.02,187,0,2.4,0.54,16.43,0.007,,../FB03_1-DSS_noRNA_dbase_COMBINED.removed.csv
1,IRDNHSKK-K8-155,PB1,-,monolink,monolink,TB_A14-012.01251.01251.3_TB_A14-012.01020.01020.3,198,n/a,-,TB_A14-012_matched,,1151.64,384.888,3,-2.8,2.8,1,5.08,1.15,1.15,0.12,0.14,0.08,0.08,0,0.05,109,0,10.9,0,15.78,0.013,,../FB03_1-DSS_noRNA_dbase_COMBINED.removed.csv
1,TNFNPMILERAEKTMK-K13-155,PA,-,monolink,monolink,TB_A14-009.09784.09784.3_TB_A14-009.09787.09787.3,19,n/a,-,TB_A14-009_matched,,2077.07,693.364,3,-1,1,1,4.45,0.65,0.65,0.05,0.15,0.17,0.17,0,0.05,165,0,1.8,0,15.76,0.013,,../FB03_1-DSS_noRNA_dbase_COMBINED.removed.csv
1,TNHLKWGLGEGQAPEKMDFEDCK-K16-156,PA,-,monolink,monolink,TB_A14-009.09484.09484.4_TB_A14-009.09495.09495.4,374,n/a,-,TB_A14-009_matched,,2845.301,712.333,4,-1.5,1.5,1,4.88,0.42,0.42,0.03,0.17,0.07,0.07,0,0.02,26,0,1.6,0.17,13.99,0.012,,../FB03_1-DSS_noRNA_dbase_COMBINED.removed.csv
1,AALGIRINNSFSFGGYNFKR-K19-155,PB2,-,monolink,monolink,TB_A14-007.06526.06526.3_TB_A14-007.06541.06541.3,333,n/a,-,TB_A14-007_matched,,2386.257,796.427,3,0.2,0.2,2,3.28,0.77,0.77,0.1,0.12,0.07,0.07,0,0.02,172,0,1.8,0,12.59,0.025,,../FB03_1-DSS_noRNA_dbase_COMBINED.removed.csv
1,IDLESGRISSQDFSEITNTCKAIEALK-K21-156,PB1,-,monolink,monolink,TB_A14-009.10618.10618.4_TB_A14-009.10604.10604.4,747,n/a,-,TB_A14-009_matched,,3180.588,796.155,4,0.6,0.6,1,3.67,0.78,0.78,0.07,0.09,0.09,0.09,0,0.02,153,0,1,0,12.3,0.03,,../FB03_1-DSS_noRNA_dbase_COMBINED.removed.csv
1,GSGSGSGSGMERIKELMEMVK-K14-156,PB2,-,monolink,monolink,TB_A14-010.09319.09319.3_TB_A14-010.09295.09295.3,7,n/a,-,TB_A14-010_matched,,2325.099,776.041,3,-1,1,1,2.95,0.78,0.78,0.02,0.14,0.14,0.14,0,0.03,133,0,3.2,0,11.67,0.036,,../FB03_1-DSS_noRNA_dbase_COMBINED.removed.csv
1,TNFNPMILERAEKTMK-K16-156,PA,-,monolink,monolink,TB_A14-011.10861.10861.3_TB_A14-011.10865.10865.3,22,n/a,-,TB_A14-011_matched,,2078.052,693.692,3,-1.1,1.1,2,2.67,0.28,0.28,0.08,0.17,0.26,0.26,0,0.08,56,0,2.1,0,11.16,0.036,,../FB03_1-DSS_noRNA_dbase_COMBINED.removed.csv
1,SKFLLMDAMK-K2-155,PA,-,monolink,monolink,TB_A14-012.11924.11924.3_TB_A14-012.11901.11901.3,281,n/a,-,TB_A14-012_matched,,1337.706,446.91,3,-3.3,3.3,1,2.55,0.46,0.46,0.11,0.2,0.05,0.05,0,0.03,42,0,3,0,10.72,0.042,,../FB03_1-DSS_noRNA_dbase_COMBINED.removed.csv
1,MDFEDCKEVPDLFQYKSEPPEK-K7-156,PA,-,monolink,monolink,TB_A14-009.10485.10485.4_TB_A14-009.10459.10459.4,388,n/a,-,TB_A14-009_matched,,2886.295,722.582,4,-1.1,1.1,1,3.17,0.8,0.8,0.06,0.04,0.07,0.07,0,0.02,161,0,0.9,0,10.43,0.041,,../FB03_1-DSS_noRNA_dbase_COMBINED.removed.csv
1,TMKEYGENPQNEGNK-K15-155,PA,-,monolink,monolink,TB_A14-011.06246.06246.3_TB_A14-011.07144.07144.3,34,n/a,-,TB_A14-011_matched,,1892.852,631.959,3,-3.7,3.7,1,3.15,0.22,0.22,0.09,0.17,0.03,0.03,0,0.01,13,0,2.9,0.93,10.34,0.041,,../FB03_1-DSS_noRNA_dbase_COMBINED.removed.csv
1,TLSSDAQLTITKEK-K12-156,PB2,-,monolink,monolink,TB_A14-010.09187.09187.3_TB_A14-010.09752.09752.3,189,n/a,-,TB_A14-010_matched,,1689.899,564.307,3,-2.9,2.9,3,2.97,0.37,0.37,0.04,0.16,0.03,0.03,0,0.01,22,0,1.5,0.84,9.95,0.047,,../FB03_1-DSS_noRNA_dbase_COMBINED.removed.csv
