Rank,Id,Protein1,Protein2,Type,XLType,Spectrum,AbsPos1,AbsPos2,deltaAA,Annotation,Smallest_dist[euklid],Mr,Mz,z,Error_rel[ppm],Error_abs[ppm],nseen,MatchOdds,wmatchoddssum,wmatchoddsmean,Xcorrx,Xcorrb,TIC,TicA,TicB,WTIC,intsum,lApS,seriesscore,deltaS,ld-Score,fdr,DECISION,REASON
1,RVDINPGHKDLTSR-K9-114,sp|H6QM90|H6QM90_9INFA,-,monolink,monolink,TB_B14-120.05161.05161.3_TB_B14-120.05119.05119.3,161,n/a,-,TB_B14-120_matched,,1720.885,574.636,3,-0.1,0.1,22,7.06,3.03,3.03,0.05,0.46,0.36,0.36,0,0.13,406,0,15.8,0,32.78,0,2,
1,VRNEKGELLISPEEVSEAQGQEK-K5-114,sp|H6QM90|H6QM90_9INFA,-,monolink,monolink,TB_B14-119.07720.07720.3_TB_B14-119.07686.07686.3,517,n/a,-,TB_B14-119_matched,,2682.328,895.117,3,-2.4,2.4,3,6.57,2.7,2.7,0.1,0.33,0.31,0.31,0,0.07,603,0,7.6,0.2,31.95,0,2,
1,IRVNIDKYLR-K7-113,sp|H6QM90|H6QM90_9INFA,-,monolink,monolink,TB_B14-119.07719.07719.3_TB_B14-119.07681.07681.3,509,n/a,-,TB_B14-119_matched,,1401.808,468.277,3,-1.1,1.1,4,6.66,2.85,2.85,0.1,0.54,0.25,0.25,0,0.12,282,0,18,0.28,31.5,0,2,
1,RKVEDYYYEK-K2-114,sp|H6QM92|H6QM92_9INFA,-,monolink,monolink,TB_B14-118.04572.04572.3_TB_B14-118.04553.04553.3,140,n/a,-,TB_B14-118_matched,,1505.703,502.909,3,-0.5,0.5,4,6.74,3.21,3.21,0.05,0.42,0.39,0.39,0,0.19,339,0,26,0,30.99,0,2,
1,IRVNIDKYLR-K7-114,sp|H6QM90|H6QM90_9INFA,-,monolink,monolink,TB_B14-120.08252.08252.3_TB_B14-120.08210.08210.3,509,n/a,-,TB_B14-120_matched,,1402.793,468.605,3,-0.5,0.5,11,6.26,3.51,3.51,0.02,0.42,0.27,0.27,0,0.13,439,0,15.5,0.33,30.88,0,2,
1,RVDINPGHKDLTSR-K9-113,sp|H6QM90|H6QM90_9INFA,-,monolink,monolink,TB_B14-118.04428.04428.3_TB_B14-118.04415.04415.3,161,n/a,-,TB_B14-118_matched,,1719.899,574.307,3,-1.8,1.8,4,7.06,3.11,3.11,0.07,0.3,0.29,0.29,0,0.1,421,0,8.9,0.17,29.5,0,2,
1,FLPDLYDYKTNKFIEIGVTR-K12-114,sp|H6QM92|H6QM92_9INFA,-,monolink,monolink,TB_B14-117.09570.09570.4_TB_B14-117.09551.09551.4,130,n/a,-,TB_B14-117_matched,,2545.308,637.335,4,-1.1,1.1,3,8.98,1.23,1.23,0.1,0.38,0.21,0.21,0,0.05,134,0,8.1,0.38,29.15,0,2,
1,HFQKDSSTLLK-K4-113,sp|H6QM90|H6QM90_9INFA,-,monolink,monolink,TB_B14-117.04936.04936.3_TB_B14-117.04926.04926.3,449,n/a,-,TB_B14-117_matched,,1415.74,472.921,3,-0.8,0.8,4,7.01,3.51,3.51,0.05,0.36,0.2,0.2,0,0.09,342,0,23.1,0,28.96,0,2,
1,TCKLVGINMSQKK-K3-114,sp|H6QM91|H6QM91_9INFA,-,monolink,monolink,TB_B14-117.05877.05877.3_TB_B14-117.05880.05880.3,480,n/a,-,TB_B14-117_matched,,1619.836,540.953,3,-0.6,0.6,3,7.27,2.38,2.38,0.12,0.36,0.39,0.39,0,0.15,217,0,21.9,0,28.15,0,2,
1,ISSQDFSEITNTCKAIEALK-K14-114,sp|H6QM91|H6QM91_9INFA,-,monolink,monolink,TB_B14-118.09364.09364.3_TB_B14-118.09343.09343.3,757,n/a,-,TB_B14-118_matched,,2368.147,790.39,3,-0.1,0.1,12,5.82,2.61,2.61,0,0.33,0.28,0.28,0,0.07,489,0,7.5,0,28.14,0,2,
1,RKVEDYYYEK-K2-113,sp|H6QM92|H6QM92_9INFA,-,monolink,monolink,TB_B14-119.04429.04429.3_TB_B14-119.04408.04408.3,140,n/a,-,TB_B14-119_matched,,1504.719,502.581,3,-0.6,0.6,2,6.34,2.94,2.94,0.08,0.35,0.31,0.31,0,0.15,337,0,25.5,0,28.12,0,2,
1,TSISTIMKPVYLYVR-K8-114,sp|H6QM92|H6QM92_9INFA,-,monolink,monolink,TB_B14-120.10556.10556.3_TB_B14-120.10538.10538.3,568,n/a,-,TB_B14-120_matched,,1884.004,629.009,3,-1.4,1.4,4,6.22,1.99,1.99,0.02,0.41,0.4,0.4,0,0.13,292,0,8.4,0.36,27.93,0,2,
1,SNPTDEQAVNICKAALGIR-K13-114,sp|H6QM90|H6QM90_9INFA,-,monolink,monolink,TB_B14-118.08524.08524.3_TB_B14-118.08503.08503.3,321,n/a,-,TB_B14-118_matched,,2170.068,724.364,3,-0.5,0.5,4,5.92,2.14,2.14,0.01,0.39,0.31,0.31,0,0.08,383,0,7.5,0,27.92,0,2,
1,IRLEESKGWSHPQFEK-K7-114,sp|H6QM90|H6QM90_9INFA,-,monolink,monolink,TB_B14-117.06314.06314.3_TB_B14-117.06292.06292.3,769,n/a,-,TB_B14-117_matched,,2084.032,695.685,3,-0.3,0.3,7,5.98,2.06,2.06,0.04,0.48,0.27,0.27,0,0.09,248,0,14.8,0.31,27.74,0,2,
1,IKELMEMVKNSR-K9-114,sp|H6QM90|H6QM90_9INFA,-,monolink,monolink,TB_B14-120.07877.07877.3_TB_B14-120.07853.07853.3,21,n/a,-,TB_B14-120_matched,,1590.809,531.277,3,-1.5,1.5,2,7.38,2.78,2.78,0.08,0.37,0.21,0.21,0,0.09,212,0,27.1,0.24,27.63,0,2,
1,HFQKDSSTLLK-K4-114,sp|H6QM90|H6QM90_9INFA,-,monolink,monolink,TB_B14-120.05880.05880.3_TB_B14-120.05026.05026.3,449,n/a,-,TB_B14-120_matched,,1416.725,473.249,3,-0.1,0.1,7,6.55,2.77,2.77,0.08,0.35,0.25,0.25,0,0.11,293,0,9.9,0,27.36,0,2,
1,AYVSSFKANGNIEAK-K7-114,sp|H6QM92|H6QM92_9INFA,-,monolink,monolink,TB_B14-116.04164.04164.3_TB_B14-116.04011.04011.3,251,n/a,-,TB_B14-116_matched,,1711.837,571.62,3,-2.9,2.9,48,7.43,2.1,2.1,0.09,0.39,0.13,0.13,0,0.04,191,0,12.4,0.4,27.22,0,2,
1,TMKEYGENPQNEGNK-K3-114,sp|H6QM92|H6QM92_9INFA,-,monolink,monolink,TB_B14-119.04185.04185.3_TB_B14-119.04159.04159.3,36,n/a,-,TB_B14-119_matched,,1851.791,618.271,3,-1.9,1.9,1,6.24,2.07,2.07,0.08,0.36,0.29,0.29,0,0.1,316,0,11.8,0.23,27.03,0,2,
1,GYMFESKSMHLR-K7-114,sp|H6QM91|H6QM91_9INFA,-,monolink,monolink,TB_B14-119.07408.07408.3_TB_B14-119.07387.07387.3,369,n/a,-,TB_B14-119_matched,,1598.722,533.915,3,0.1,0.1,4,6.39,0.91,0.91,0.01,0.59,0.3,0.3,0,0.12,16,0,10.1,0.28,26.99,0,2,
1,VYKMYFDRLER-K3-114,sp|H6QM90|H6QM90_9INFA,-,monolink,monolink,TB_B14-119.07803.07803.3_TB_B14-119.07782.07782.3,125,n/a,-,TB_B14-119_matched,,1632.795,545.273,3,-1.3,1.3,4,5.84,2.01,2.01,0.03,0.5,0.56,0.56,0,0.26,80,0,15.3,0,26.97,0,2,
1,IRLEESKGWSHPQFEK-K7-113,sp|H6QM90|H6QM90_9INFA,-,monolink,monolink,TB_B14-119.06400.06400.4_TB_B14-119.06382.06382.4,769,n/a,-,TB_B14-119_matched,,2083.046,521.769,4,-1.5,1.5,5,6.51,1.09,1.09,0.05,0.47,0.37,0.37,0,0.11,139,0,7,0.35,26.86,0,2,
1,LGRGYMFESKSMHLR-K10-114,sp|H6QM91|H6QM91_9INFA,-,monolink,monolink,TB_B14-118.06833.06833.3_TB_B14-118.06804.06804.3,369,n/a,-,TB_B14-118_matched,,1924.927,642.65,3,-1,1,3,6.22,2.47,2.47,0.03,0.33,0.15,0.15,0,0.05,358,0,5.3,0.27,26.43,0,2,
1,KRVDINPGHK-K1-113,sp|H6QM90|H6QM90_9INFA,-,monolink,monolink,TB_B14-120.03222.03222.3_TB_B14-120.03180.03180.3,152,n/a,-,TB_B14-120_matched,,1275.704,426.242,3,-0.7,0.7,1,6.39,1.78,1.78,0.04,0.37,0.24,0.24,0,0.12,231,0,6.5,0,26.37,0,2,
1,TIRELELPEGKFCTQR-K11-114,sp|H6QM92|H6QM92_9INFA,-,monolink,monolink,TB_B14-118.07833.07833.3_TB_B14-118.07812.07812.3,288,n/a,-,TB_B14-118_matched,,2090.047,697.69,3,0.2,0.2,12,5.85,1.45,1.45,0.03,0.49,0.41,0.41,0,0.13,151,0,6.6,0,26.36,0,2,
1,IREMIPEKDEDGNTLWTNTK-K8-114,sp|H6QM90|H6QM90_9INFA,-,monolink,monolink,TB_B14-117.07447.07447.3_TB_B14-117.07425.07425.3,79,n/a,-,TB_B14-117_matched,,2503.188,835.404,3,-0.8,0.8,4,6.13,1.52,1.52,0.04,0.39,0.36,0.36,0,0.09,254,0,12.5,0,26.24,0,2,
1,SNPTDEQAVNICKAALGIR-K13-113,sp|H6QM90|H6QM90_9INFA,-,monolink,monolink,TB_B14-120.08897.08897.3_TB_B14-120.08876.08876.3,321,n/a,-,TB_B14-120_matched,,2169.082,724.035,3,-1.2,1.2,3,5.81,2.28,2.28,0.05,0.43,0.29,0.29,0,0.08,253,0,12.5,0,26.17,0,2,
1,MREILTTTSVDHMAVIKK-K17-114,sp|H6QM90|H6QM90_9INFA,-,monolink,monolink,TB_B14-116.04441.04441.3_TB_B14-116.04434.04434.3,41,n/a,-,TB_B14-116_matched,,2186.139,729.721,3,-2.4,2.4,4,5.51,1.06,1.06,0.06,0.4,0.21,0.21,0,0.06,323,0,4.6,0.09,26.09,0,2,
1,KRVDINPGHK-K1-114,sp|H6QM90|H6QM90_9INFA,-,monolink,monolink,TB_B14-120.03639.03639.3_TB_B14-120.03590.03590.3,152,n/a,-,TB_B14-120_matched,,1276.69,426.571,3,1.2,1.2,7,6.37,2.44,2.44,0.05,0.35,0.27,0.27,0,0.14,228,0,33,0.52,26.06,0,2,
1,LGAMSEKVNAQIESFDPR-K7-113,sp|H6QM92|H6QM92_9INFA,-,monolink,monolink,TB_B14-119.08798.08798.3_TB_B14-119.08778.08778.3,266,n/a,-,TB_B14-119_matched,,2104.026,702.35,3,0.3,0.3,4,6.36,2.15,2.15,0.04,0.33,0.3,0.3,0,0.08,294,0,17.4,0,26.02,0,2,
1,GWSHPQFEKGGGSGGGSGGSAWSHPQFEK-K9-114,sp|H6QM90|H6QM90_9INFA,-,monolink,monolink,TB_B14-117.06609.06609.3_TB_B14-117.06594.06594.3,778,n/a,-,TB_B14-117_matched,,3056.338,1019.787,3,-1.8,1.8,5,6.08,1.52,1.52,0.06,0.34,0.25,0.25,0,0.04,332,0,7,0.17,25.92,0,2,
1,IKTRLFVLR-K2-114,sp|H6QM92|H6QM92_9INFA,-,monolink,monolink,TB_B14-119.07969.07969.3_TB_B14-119.07952.07952.3,186,n/a,-,TB_B14-119_matched,,1258.773,420.599,3,-2.2,2.2,2,6.44,1.64,1.64,0.02,0.35,0.49,0.49,0,0.27,116,0,11.7,0.69,25.82,0,2,
1,NRENDWPIGESPQGIEKGTIGK-K17-114,sp|H6QM92|H6QM92_9INFA,-,monolink,monolink,TB_B14-118.07709.07709.3_TB_B14-118.07655.07655.3,639,n/a,-,TB_B14-118_matched,,2538.23,847.084,3,-2.1,2.1,5,6.3,1.31,1.31,0.06,0.33,0.29,0.29,0,0.07,294,0,4,0,25.81,0,2,
1,LGRGEKANVLIGQGDTVLVMK-K6-114,sp|H6QM90|H6QM90_9INFA,-,monolink,monolink,TB_B14-116.05307.05307.3_TB_B14-116.05289.05289.3,730,n/a,-,TB_B14-116_matched,,2311.251,771.425,3,-2.8,2.8,1,6.04,2.22,2.22,0.04,0.31,0.22,0.22,0,0.05,357,0,3.5,0,25.69,0,2,
1,FLPDLYDYKTNK-K9-114,sp|H6QM92|H6QM92_9INFA,-,monolink,monolink,TB_B14-117.08523.08523.3_TB_B14-117.08497.08497.3,127,n/a,-,TB_B14-117_matched,,1629.79,544.271,3,-1.7,1.7,4,6.13,1.54,1.54,-0.01,0.5,0.29,0.29,0,0.12,71,0,11.1,0,25.58,0,2,
1,NCKISPIMVAYMLER-K3-114,sp|H6QM90|H6QM90_9INFA,-,monolink,monolink,TB_B14-117.10198.10198.3_TB_B14-117.10180.10180.3,206,n/a,-,TB_B14-117_matched,,1937.937,646.987,3,-2.4,2.4,4,5.86,2.03,2.03,-0.01,0.34,0.39,0.39,0,0.13,281,0,11.1,0,25.47,0,2,
1,MLKAVRGDLNFVNR-K3-114,sp|H6QM90|H6QM90_9INFA,-,monolink,monolink,TB_B14-117.07321.07321.3_TB_B14-117.07303.07303.3,421,n/a,-,TB_B14-117_matched,,1745.923,582.982,3,-0.7,0.7,4,6.35,1.13,1.13,0.05,0.41,0.43,0.43,0,0.15,107,0,14.3,0.52,25.33,0,2,
1,MKWMMAMKYPISASSR-K8-114,sp|H6QM90|H6QM90_9INFA,-,monolink,monolink,TB_B14-118.08946.08946.3_TB_B14-118.08947.08947.3,63,n/a,-,TB_B14-118_matched,,2030.942,677.988,3,-1.5,1.5,4,5.85,1.89,1.89,0.04,0.37,0.45,0.45,0,0.14,224,0,14.3,0,25.26,0,2,
1,ANVLIGQGDTVLVMKR-K15-114,sp|H6QM90|H6QM90_9INFA,-,monolink,monolink,TB_B14-115.05842.05842.3_TB_B14-115.05822.05822.3,745,n/a,-,TB_B14-115_matched,,1826.987,610.003,3,-3.1,3.1,2,5.78,2.18,2.18,0,0.41,0.21,0.21,0,0.07,220,0,23.6,0,25,0,2,
1,KLASWIQSEFNK-K1-114,sp|H6QM92|H6QM92_9INFA,-,monolink,monolink,TB_B14-118.07772.07772.3_TB_B14-118.07764.07764.3,411,n/a,-,TB_B14-118_matched,,1563.791,522.271,3,-1.5,1.5,3,5.97,1.32,1.32,0.01,0.31,0.26,0.26,0,0.11,264,0,17.4,0,24.64,0,2,
1,DYHQFKAYVSSFK-K6-114,sp|H6QM92|H6QM92_9INFA,-,monolink,monolink,TB_B14-119.09186.09186.3_TB_B14-119.09151.09151.3,244,n/a,-,TB_B14-119_matched,,1732.803,578.609,3,-3.9,3.9,1,5.89,2.15,2.15,0.04,0.3,0.19,0.19,0,0.07,312,0,11.5,0.49,24.63,0,2,
1,TIRELELPEGKFCTQR-K11-113,sp|H6QM92|H6QM92_9INFA,-,monolink,monolink,TB_B14-120.08018.08018.3_TB_B14-120.07995.07995.3,288,n/a,-,TB_B14-120_matched,,2089.059,697.361,3,-1.6,1.6,2,5.98,1.33,1.33,0.06,0.38,0.31,0.31,0,0.1,187,0,5.1,0,24.54,0,2,
1,DVEGTFDSIQIIKLLPFSAHPPSLGR-K13-114,sp|H6QM90|H6QM90_9INFA,-,monolink,monolink,TB_B14-117.10867.10867.3_TB_B14-117.10868.10868.3,626,n/a,-,TB_B14-117_matched,,2950.533,984.519,3,-3.8,3.8,1,5.8,1.1,1.1,-0.02,0.44,0.2,0.2,0,0.04,182,0,6.3,0.2,24.41,0,2,
1,LTHGTFGPVKFYNQVK-K10-114,sp|H6QM90|H6QM90_9INFA,-,monolink,monolink,TB_B14-118.07854.07854.3_TB_B14-118.07813.07813.3,143,n/a,-,TB_B14-118_matched,,1949.005,650.676,3,-0.1,0.1,6,6.18,1.48,1.48,0.03,0.35,0.3,0.3,0,0.09,187,0,7.6,0,24.38,0,2,
1,CCQVFEKFFPSSTYR-K7-114,sp|H6QM91|H6QM91_9INFA,-,monolink,monolink,TB_B14-120.10128.10128.3_TB_B14-120.10109.10109.3,707,n/a,-,TB_B14-120_matched,,2068.898,690.641,3,-1.9,1.9,1,6.28,1.85,1.85,0.03,0.32,0.32,0.32,0,0.11,200,0,14.9,0,24.17,0,2,
1,TSISTIMKPVYLYVR-K8-113,sp|H6QM92|H6QM92_9INFA,-,monolink,monolink,TB_B14-119.10121.10121.3_TB_B14-119.10089.10089.3,568,n/a,-,TB_B14-119_matched,,1883.02,628.681,3,-1.2,1.2,3,5.99,1.59,1.59,0.07,0.32,0.36,0.36,0,0.12,212,0,9.8,0.51,24.08,0,2,
1,SHPGLFETACQETIDAIQQTRVDKLTQGR-K24-114,sp|H6QM91|H6QM91_9INFA,-,monolink,monolink,TB_B14-118.07299.07299.5_TB_B14-118.07270.07270.5,130,n/a,-,TB_B14-118_matched,,3412.664,683.541,5,-1.3,1.3,3,6.54,1.94,1.94,0.02,0.24,0.07,0.07,0,0.01,329,0,3.7,0.51,24.04,0,2,
1,RKLASWIQSEFNK-K2-114,sp|H6QM92|H6QM92_9INFA,-,monolink,monolink,TB_B14-118.08422.08422.3_TB_B14-118.08402.08402.3,411,n/a,-,TB_B14-118_matched,,1719.891,574.305,3,-1.7,1.7,3,6.13,1.43,1.43,0,0.27,0.33,0.33,0,0.13,250,0,15.1,0.75,23.99,0,2,
1,KLASWIQSEFNK-K1-113,sp|H6QM92|H6QM92_9INFA,-,monolink,monolink,TB_B14-120.09462.09462.3_TB_B14-120.09461.09461.3,411,n/a,-,TB_B14-120_matched,,1562.807,521.944,3,-1.1,1.1,3,5.97,1.51,1.51,0.01,0.29,0.3,0.3,0,0.12,229,0,13.2,0.41,23.77,0,2,
1,VDINPGHKDLTSR-K8-114,sp|H6QM90|H6QM90_9INFA,-,monolink,monolink,TB_B14-119.05503.05503.3_TB_B14-119.04813.04813.3,161,n/a,-,TB_B14-119_matched,,1564.78,522.601,3,-3.2,3.2,18,6.37,0.91,0.91,0.08,0.44,0.19,0.19,0,0.07,34,0,13,0.3,23.7,0,2,
1,ANSKYGPVLTIGELDKLGR-K4-114,sp|H6QM90|H6QM90_9INFA,-,monolink,monolink,TB_B14-119.09401.09401.3_TB_B14-119.09377.09377.3,712,n/a,-,TB_B14-119_matched,,2144.146,715.723,3,-0.7,0.7,2,5.92,1.3,1.3,0.01,0.33,0.37,0.37,0,0.1,211,0,14.8,0,23.68,0,2,
1,MREILTTTSVDHMAVIKK-K18-114,sp|H6QM90|H6QM90_9INFA,-,monolink,monolink,TB_B14-115.04659.04659.3_TB_B14-115.04644.04644.3,42,n/a,-,TB_B14-115_matched,,2186.139,729.721,3,-2.4,2.4,2,5.89,1.01,1.01,0,0.3,0.2,0.2,0,0.06,278,0,5.4,0,23.67,0,2,
1,LGAMSEKVNAQIESFDPR-K7-114,sp|H6QM92|H6QM92_9INFA,-,monolink,monolink,TB_B14-115.05767.05767.3_TB_B14-115.05612.05612.3,266,n/a,-,TB_B14-115_matched,,2105.005,702.676,3,-2.5,2.5,2,5.89,1.79,1.79,0.04,0.28,0.15,0.15,0,0.04,292,0,2.5,0.35,23.51,0,2,
1,IEFEPFQTLIPKGNR-K12-114,sp|H6QM90|H6QM90_9INFA,-,monolink,monolink,TB_B14-119.10073.10073.3_TB_B14-119.10058.10058.3,595,n/a,-,TB_B14-119_matched,,1901.987,635.004,3,-0.8,0.8,2,6.57,1.25,1.25,0.08,0.37,0.2,0.2,0,0.07,83,0,6.9,0,23.46,0,2,
1,ALTLNTMTKDAER-K9-114,sp|H6QM91|H6QM91_9INFA,-,monolink,monolink,TB_B14-119.07242.07242.3_TB_B14-119.07206.07206.3,238,n/a,-,TB_B14-119_matched,,1576.773,526.599,3,-2.1,2.1,11,6.74,1.86,1.86,0.06,0.27,0.18,0.18,0,0.07,182,0,11.8,0,23.43,0,2,
1,SLEYDAVATTHSWTPKR-K16-113,sp|H6QM91|H6QM91_9INFA,-,monolink,monolink,TB_B14-120.07357.07357.4_TB_B14-120.07318.07318.4,678,n/a,-,TB_B14-120_matched,,2074.01,519.51,4,-1.1,1.1,4,6.98,0.73,0.73,0.04,0.36,0.11,0.11,0,0.03,73,0,6.2,0,23.33,0,2,
1,GNSQVFNYNQMENVIIVLGKSVGSPER-K20-114,sp|H6QM90|H6QM90_9INFA,-,monolink,monolink,TB_B14-117.10731.10731.3_TB_B14-117.10479.10479.3,679,n/a,-,TB_B14-117_matched,,3092.518,1031.847,3,-2,2,2,7.98,1.2,1.2,0.12,0.14,0.22,0.22,0,0.04,212,0,2.7,0.14,23.26,0,2,
1,INNSFSFGGYNFKR-K13-114,sp|H6QM90|H6QM90_9INFA,-,monolink,monolink,TB_B14-117.08541.08541.3_TB_B14-117.08519.08519.3,340,n/a,-,TB_B14-117_matched,,1763.826,588.95,3,-0.6,0.6,5,7.17,1.76,1.76,0.05,0.28,0.13,0.13,0,0.04,132,0,6.4,0.11,23.21,0,2,
1,LTHGTFGPVKFYNQVK-K10-113,sp|H6QM90|H6QM90_9INFA,-,monolink,monolink,TB_B14-117.07449.07449.3_TB_B14-117.07434.07434.3,143,n/a,-,TB_B14-117_matched,,1948.02,650.348,3,-0.1,0.1,3,5.97,1.45,1.45,0.08,0.3,0.26,0.26,0,0.08,197,0,5.7,0.25,22.85,0,2,
1,ELELPEGKFCTQR-K8-114,sp|H6QM92|H6QM92_9INFA,-,monolink,monolink,TB_B14-119.08193.08193.3_TB_B14-119.08151.08151.3,288,n/a,-,TB_B14-119_matched,,1719.813,574.279,3,-0.4,0.4,7,5.79,0.81,0.81,0.01,0.45,0.21,0.21,0,0.08,24,0,8.6,0.2,22.51,0,2,
1,LTHGTFGPVKFYNQVKVR-K16-114,sp|H6QM90|H6QM90_9INFA,-,monolink,monolink,TB_B14-118.07266.07266.4_TB_B14-118.07246.07246.4,149,n/a,-,TB_B14-118_matched,,2204.172,552.051,4,-1,1,2,7.38,0.87,0.87,0.04,0.26,0.12,0.12,0,0.03,87,0,3.7,0.31,22.17,0,2,
1,QSEKGEETLEEEFSYPPTFQR-K4-114,sp|H6QM92|H6QM92_9INFA,-,monolink,monolink,TB_B14-118.08863.08863.3_TB_B14-118.08445.08445.3,210,n/a,-,TB_B14-118_matched,,2644.181,882.401,3,-0.4,0.4,9,7.03,0.76,0.76,0.08,0.17,0.35,0.35,0,0.08,181,0,9.4,0,22.09,0,2,
1,FLPDLYDYKTNKFIEIGVTR-K9-114,sp|H6QM92|H6QM92_9INFA,-,monolink,monolink,TB_B14-117.09463.09463.3_TB_B14-117.09547.09547.3,127,n/a,-,TB_B14-117_matched,,2545.314,849.446,3,1.4,1.4,3,5.83,0.95,0.95,0.01,0.41,0.35,0.35,0,0.09,40,0,7.6,0.37,22.08,0,2,
1,VDINPGHKDLTSR-K8-113,sp|H6QM90|H6QM90_9INFA,-,monolink,monolink,TB_B14-120.05225.05225.3_TB_B14-120.05186.05186.3,161,n/a,-,TB_B14-120_matched,,1563.8,522.274,3,-0.4,0.4,3,5.88,0.88,0.88,0.05,0.4,0.23,0.23,0,0.09,23,0,8,0.19,21.71,0,2,
1,IEFEPFQTLIPKGNR-K12-113,sp|H6QM90|H6QM90_9INFA,-,monolink,monolink,TB_B14-119.09969.09969.3_TB_B14-119.09949.09949.3,595,n/a,-,TB_B14-119_matched,,1901.002,634.675,3,-1.6,1.6,2,6.01,0.76,0.76,0.07,0.36,0.14,0.14,0,0.05,55,0,6.2,0.26,21.32,0,2,
1,DSSILTDSQTALKR-K13-114,sp|H6QM90|H6QM90_9INFA,-,monolink,monolink,TB_B14-117.06172.06172.3_TB_B14-117.07047.07047.3,761,n/a,-,TB_B14-117_matched,,1647.831,550.285,3,-0.4,0.4,11,5.88,0.84,0.84,0.01,0.4,0.04,0.04,0,0.01,45,0,5.1,0.21,21.23,0,2,
1,GYMFESKSMHLR-K7-113,sp|H6QM91|H6QM91_9INFA,-,monolink,monolink,TB_B14-117.06798.06798.3_TB_B14-117.06779.06779.3,369,n/a,-,TB_B14-117_matched,,1597.738,533.587,3,0.2,0.2,2,5.79,0.8,0.8,0.01,0.38,0.19,0.19,0,0.08,20,0,8.7,0.2,21.01,0,2,
1,SLEYDAVATTHSWTPKR-K16-114,sp|H6QM91|H6QM91_9INFA,-,monolink,monolink,TB_B14-118.07099.07099.4_TB_B14-118.07079.07079.4,678,n/a,-,TB_B14-118_matched,,2074.995,519.757,4,-0.3,0.3,16,6.49,0.8,0.8,0.03,0.29,0.13,0.13,0,0.04,75,0,9.2,0,20.94,0,2,
1,YTSGRQEKNPALR-K8-113,sp|H6QM90|H6QM90_9INFA,-,monolink,monolink,TB_B14-119.03296.03296.3_TB_B14-119.03276.03276.3,50,n/a,-,TB_B14-119_matched,,1631.838,544.954,3,0.1,0.1,1,6.08,0.98,0.98,0.03,0.33,0.2,0.2,0,0.08,51,0,8,0,20.87,0,2,
1,VYKMYFDRLER-K3-113,sp|H6QM90|H6QM90_9INFA,-,monolink,monolink,TB_B14-118.07334.07334.3_TB_B14-118.07312.07312.3,125,n/a,-,TB_B14-118_matched,,1631.81,544.944,3,-2,2,3,5.56,0.83,0.83,0.01,0.3,0.26,0.26,0,0.12,110,0,4.5,0,20.85,0,2,
1,ISSQDFSEITNTCKAIEALKR-K14-114,sp|H6QM91|H6QM91_9INFA,-,monolink,monolink,TB_B14-118.08923.08923.3_TB_B14-118.08902.08902.3,757,n/a,-,TB_B14-118_matched,,2524.248,842.424,3,0,0,13,6.36,0.56,0.56,0.05,0.33,0.15,0.15,0,0.03,37,0,11.6,0.32,20.77,0,2,
1,EMIPEKDEDGNTLWTNTKDAGSNR-K18-114,sp|H6QM90|H6QM90_9INFA,-,monolink,monolink,TB_B14-118.06872.06872.3_TB_B14-118.06834.06834.3,91,n/a,-,TB_B14-118_matched,,2834.262,945.762,3,-1.8,1.8,2,5.78,1.46,1.46,0.01,0.25,0.12,0.12,0,0.02,208,0,3.8,0.16,20.75,0,2,
1,AEKTMKEYGENPQNEGNK-K3-K6,sp|H6QM92|H6QM92_9INFA,-,intralink,intralink,TB_B14-118.04577.04577.3_TB_B14-118.04543.04543.3,33,n/a,-,TB_B14-118_matched,,2161.954,721.659,3,-2.2,2.2,3,6.32,1.92,1.92,0.04,0.35,0.22,0.22,0,0.06,304,0,6,0,26.33,0,2,
1,LTHGTFGPVKFYNQVKVR-K10-K16,sp|H6QM90|H6QM90_9INFA,-,intralink,intralink,TB_B14-120.08857.08857.4_TB_B14-120.08837.08837.4,143,n/a,-,TB_B14-120_matched,,2186.163,547.549,4,-0.4,0.4,5,7.19,1.54,1.54,0.1,0.19,0.11,0.11,0,0.03,153,0,4.5,0.48,21.62,0,2,
1,VDKLTQGR-KYTSGR-a3-b1,sp|H6QM91|H6QM91_9INFA,sp|H6QM90|H6QM90_9INFA,xlink,inter-protein xl,TB_B14-119.03507.03507.4_TB_B14-119.03493.03493.4,130,42,88,TB_B14-119_matched,,1721.903,431.484,4,-1.6,1.6,3,7.32,2.67,5.33,0.08,0.51,0.29,0.23,0.06,0.05,268,-0.01037,22,0.62,31.01,0,2,
1,KYTSGRQEK-VDKLTQGR-a1-b3,sp|H6QM90|H6QM90_9INFA,sp|H6QM91|H6QM91_9INFA,xlink,inter-protein xl,TB_B14-117.02845.02845.5_TB_B14-117.02828.02828.5,42,130,88,TB_B14-117_matched,,2107.099,422.428,5,-1.6,1.6,7,7.05,2.12,4.23,0.07,0.37,0.25,0.08,0.17,0.05,314,-0.01037,10,0.72,28.16,0,2,
1,VDINPGHKDLTSR-VDKLTQGR-a8-b3,sp|H6QM90|H6QM90_9INFA,sp|H6QM91|H6QM91_9INFA,xlink,inter-protein xl,TB_B14-120.05690.05690.4_TB_B14-120.05664.05664.4,161,130,31,TB_B14-120_matched,,2462.286,616.579,4,-0.9,0.9,6,7.45,1.82,3.64,0.08,0.36,0.26,0.07,0.19,0.06,200,-0.01037,12.6,0.74,26.89,0,2,
1,LGAMSEKVNAQIESFDPR-TCKLVGINMSQKK-a7-b3,sp|H6QM92|H6QM92_9INFA,sp|H6QM91|H6QM91_9INFA,xlink,inter-protein xl,TB_B14-118.08294.08294.5_TB_B14-118.08274.08274.5,266,480,214,TB_B14-118_matched,,3592.811,719.57,5,1.7,1.7,1,5.66,1.45,2.9,0.06,0.22,0.25,0.15,0.09,0.04,457,-0.01163,4.9,0.44,24.87,0,2,
1,IRVNIDKYLR-KRVDINPGHK-a7-b1,sp|H6QM90|H6QM90_9INFA,sp|H6QM90|H6QM90_9INFA,xlink,intra-protein xl,TB_B14-117.06236.06236.5_TB_B14-117.06215.06215.5,509,152,357,TB_B14-117_matched,,2547.436,510.495,5,-1.5,1.5,1,7.52,2.01,4.02,0.06,0.48,0.16,0.11,0.06,0.03,236,-1.52737,9.5,0.24,29.88,0,1,OK spectrum
1,IRVNIDKYLR-VKGSSQRTEK-a7-b2,sp|H6QM90|H6QM90_9INFA,sp|H6QM90|H6QM90_9INFA,xlink,intra-protein xl,TB_B14-118.05823.05823.6_TB_B14-118.05806.05806.6,509,343,166,TB_B14-118_matched,,2503.381,418.238,6,-2.4,2.4,3,7,1.66,3.32,0.08,0.56,0.24,0.14,0.1,0.04,161,-1.52737,15.5,0.6,29.49,0,2,
1,VDKLTQGR-VDKLTQGR-a3-b3,sp|H6QM91|H6QM91_9INFA,sp|H6QM91|H6QM91_9INFA,xlink,intra-protein xl,TB_B14-119.03959.03959.3_TB_B14-119.03961.03961.3,130,130,0,TB_B14-119_matched,,1927.043,643.356,3,-2.7,2.7,1,8.26,1.99,3.98,0.22,0.29,0.17,0.08,0.08,0.03,98,-1.72677,29.7,0.83,25.14,0,2,
1,QEKNPALR-KYTSGR-a3-b1,sp|H6QM90|H6QM90_9INFA,sp|H6QM90|H6QM90_9INFA,xlink,intra-protein xl,TB_B14-120.03442.03442.4_TB_B14-120.02768.02768.4,50,42,8,TB_B14-120_matched,,1760.91,441.235,4,-3.9,3.9,4,5.78,2.32,4.65,0.13,0.34,0.17,0.15,0.02,0.03,293,-1.52737,13.8,0.51,24.62,0,2,
1,KRVDINPGHK-FYNQVKVR-a1-b6,sp|H6QM90|H6QM90_9INFA,sp|H6QM90|H6QM90_9INFA,xlink,intra-protein xl,TB_B14-118.04622.04622.6_TB_B14-118.04594.04594.6,152,149,3,TB_B14-118_matched,,2311.249,386.216,6,-2.8,2.8,7,6.97,1.14,2.28,0.07,0.43,0.14,0.09,0.06,0.03,57,-1.52737,11,0.18,24.35,0,2,
1,ASAVLKK-VKGSSQR-a6-b2,sp|H6QM90|H6QM90_9INFA,sp|H6QM90|H6QM90_9INFA,xlink,intra-protein xl,TB_B14-120.02764.02764.3_TB_B14-120.02747.02747.3,384,343,41,TB_B14-120_matched,,1571.899,524.974,3,-0.6,0.6,7,6.17,1.08,2.16,0.09,0.33,0.3,0.03,0.27,0.06,119,-1.52737,9.7,0,22.3,0,2,
1,KMITQR-TIGKKR-a1-b4,sp|H6QM91|H6QM91_9INFA,sp|H6QM91|H6QM91_9INFA,xlink,intra-protein xl,TB_B14-119.03075.03075.4_TB_B14-119.03052.03052.4,207,216,9,TB_B14-119_matched,,1572.91,394.235,4,-2.1,2.1,1,6.21,2,4,0.05,0.37,0.11,0.09,0.02,0.02,81,-1.72677,8.3,0,22.02,0,2,
1,ELELPEGKFCTQR-KLASWIQSEFNK-a8-b1,sp|H6QM92|H6QM92_9INFA,sp|H6QM92|H6QM92_9INFA,xlink,intra-protein xl,TB_B14-118.09093.09093.4_TB_B14-118.09070.09070.4,288,411,123,TB_B14-118_matched,,3151.557,788.897,4,-2.5,2.5,2,6.38,0.83,1.65,0.07,0.28,0.17,0.05,0.12,0.03,116,-1.4292,7.1,0.6,21.19,0,2,
1,QSEKGEETLEEEFSYPPTFQR-KVEDYYYEK-a4-b1,sp|H6QM92|H6QM92_9INFA,sp|H6QM92|H6QM92_9INFA,xlink,intra-protein xl,TB_B14-117.08238.08238.4_TB_B14-117.08190.08190.4,210,140,70,TB_B14-117_matched,,3861.736,966.442,4,-1.6,1.6,1,6.02,0.84,1.68,0.08,0.17,0.3,0.26,0.04,0.05,233,-1.4292,6.2,0,20.4,0,2,
1,VYKMYFDRLER-KRVDINPGHK-a3-b1,sp|H6QM90|H6QM90_9INFA,sp|H6QM90|H6QM90_9INFA,xlink,intra-protein xl,TB_B14-117.06043.06043.6_TB_B14-117.06023.06023.6,125,152,27,TB_B14-117_matched,,2777.437,463.914,6,-2.5,2.5,1,5.6,0.9,1.8,0.09,0.27,0.19,0.18,0.02,0.03,147,-1.52737,8.3,0,20.03,0,2,
