Rank,Id,Protein1,Protein2,Type,XLType,Spectrum,AbsPos1,AbsPos2,deltaAA,Annotation,Smallest_dist[euklid],Mr,Mz,z,Error_rel[ppm],Error_abs[ppm],nseen,MatchOdds,wmatchoddssum,wmatchoddsmean,Xcorrx,Xcorrb,TIC,TicA,TicB,WTIC,intsum,lApS,seriesscore,deltaS,ld-Score,fdr
1,TMKEYGENPQNEGNK-VDKLTQGR-a3-b3,sp|H6QM92|H6QM92_9INFA,sp|H6QM91|H6QM91_9INFA,xlink,inter-protein xl,TB_B14-111.04907.04907.4_TB_B14-111.04888.04888.4,36,130,94,TB_B14-111_matched,,2749.296,688.332,4,-0.5,0.5,8,8.13,2.3,4.59,0.1,0.43,0.36,0.25,0.11,0.06,411,-0.01163,12.8,0.7,33.54,0
1,KYTSGRQEK-VDKLTQGR-a1-b3,sp|H6QM90|H6QM90_9INFA,sp|H6QM91|H6QM91_9INFA,xlink,inter-protein xl,TB_B14-114.03558.03558.3_TB_B14-114.03559.03559.3,42,130,88,TB_B14-114_matched,,2107.094,703.372,3,-4,4,5,7.99,2.41,4.82,0.19,0.39,0.29,0.14,0.15,0.05,295,-0.01037,22.8,0.62,30.59,0
1,VDKLTQGR-AEKTMK-a3-b3,sp|H6QM91|H6QM91_9INFA,sp|H6QM92|H6QM92_9INFA,xlink,inter-protein xl,TB_B14-114.04292.04292.4_TB_B14-114.04276.04276.4,130,33,97,TB_B14-114_matched,,1717.901,430.483,4,-1.1,1.1,5,7,2.51,5.01,0.05,0.5,0.27,0.23,0.04,0.04,280,-0.01163,14.7,0.67,30.1,0
1,VDKLTQGR-KYTSGR-a3-b1,sp|H6QM91|H6QM91_9INFA,sp|H6QM90|H6QM90_9INFA,xlink,inter-protein xl,TB_B14-114.04030.04030.4_TB_B14-114.03999.03999.4,130,42,88,TB_B14-114_matched,,1721.903,431.484,4,-1.5,1.5,5,7.7,2.94,5.89,0.11,0.33,0.23,0.17,0.06,0.04,339,-0.01037,23.3,0.65,29.08,0
1,AEKTMKEYGENPQNEGNK-VDKLTQGR-a3-b3,sp|H6QM92|H6QM92_9INFA,sp|H6QM91|H6QM91_9INFA,xlink,inter-protein xl,TB_B14-111.04678.04678.4_TB_B14-111.04672.04672.4,33,130,97,TB_B14-111_matched,,3077.465,770.374,4,-2.5,2.5,1,6.05,2.03,4.07,0.06,0.29,0.28,0.2,0.08,0.05,447,-0.01163,10.2,0.77,26.86,0
1,VDINPGHKDLTSR-VDKLTQGR-a8-b3,sp|H6QM90|H6QM90_9INFA,sp|H6QM91|H6QM91_9INFA,xlink,inter-protein xl,TB_B14-114.06020.06020.4_TB_B14-114.05992.05992.4,161,130,31,TB_B14-114_matched,,2462.287,616.579,4,-0.5,0.5,2,6.44,1.8,3.6,0.05,0.29,0.17,0.04,0.13,0.04,262,-0.01037,6.3,0.84,24.27,0
1,RKVEDYYYEK-K2-113,sp|H6QM92|H6QM92_9INFA,-,monolink,monolink,TB_B14-114.04927.04927.3_TB_B14-114.04906.04906.3,140,n/a,-,TB_B14-114_matched,,1504.718,502.581,3,-1.2,1.2,2,7.98,2.66,2.66,0.11,0.42,0.29,0.29,0,0.14,314,0,32.5,0,32.49,0
1,LGAMSEKVNAQIESFDPR-K7-113,sp|H6QM92|H6QM92_9INFA,-,monolink,monolink,TB_B14-111.08993.08993.3_TB_B14-111.09022.09022.3,266,n/a,-,TB_B14-111_matched,,2104.025,702.349,3,-0.4,0.4,5,8.72,1.83,1.83,0.15,0.31,0.37,0.37,0,0.1,385,0,16.4,0.17,32.4,0
1,RVDINPGHKDLTSR-K9-114,sp|H6QM90|H6QM90_9INFA,-,monolink,monolink,TB_B14-109.03496.03496.3_TB_B14-109.03487.03487.3,161,n/a,-,TB_B14-109_matched,,1720.883,574.636,3,-1.3,1.3,21,5.87,3.07,3.07,0.07,0.49,0.32,0.32,0,0.11,462,0,7.7,0,31.85,0
1,LGRGYMFESKSMHLR-K10-114,sp|H6QM91|H6QM91_9INFA,-,monolink,monolink,TB_B14-111.07286.07286.3_TB_B14-111.07265.07265.3,369,n/a,-,TB_B14-111_matched,,1924.928,642.65,3,-0.5,0.5,6,5.99,3.63,3.63,0.05,0.39,0.25,0.25,0,0.08,572,0,9.8,0.38,31.66,0
1,VRNEKGELLISPEEVSEAQGQEK-K5-114,sp|H6QM90|H6QM90_9INFA,-,monolink,monolink,TB_B14-109.05791.05791.3_TB_B14-109.05750.05750.3,517,n/a,-,TB_B14-109_matched,,2682.329,895.118,3,-2.1,2.1,6,6.05,2.54,2.54,0.1,0.33,0.29,0.29,0,0.06,634,0,5.1,0.18,31.45,0
1,VRNEKGELLISPEEVSEAQGQEK-K5-113,sp|H6QM90|H6QM90_9INFA,-,monolink,monolink,TB_B14-113.07803.07803.3_TB_B14-113.07805.07805.3,517,n/a,-,TB_B14-113_matched,,2681.343,894.789,3,-2.9,2.9,1,6.56,2.68,2.68,0.08,0.24,0.32,0.32,0,0.07,658,0,6,0,31.01,0
1,IRVNIDKYLR-K7-114,sp|H6QM90|H6QM90_9INFA,-,monolink,monolink,TB_B14-113.08766.08766.3_TB_B14-113.08752.08752.3,509,n/a,-,TB_B14-113_matched,,1402.792,468.605,3,-0.7,0.7,7,7.16,3.39,3.39,0.07,0.48,0.18,0.18,0,0.09,243,0,22.5,0.32,30.14,0
1,SNPTDEQAVNICKAALGIR-K13-114,sp|H6QM90|H6QM90_9INFA,-,monolink,monolink,TB_B14-113.09270.09270.3_TB_B14-113.09228.09228.3,321,n/a,-,TB_B14-113_matched,,2170.069,724.364,3,0.2,0.2,4,6.09,2.77,2.77,0.04,0.41,0.36,0.36,0,0.09,440,0,19.1,0,29.91,0
1,AYVSSFKANGNIEAK-K7-114,sp|H6QM92|H6QM92_9INFA,-,monolink,monolink,TB_B14-113.12561.12561.3_TB_B14-113.12568.12568.3,251,n/a,-,TB_B14-113_matched,,1711.848,571.624,3,3.7,3.7,15,7.98,2.62,2.62,0.09,0.36,0.18,0.18,0,0.06,296,0,12.2,0.15,29.81,0
1,RKVEDYYYEK-K2-114,sp|H6QM92|H6QM92_9INFA,-,monolink,monolink,TB_B14-114.05271.05271.3_TB_B14-114.05251.05251.3,140,n/a,-,TB_B14-114_matched,,1505.699,502.908,3,-2.9,2.9,4,6.3,2.72,2.72,0.06,0.41,0.38,0.38,0,0.19,322,0,25.5,0,29.55,0
1,IRLEESKGWSHPQFEK-K7-114,sp|H6QM90|H6QM90_9INFA,-,monolink,monolink,TB_B14-110.04821.04821.3_TB_B14-110.04805.04805.3,769,n/a,-,TB_B14-110_matched,,2084.029,695.684,3,-1.6,1.6,9,6.92,2.26,2.26,0.07,0.36,0.29,0.29,0,0.09,358,0,17.8,0,29.22,0
1,IRVNIDKYLR-K7-113,sp|H6QM90|H6QM90_9INFA,-,monolink,monolink,TB_B14-113.08186.08186.3_TB_B14-113.08144.08144.3,509,n/a,-,TB_B14-113_matched,,1401.806,468.277,3,-2.1,2.1,2,6.26,2.59,2.59,0.04,0.48,0.19,0.19,0,0.1,264,0,16.5,0.53,28.64,0
1,TMKEYGENPQNEGNK-K3-114,sp|H6QM92|H6QM92_9INFA,-,monolink,monolink,TB_B14-111.04493.04493.3_TB_B14-111.04476.04476.3,36,n/a,-,TB_B14-111_matched,,1851.791,618.272,3,-1.8,1.8,4,7.48,1.97,1.97,0.09,0.3,0.3,0.3,0,0.1,330,0,10.9,0.33,28.49,0
1,NRENDWPIGESPQGIEKGTIGK-K17-114,sp|H6QM92|H6QM92_9INFA,-,monolink,monolink,TB_B14-111.08133.08133.3_TB_B14-111.08129.08129.3,639,n/a,-,TB_B14-111_matched,,2538.228,847.084,3,-2.8,2.8,4,6.63,1.9,1.9,0.03,0.36,0.32,0.32,0,0.07,355,0,5.1,0,28.19,0
1,TCKLVGINMSQKK-K3-114,sp|H6QM91|H6QM91_9INFA,-,monolink,monolink,TB_B14-113.06572.06572.3_TB_B14-113.06548.06548.3,480,n/a,-,TB_B14-113_matched,,1619.836,540.953,3,-0.9,0.9,3,6.39,2.65,2.65,0.05,0.43,0.42,0.42,0,0.16,216,0,16.6,0,27.78,0
1,IRLEESKGWSHPQFEK-K7-113,sp|H6QM90|H6QM90_9INFA,-,monolink,monolink,TB_B14-114.06921.06921.4_TB_B14-114.06904.06904.4,769,n/a,-,TB_B14-114_matched,,2083.047,521.769,4,-1,1,5,6.51,1.44,1.44,0.08,0.49,0.43,0.43,0,0.14,147,0,7.2,0,27.77,0
1,ISSQDFSEITNTCKAIEALK-K14-114,sp|H6QM91|H6QM91_9INFA,-,monolink,monolink,TB_B14-111.09832.09832.3_TB_B14-111.09815.09815.3,757,n/a,-,TB_B14-111_matched,,2368.147,790.39,3,0.1,0.1,15,6.12,2.24,2.24,0.03,0.33,0.26,0.26,0,0.06,427,0,8.5,0,27.62,0
1,ANSKYGPVLTIGELDK-K4-114,sp|H6QM90|H6QM90_9INFA,-,monolink,monolink,TB_B14-114.09771.09771.3_TB_B14-114.09754.09754.3,712,n/a,-,TB_B14-114_matched,,1817.94,606.988,3,-0.6,0.6,3,6.2,1.88,1.88,0.03,0.45,0.35,0.35,0,0.11,231,0,16.8,0,27.51,0
1,TSISTIMKPVYLYVR-K8-114,sp|H6QM92|H6QM92_9INFA,-,monolink,monolink,TB_B14-113.10761.10761.3_TB_B14-113.10742.10742.3,568,n/a,-,TB_B14-113_matched,,1884.006,629.01,3,-0.5,0.5,3,6,2.02,2.02,0.02,0.38,0.4,0.4,0,0.13,300,0,14,0.37,27.13,0
1,TIRELELPEGKFCTQR-K11-114,sp|H6QM92|H6QM92_9INFA,-,monolink,monolink,TB_B14-113.08531.08531.4_TB_B14-113.08509.08509.4,288,n/a,-,TB_B14-113_matched,,2090.045,523.519,4,-0.6,0.6,10,8.36,1.59,1.59,0.1,0.32,0.25,0.25,0,0.08,131,0,13.7,0,26.96,0
1,KRVDINPGHK-K1-114,sp|H6QM90|H6QM90_9INFA,-,monolink,monolink,TB_B14-114.03983.03983.3_TB_B14-114.03933.03933.3,152,n/a,-,TB_B14-114_matched,,1276.689,426.571,3,0.4,0.4,5,6.37,2.3,2.3,0.04,0.4,0.25,0.25,0,0.12,223,0,25.5,0.2,26.83,0
1,HFQKDSSTLLK-K4-114,sp|H6QM90|H6QM90_9INFA,-,monolink,monolink,TB_B14-111.05970.05970.3_TB_B14-111.05950.05950.3,449,n/a,-,TB_B14-111_matched,,1416.723,473.249,3,-1,1,5,5.8,3.28,3.28,-0.02,0.44,0.22,0.22,0,0.1,259,0,16.5,0,26.76,0
1,RVDINPGHKDLTSR-K9-113,sp|H6QM90|H6QM90_9INFA,-,monolink,monolink,TB_B14-113.05037.05037.3_TB_B14-113.05015.05015.3,161,n/a,-,TB_B14-113_matched,,1719.899,574.307,3,-1.6,1.6,4,6.3,2.89,2.89,0.06,0.35,0.28,0.28,0,0.1,300,0,14,0.13,26.74,0
1,HFQKDSSTLLK-K4-113,sp|H6QM90|H6QM90_9INFA,-,monolink,monolink,TB_B14-113.05645.05645.3_TB_B14-113.05605.05605.3,449,n/a,-,TB_B14-113_matched,,1415.737,472.92,3,-2.4,2.4,1,5.94,2.81,2.81,0.01,0.4,0.18,0.18,0,0.08,289,0,16.9,0,26.43,0
1,KRVDINPGHK-K1-113,sp|H6QM90|H6QM90_9INFA,-,monolink,monolink,TB_B14-114.03614.03614.3_TB_B14-114.03573.03573.3,152,n/a,-,TB_B14-114_matched,,1275.704,426.242,3,-1,1,2,5.84,2.43,2.43,-0.02,0.4,0.26,0.26,0,0.13,257,0,14.5,0,26.35,0
1,NCKISPIMVAYMLER-K3-114,sp|H6QM90|H6QM90_9INFA,-,monolink,monolink,TB_B14-112.11054.11054.3_TB_B14-112.11056.11056.3,206,n/a,-,TB_B14-112_matched,,1937.939,646.987,3,-1.4,1.4,3,6.59,1.72,1.72,0.04,0.3,0.41,0.41,0,0.14,269,0,12.9,0,26.14,0
1,TIRELELPEGKFCTQR-K11-113,sp|H6QM92|H6QM92_9INFA,-,monolink,monolink,TB_B14-114.08317.08317.3_TB_B14-114.08346.08346.3,288,n/a,-,TB_B14-114_matched,,2089.058,697.36,3,-2.2,2.2,1,6.52,1.62,1.62,0.09,0.38,0.3,0.3,0,0.09,212,0,9,0,26.11,0
1,LTHGTFGPVKFYNQVK-K10-114,sp|H6QM90|H6QM90_9INFA,-,monolink,monolink,TB_B14-112.08466.08466.3_TB_B14-112.08447.08447.3,143,n/a,-,TB_B14-112_matched,,1949.004,650.676,3,-0.4,0.4,6,5.84,1.35,1.35,0.03,0.47,0.27,0.27,0,0.09,186,0,7.2,0.34,26.11,0
1,FLPDLYDYKTNK-K9-114,sp|H6QM92|H6QM92_9INFA,-,monolink,monolink,TB_B14-113.09418.09418.3_TB_B14-113.09375.09375.3,127,n/a,-,TB_B14-113_matched,,1629.792,544.272,3,-0.3,0.3,6,5.91,1.8,1.8,0,0.54,0.27,0.27,0,0.11,68,0,14.2,0,25.76,0
1,RKLASWIQSEFNK-K2-114,sp|H6QM92|H6QM92_9INFA,-,monolink,monolink,TB_B14-114.09309.09309.3_TB_B14-114.09289.09289.3,411,n/a,-,TB_B14-114_matched,,1719.896,574.307,3,1.2,1.2,4,6.13,1.68,1.68,0.01,0.35,0.28,0.28,0,0.11,255,0,19.5,0.47,25.61,0
1,MKWGMEMRR-K2-114,sp|H6QM92|H6QM92_9INFA,-,monolink,monolink,TB_B14-114.07221.07221.3_TB_B14-114.07199.07199.3,585,n/a,-,TB_B14-114_matched,,1337.604,446.876,3,-0.5,0.5,2,6.44,1.35,1.35,0.06,0.35,0.39,0.39,0,0.22,128,0,11.7,0,25.48,0
1,GWSHPQFEKGGGSGGGSGGSAWSHPQFEK-K9-114,sp|H6QM90|H6QM90_9INFA,-,monolink,monolink,TB_B14-112.07332.07332.4_TB_B14-112.07311.07311.4,778,n/a,-,TB_B14-112_matched,,3056.347,765.095,4,1.2,1.2,6,5.93,1.19,1.19,0.01,0.38,0.28,0.28,0,0.05,275,0,4.2,0.38,25.42,0
1,MLKAVRGDLNFVNR-K3-114,sp|H6QM90|H6QM90_9INFA,-,monolink,monolink,TB_B14-111.07916.07916.3_TB_B14-111.07894.07894.3,421,n/a,-,TB_B14-111_matched,,1745.922,582.982,3,-1.2,1.2,2,6.72,1.35,1.35,0.09,0.37,0.44,0.44,0,0.16,108,0,16.3,0.5,25.4,0
1,SNPTDEQAVNICKAALGIR-K13-113,sp|H6QM90|H6QM90_9INFA,-,monolink,monolink,TB_B14-113.09065.09065.3_TB_B14-113.09043.09043.3,321,n/a,-,TB_B14-113_matched,,2169.082,724.035,3,-1.4,1.4,2,5.77,2.09,2.09,0,0.37,0.27,0.27,0,0.07,272,0,12.3,0,25.11,0
1,LGAMSEKVNAQIESFDPR-K7-114,sp|H6QM92|H6QM92_9INFA,-,monolink,monolink,TB_B14-113.12296.12296.3_TB_B14-113.12304.12304.3,266,n/a,-,TB_B14-113_matched,,2105.007,702.677,3,-1.5,1.5,6,6.12,1.98,1.98,0.1,0.27,0.2,0.2,0,0.06,346,0,11.1,0,25.1,0
1,IREMIPEKDEDGNTLWTNTK-K8-114,sp|H6QM90|H6QM90_9INFA,-,monolink,monolink,TB_B14-111.08019.08019.3_TB_B14-111.07998.07998.3,79,n/a,-,TB_B14-111_matched,,2503.188,835.404,3,-1,1,3,5.82,1.45,1.45,0,0.38,0.35,0.35,0,0.09,250,0,11,0,25.08,0
1,VYKMYFDRLER-K3-114,sp|H6QM90|H6QM90_9INFA,-,monolink,monolink,TB_B14-112.08236.08236.3_TB_B14-112.08214.08214.3,125,n/a,-,TB_B14-112_matched,,1632.795,545.273,3,-1,1,3,5.95,1.44,1.44,0.03,0.45,0.42,0.42,0,0.19,56,0,11.6,0,24.81,0
1,TSISTIMKPVYLYVR-K8-113,sp|H6QM92|H6QM92_9INFA,-,monolink,monolink,TB_B14-113.10647.10647.3_TB_B14-113.10646.10646.3,568,n/a,-,TB_B14-113_matched,,1883.021,628.682,3,-0.7,0.7,2,6,1.49,1.49,0.02,0.36,0.39,0.39,0,0.13,199,0,10.2,0.34,24.8,0
1,IKTRLFVLR-K2-114,sp|H6QM92|H6QM92_9INFA,-,monolink,monolink,TB_B14-114.08545.08545.3_TB_B14-114.08532.08532.3,186,n/a,-,TB_B14-114_matched,,1258.772,420.599,3,-3.1,3.1,2,6.04,1.64,1.64,0.03,0.33,0.5,0.5,0,0.28,116,0,11.1,0.7,24.69,0
1,ANVLIGQGDTVLVMKR-K15-114,sp|H6QM90|H6QM90_9INFA,-,monolink,monolink,TB_B14-113.09547.09547.3_TB_B14-113.09505.09505.3,745,n/a,-,TB_B14-113_matched,,1826.99,610.005,3,-1.3,1.3,2,5.78,2.03,2.03,0.05,0.39,0.14,0.14,0,0.04,200,0,14.3,0,24.03,0
1,GYMFESKSMHLR-K7-114,sp|H6QM91|H6QM91_9INFA,-,monolink,monolink,TB_B14-113.07855.07855.3_TB_B14-113.07834.07834.3,369,n/a,-,TB_B14-113_matched,,1598.721,533.915,3,-0.7,0.7,4,5.93,0.81,0.81,0.01,0.51,0.22,0.22,0,0.09,11,0,9,0.24,23.94,0
1,TNKFIEIGVTRR-K3-114,sp|H6QM92|H6QM92_9INFA,-,monolink,monolink,TB_B14-111.07644.07644.3_TB_B14-111.07621.07621.3,130,n/a,-,TB_B14-111_matched,,1546.846,516.623,3,-0.6,0.6,2,5.92,1.39,1.39,0.04,0.32,0.42,0.42,0,0.18,164,0,18.4,0,23.92,0
1,EMIPEKDEDGNTLWTNTKDAGSNR-K18-114,sp|H6QM90|H6QM90_9INFA,-,monolink,monolink,TB_B14-112.07483.07483.3_TB_B14-112.07449.07449.3,91,n/a,-,TB_B14-112_matched,,2834.26,945.761,3,-2.3,2.3,3,5.8,1.67,1.67,0,0.32,0.14,0.14,0,0.03,293,0,5.1,0.13,23.88,0
1,MKWMMAMKYPISASSR-K8-114,sp|H6QM90|H6QM90_9INFA,-,monolink,monolink,TB_B14-112.09582.09582.3_TB_B14-112.09571.09571.3,63,n/a,-,TB_B14-112_matched,,2030.94,677.988,3,-2.5,2.5,4,5.98,1.73,1.73,0.03,0.29,0.4,0.4,0,0.13,226,0,10,0,23.67,0
1,LTHGTFGPVKFYNQVK-K10-113,sp|H6QM90|H6QM90_9INFA,-,monolink,monolink,TB_B14-113.08226.08226.3_TB_B14-113.08206.08206.3,143,n/a,-,TB_B14-113_matched,,1948.018,650.347,3,-1.3,1.3,2,6.17,1.58,1.58,0.04,0.31,0.22,0.22,0,0.07,197,0,6.4,0.38,23.41,0
1,MREILTTTSVDHMAVIKK-K18-114,sp|H6QM90|H6QM90_9INFA,-,monolink,monolink,TB_B14-111.07600.07600.3_TB_B14-111.07582.07582.3,42,n/a,-,TB_B14-111_matched,,2186.137,729.72,3,-3.3,3.3,1,6.03,1.39,1.39,0.04,0.22,0.19,0.19,0,0.05,328,0,5.6,0,23.28,0
1,ALTLNTMTKDAER-K9-114,sp|H6QM91|H6QM91_9INFA,-,monolink,monolink,TB_B14-111.07482.07482.3_TB_B14-111.07469.07469.3,238,n/a,-,TB_B14-111_matched,,1576.775,526.599,3,-1.3,1.3,5,6.97,1.72,1.72,0.06,0.2,0.15,0.15,0,0.06,230,0,7.1,0.37,23.04,0
1,EKDMTEPFFR-K2-114,sp|H6QM92|H6QM92_9INFA,-,monolink,monolink,TB_B14-113.08970.08970.3_TB_B14-113.08946.08946.3,614,n/a,-,TB_B14-113_matched,,1412.627,471.884,3,-0.6,0.6,2,5.83,1.52,1.52,0.03,0.27,0.29,0.29,0,0.15,202,0,13,0,22.92,0
1,VDINPGHKDLTSR-K8-114,sp|H6QM90|H6QM90_9INFA,-,monolink,monolink,TB_B14-110.03843.03843.3_TB_B14-110.03820.03820.3,161,n/a,-,TB_B14-110_matched,,1564.781,522.602,3,-2,2,15,7.21,0.85,0.85,0.07,0.31,0.27,0.27,0,0.1,33,0,8.6,0.48,22.89,0
1,TNLYGFIIKGR-K9-114,sp|H6QM92|H6QM92_9INFA,-,monolink,monolink,TB_B14-113.09968.09968.3_TB_B14-113.09956.09956.3,515,n/a,-,TB_B14-113_matched,,1394.752,465.925,3,-2.4,2.4,2,5.81,1.68,1.68,0.01,0.4,0.17,0.17,0,0.08,94,0,20.7,0.31,22.72,0
1,KLASWIQSEFNK-K1-113,sp|H6QM92|H6QM92_9INFA,-,monolink,monolink,TB_B14-114.09776.09776.3_TB_B14-114.09777.09777.3,411,n/a,-,TB_B14-114_matched,,1562.807,521.944,3,-1.1,1.1,3,6.25,1.54,1.54,0.02,0.21,0.31,0.31,0,0.13,229,0,13.2,0.53,22.64,0
1,LEESKGWSHPQFEK-K5-114,sp|H6QM90|H6QM90_9INFA,-,monolink,monolink,TB_B14-114.06715.06715.3_TB_B14-114.06600.06600.3,769,n/a,-,TB_B14-114_matched,,1814.844,605.956,3,-2,2,2,6.3,0.89,0.89,0.1,0.38,0.21,0.21,0,0.08,48,0,8.9,0,22.6,0
1,KRDSSILTDSQTALK-K1-114,sp|H6QM90|H6QM90_9INFA,-,monolink,monolink,TB_B14-114.06693.06693.3_TB_B14-114.06656.06656.3,747,n/a,-,TB_B14-114_matched,,1775.925,592.983,3,-1.1,1.1,1,5.75,1.41,1.41,-0.01,0.28,0.22,0.22,0,0.07,228,0,7.6,0.16,22.25,0
1,INNSFSFGGYNFKR-K13-114,sp|H6QM90|H6QM90_9INFA,-,monolink,monolink,TB_B14-114.09559.09559.3_TB_B14-114.09525.09525.3,340,n/a,-,TB_B14-114_matched,,1763.825,588.949,3,-1.1,1.1,4,6.34,1.62,1.62,0.08,0.3,0.15,0.15,0,0.05,128,0,13.5,0.12,22.08,0
1,DVEGTFDSIQIIKLLPFSAHPPSLGR-K13-114,sp|H6QM90|H6QM90_9INFA,-,monolink,monolink,TB_B14-111.11600.11600.3_TB_B14-111.11578.11578.3,626,n/a,-,TB_B14-111_matched,,2950.533,984.519,3,-3.8,3.8,2,5.88,1.2,1.2,0.02,0.31,0.23,0.23,0,0.04,171,0,6.6,0.23,21.95,0
1,ENDDDNAMLKHRFEIIEGQER-K10-114,sp|H6QM92|H6QM92_9INFA,-,monolink,monolink,TB_B14-114.08541.08541.4_TB_B14-114.08522.08522.4,87,n/a,-,TB_B14-114_matched,,2672.207,669.06,4,-2.5,2.5,7,6.07,0.68,0.68,0.01,0.35,0.18,0.18,0,0.04,93,0,3.6,0,21.7,0
1,KLASWIQSEFNK-K1-114,sp|H6QM92|H6QM92_9INFA,-,monolink,monolink,TB_B14-113.09774.09774.3_TB_B14-113.09754.09754.3,411,n/a,-,TB_B14-113_matched,,1563.792,522.272,3,-1.1,1.1,2,5.81,1.67,1.67,-0.02,0.24,0.24,0.24,0,0.1,201,0,12.8,0.5,21.51,0
1,IEFEPFQTLIPKGNR-K12-114,sp|H6QM90|H6QM90_9INFA,-,monolink,monolink,TB_B14-113.10625.10625.3_TB_B14-113.10604.10604.3,595,n/a,-,TB_B14-113_matched,,1901.986,635.003,3,-1.2,1.2,2,7,1.36,1.36,0.05,0.22,0.24,0.24,0,0.08,94,0,9.1,0.27,21.25,0
1,DSSILTDSQTALKR-K13-114,sp|H6QM90|H6QM90_9INFA,-,monolink,monolink,TB_B14-109.05495.05495.3_TB_B14-109.05475.05475.3,761,n/a,-,TB_B14-109_matched,,1647.83,550.284,3,-0.9,0.9,12,6.06,1.19,1.19,0.02,0.32,0.11,0.11,0,0.04,102,0,9.2,0.31,21.25,0
1,LSVLNPAHEGEGIPMKDAK-K16-114,sp|H6QM92|H6QM92_9INFA,-,monolink,monolink,TB_B14-111.07661.07661.3_TB_B14-111.07626.07626.3,319,n/a,-,TB_B14-111_matched,,2119.065,707.363,3,1.4,1.4,2,6.69,0.77,0.77,0.04,0.28,0.15,0.15,0,0.04,68,0,6.9,0,21.06,0
1,LVGINMSQKK-K9-114,sp|H6QM91|H6QM91_9INFA,-,monolink,monolink,TB_B14-113.06846.06846.3_TB_B14-113.06827.06827.3,489,n/a,-,TB_B14-113_matched,,1230.661,411.228,3,-2.3,2.3,1,5.55,1.6,1.6,0.04,0.32,0.14,0.14,0,0.07,119,0,5.5,0,21,0
1,LGRGYMFESKSMHLR-K10-113,sp|H6QM91|H6QM91_9INFA,-,monolink,monolink,TB_B14-111.06994.06994.4_TB_B14-111.06973.06973.4,369,n/a,-,TB_B14-111_matched,,1923.944,481.994,4,-0.6,0.6,2,5.86,1.59,1.59,0.02,0.33,0.11,0.11,0,0.04,103,0,5.8,0.22,20.99,0
1,SHPGLFETACQETIDAIQQTRVDKLTQGR-K24-113,sp|H6QM91|H6QM91_9INFA,-,monolink,monolink,TB_B14-112.09976.09976.4_TB_B14-112.09968.09968.4,130,n/a,-,TB_B14-112_matched,,3411.683,853.929,4,-0.2,0.2,1,7.12,0.69,0.69,0.11,0.23,0.1,0.1,0,0.02,76,0,4.5,0.37,20.87,0
1,EVPDLFQYKSEPPEK-K9-114,sp|H6QM92|H6QM92_9INFA,-,monolink,monolink,TB_B14-112.09242.09242.3_TB_B14-112.09227.09227.3,403,n/a,-,TB_B14-112_matched,,1918.918,640.647,3,-1.2,1.2,1,5.77,1.51,1.51,0,0.26,0.12,0.12,0,0.04,186,0,6.4,0.75,20.75,0
1,ENDWPIGESPQGIEKGTIGK-K15-114,sp|H6QM92|H6QM92_9INFA,-,monolink,monolink,TB_B14-114.09271.09271.3_TB_B14-114.09251.09251.3,639,n/a,-,TB_B14-114_matched,,2268.089,757.037,3,-0.9,0.9,2,6.09,1.03,1.03,0.06,0.28,0.18,0.18,0,0.04,107,0,10.8,0,20.6,0
1,FLPDLYDYKTNKFIEIGVTR-K12-114,sp|H6QM92|H6QM92_9INFA,-,monolink,monolink,TB_B14-112.10396.10396.4_TB_B14-112.10385.10385.4,130,n/a,-,TB_B14-112_matched,,2545.305,637.334,4,-2.2,2.2,2,7.35,0.95,0.95,0.1,0.15,0.16,0.16,0,0.04,119,0,4.5,0.45,20.49,0
1,ISSQDFSEITNTCKAIEALKR-K14-113,sp|H6QM91|H6QM91_9INFA,-,monolink,monolink,TB_B14-109.07063.07063.3_TB_B14-109.07060.07060.3,757,n/a,-,TB_B14-109_matched,,2523.259,842.094,3,-1.8,1.8,2,6.57,0.6,0.6,0.05,0.26,0.1,0.1,0,0.02,78,0,6.7,0.22,20.4,0
1,FYNQVKVRK-K6-114,sp|H6QM90|H6QM90_9INFA,-,monolink,monolink,TB_B14-113.04791.04791.3_TB_B14-113.04770.04770.3,149,n/a,-,TB_B14-113_matched,,1294.702,432.575,3,-1.1,1.1,1,5.82,0.7,0.7,-0.02,0.38,0.1,0.1,0,0.05,9,0,5.6,0.2,20.28,0
1,GWSHPQFEKGGGSGGGSGGSAWSHPQFEK-K9-113,sp|H6QM90|H6QM90_9INFA,-,monolink,monolink,TB_B14-113.07129.07129.4_TB_B14-113.07108.07108.4,778,n/a,-,TB_B14-113_matched,,3055.349,764.845,4,-3.6,3.6,3,4.7,0.71,0.71,0.01,0.29,0.17,0.17,0,0.03,236,0,1.5,0.26,20.12,0
1,ISSQDFSEITNTCKAIEALKR-K14-114,sp|H6QM91|H6QM91_9INFA,-,monolink,monolink,TB_B14-111.09392.09392.4_TB_B14-111.09371.09371.4,757,n/a,-,TB_B14-111_matched,,2524.247,632.07,4,-0.3,0.3,7,6.38,0.52,0.52,0.07,0.28,0.1,0.1,0,0.02,57,0,2.9,0.15,20.06,0
1,AEKTMKEYGENPQNEGNK-K3-K6,sp|H6QM92|H6QM92_9INFA,-,intralink,intralink,TB_B14-113.05164.05164.3_TB_B14-113.05382.05382.3,33,n/a,-,TB_B14-113_matched,,2161.951,721.658,3,-3.5,3.5,6,8.12,1.36,1.36,0.12,0.31,0.26,0.26,0,0.07,174,0,11.3,0,27.05,0
1,ISSQDFSEITNTCKAIEALKR-K14-K20,sp|H6QM91|H6QM91_9INFA,-,intralink,intralink,TB_B14-111.10375.10375.3_TB_B14-111.10359.10359.3,757,n/a,-,TB_B14-111_matched,,2506.233,836.419,3,-1.9,1.9,10,6.4,1.42,1.42,0.02,0.34,0.09,0.09,0,0.02,113,0,0.7,0.18,22.1,0
1,IRLEESKGWSHPQFEK-K7-K16,sp|H6QM90|H6QM90_9INFA,-,intralink,intralink,TB_B14-111.07243.07243.4_TB_B14-111.07220.07220.4,769,n/a,-,TB_B14-111_matched,,2066.019,517.513,4,-1.3,1.3,5,6.66,0.67,0.67,0.01,0.36,0.04,0.04,0,0.01,13,0,1,0,21.28,0