Id,Protein1,Protein2,AbsPos1,AbsPos2,Î”aa,N_exp,N_seen,Mz,z,Error_abs[ppm],TIC,ld-Score
KELYGNIVMSGGTTMFPGIAER-EITALAPSSMKVK-a1-b11,Act,Act,291,326,35,1,3,1295.014,3,5,0.53,30.62
KELYGNIVMSGGTTMFPGIAER-VKIIAPPERK-a1-b2,Act,Act,291,328,37,2,9,732.601,5,1,0.4,26.13
FINHLIKK-KPEFIKK-a7-b6,Arp4,Arp4,195,218,23,5,20,510.567,4,1,0.49,30.93
KALEPKEIIPLFAIK-TLEETKTELSSTAKR-a1-b14,Arp4,Arp4,196,267,71,1,2,591.01,6,2.6,0.57,27.99
ALEPKEIIPLFAIK-QRKPEFIKK-a5-b8,Arp4,Arp4,201,218,17,3,4,964.917,3,1,0.32,20.61
KALEPKEIIPLFAIK-TELSSTAKR-a6-b8,Arp4,Arp4,201,267,66,9,72,568.737,5,0.1,0.7,31.72
EIIPLFAIKQR-KTFDYEVDK-a9-b1,Arp4,Arp4,210,219,9,3,34,870.484,3,4.9,0.85,37.13
KTFDYEVDKSLYDYANNR-QRKPEFIK-a1-b3,Arp4,Arp4,219,213,6,1,1,685.552,5,2,0.35,25.79
KTFDYEVDKSLYDYANNR-FINHLIKK-a9-b7,Arp4,Arp4,227,195,32,3,12,848.441,4,1.3,0.4,29.36
TFDYEVDKSLYDYANNR-KPEFIKK-a8-b6,Arp4,Arp4,227,218,9,4,23,628.72,5,1.8,0.55,31.56
ETLCHICPTKTLEETK-TELSSTAKR-a10-b8,Arp4,Arp4,253,267,14,4,32,773.144,4,1.2,0.58,34.99
YGFAEELFLPKEDDIPANWPR-TLEETKTELSSTAK-a11-b6,Arp4,Arp4,296,259,37,2,6,1046.281,4,4.9,0.5,32.84
SNSGVVKTWR-NDYVPLKR-a7-b7,Arp4,Arp4,313,323,10,1,4,569.563,4,3.7,0.44,33.86
SNSGVVKTWR-TKPSGVNK-a7-b2,Arp4,Arp4,313,326,13,1,2,701.056,3,5.1,0.43,30.39
SNSGVVKTWR-KVTPTEEK-a7-b1,Arp4,Arp4,313,336,23,1,2,551.303,4,4.9,0.37,31.9
TKPSGVNKSDK-NDYVPLKR-a2-b7,Arp4,Arp4,326,323,3,5,12,461.254,5,0.4,0.6,32.08
RTKPSGVNKSDK-KVTPTEEK-a3-b1,Arp4,Arp4,326,336,10,4,19,477.866,5,0.5,0.47,29.49
TKPSGVNKSDK-SNSGVVKTWR-a8-b7,Arp4,Arp4,332,313,19,1,1,608.582,4,3.9,0.33,25.06
TKPSGVNKSDK-NDYVPLKR-a8-b7,Arp4,Arp4,332,323,9,1,7,576.318,4,3.4,0.68,29.73
TKPSGVNKSDK-KVTPTEEK-a8-b1,Arp4,Arp4,332,336,4,4,18,558.055,4,0.2,0.54,30.53
SDKKVTPTEEK-RTKPSGVNK-a3-b3,Arp4,Arp4,335,326,9,4,12,477.866,5,0.8,0.46,30.73
SDKKVTPTEEK-RTKPSGVNK-a4-b3,Arp4,Arp4,336,326,10,2,4,597.08,4,0.9,0.21,25.29
KVTPTEEKEQEAVSK-RTKPSGVNKSDK-a1-b9,Arp4,Arp4,336,332,4,3,6,632.142,5,1.4,0.24,20.41
VTPTEEKEQEAVSK-RTKPSGVNK-a7-b3,Arp4,Arp4,343,326,17,7,18,540.491,5,0.4,0.26,23.98
VTPTEEKEQEAVSK-TKPSGVNKSDKK-a7-b8,Arp4,Arp4,343,332,11,3,14,600.92,5,1.4,0.62,27.61
VTPTEEKEQEAVSK-TKPSGVNKSDKK-a7-b11,Arp4,Arp4,343,335,8,2,13,600.921,5,0.1,0.63,30.61
VTPTEEKEQEAVSK-ILPSLKFR-a7-b6,Arp4,Arp4,343,436,93,2,3,895.83,3,0.7,0.56,23.31
EQEAVSKSTSPAANSADTPNETGK-KVTPTEEK-a7-b1,Arp4,Arp4,350,336,14,1,2,872.683,4,4,0.34,27.81
ILPSLKFR-KVTPTEEK-a6-b1,Arp4,Arp4,436,336,100,1,2,681.402,3,0.3,0.75,26.45
YPYFPTKMSYLQYETMYK-KSQVSQNR-a7-b1,Arp5,Arp5,237,489,252,1,2,859.927,4,6.9,0.43,37.2
IQAEKR-KETGKR-a5-b1,Arp5,Arp5,300,302,2,1,2,533.979,3,2.6,0.52,33.94
IQAEKR-KETGKR-a5-b5,Arp5,Arp5,300,306,6,3,10,400.736,4,0.3,0.35,24.59
VLSVLQNAGFDDERDFKK-DQLIDEPKKK-a17-b9,Arp5,Arp5,361,343,18,1,2,687.166,5,2.9,0.61,30.54
YLHSLEQSLKK-AKEEKER-a10-b5,Arp5,Arp5,372,435,63,1,1,593.826,4,0.6,0.34,25.67
FLKASQDAR-QKAKEEK-a3-b2,Arp5,Arp5,422,430,8,2,2,509.032,4,0.1,0.37,30.22
FLKASQDAR-QKAKEEK-a3-b4,Arp5,Arp5,422,432,10,1,2,509.03,4,3.3,0.37,29.85
FLKASQDAR-AKEEKER-a3-b5,Arp5,Arp5,422,435,13,2,2,516.279,4,1.2,0.49,32.29
AKEEKER-IQAEKRK-a5-b5,Arp5,Arp5,435,300,135,1,1,475.522,4,1.7,0.34,23.65
AKEEKER-EKLKLR-a5-b2,Arp5,Arp5,435,478,43,1,1,454.02,4,1.4,0.22,23.47
VAKEEEEK-IQAEKRK-a3-b5,Arp5,Arp5,440,300,140,1,1,395.024,5,5.6,0.34,25.01
VAKEEEEKK-AKEEK-a3-b2,Arp5,Arp5,440,432,8,3,18,458.5,4,3.9,0.2,27.33
VAKEEEEK-AKEEKER-a3-b5,Arp5,Arp5,440,435,5,3,22,497.762,4,2,0.57,32.1
ERVAKEEEEK-KLKEQQWR-a5-b3,Arp5,Arp5,440,448,8,1,5,625.589,4,4.5,0.51,34.24
VAKEEEEKK-RLKLNK-a8-b3,Arp5,Arp5,445,467,22,7,15,500.296,4,0,0.55,32.76
VAKEEEEKK-LNKLIK-a8-b3,Arp5,Arp5,445,470,25,3,7,489.542,4,0.1,0.48,35.52
KLKEQQWR-VAKEEEEK-a3-b3,Arp5,Arp5,448,440,8,1,4,554.3,4,0.4,0.62,33.91
KLKEQQWR-LKLNK-a3-b2,Arp5,Arp5,448,467,19,3,7,467.784,4,0.1,0.25,30.36
ETDLNGWIKDK-LNKLIK-a9-b3,Arp5,Arp5,462,470,8,1,1,728.75,3,3.4,0.33,28.47
LRDEMKDR-KEKLK-a6-b3,Arp5,Arp5,486,478,8,1,1,462.013,4,0.1,0.23,24.34
KSQVSQNR-IQAEKR-a1-b5,Arp5,Arp5,489,300,189,1,2,610.009,3,3.4,0.61,36.55
KSQVSQNR-DEMKDR-a1-b4,Arp5,Arp5,489,486,3,2,11,469.987,4,4,0.38,36.04
MKNLASLAEDNVK-DRKSQVSQNR-a2-b3,Arp5,Arp5,498,489,9,5,8,697.617,4,1.2,0.63,35.24
KEYEEYGPEYIK-KTVISK-a1-b1,Arp5,Arp5,732,726,6,2,5,787.418,3,4.6,0.46,35.99
EYEEYGPEYIKEHK-LGNTKYFED-a11-b5,Arp5,Arp5,743,751,8,1,1,1013.14,3,1.5,0.3,24.57
EHKLGNTK-KTVISKK-a3-b1,Arp5,Arp5,746,726,20,7,39,467.531,4,0.1,0.18,32.36
LGNTKYFED-KTVISKK-a5-b1,Arp5,Arp5,751,726,25,2,4,676.375,3,2,0.3,27
LGNTKYFED-KTVISKK-a5-b1,Arp5,Arp5,751,726,25,1,2,676.375,3,1,0.34,28.12
APPAVQTSKR-KYPKLDPAK-a9-b4,Arp8,Arp8,132,139,7,6,10,563.576,4,0,0.74,30.97
APPAVQTSKR-LDPAKAPPGK-a9-b5,Arp8,Arp8,132,144,12,4,8,547.064,4,0.6,0.59,34.58
RAPPAVQTSKR-APPGKK-a10-b5,Arp8,Arp8,132,149,17,1,1,487.039,4,1.9,0.39,25.88
RAPPAVQTSKR-VPLHLLEKR-a10-b8,Arp8,Arp8,132,158,26,2,6,491.296,5,0.8,0.47,26.35
RAPPAVQTSKR-IKAAEEFAK-a10-b2,Arp8,Arp8,132,165,33,6,7,589.336,4,0.1,0.31,33.97
LDPAKAPPGK-KVPLHLLEK-a5-b1,Arp8,Arp8,144,150,6,1,4,442.27,5,1.2,0.7,34.39
LDPAKAPPGKK-VPLHLLEKR-a5-b8,Arp8,Arp8,144,158,14,3,5,473.491,5,0.4,0.74,34.17
LDPAKAPPGK-IKAAEEFAK-a5-b2,Arp8,Arp8,144,165,21,2,2,535.054,4,1.7,0.77,38.71
LDPAKAPPGKK-VPLHLLEKR-a10-b8,Arp8,Arp8,149,158,9,1,2,591.611,4,0.5,0.45,28.5
KVPLHLLEK-YPKLDPAK-a1-b3,Arp8,Arp8,150,139,11,1,1,537.072,4,2.3,0.34,22.85
KVPLHLLEKR-IKAAEEFAK-a1-b2,Arp8,Arp8,150,165,15,4,6,476.086,5,1,0.28,29.27
KVPLHLLEKR-KYPKLDPAK-a9-b4,Arp8,Arp8,158,139,19,2,2,486.699,5,0.4,0.24,21.95
KVPLHLLEKR-IKAAEEFAK-a9-b2,Arp8,Arp8,158,165,7,9,45,594.856,4,0.8,0.47,37.19
VPLHLLEKR-KIGIEK-a8-b1,Arp8,Arp8,158,176,18,1,3,483.053,4,0.1,0.45,33.82
IKAAEEFAK-KIGIEK-a2-b1,Arp8,Arp8,165,176,11,4,17,458.521,4,1.1,0.5,34.46
AAEEFAKTLK-KIGIEK-a7-b1,Arp8,Arp8,172,176,4,2,16,483.783,4,1.2,0.37,32.81
DDHPVVVPNCVAVPKK-CVDEKFVIR-a15-b5,Arp8,Arp8,299,396,97,5,20,769.905,4,0.3,0.48,33.4
KWLDLENSEHVENVCLQR-CVDEKFVIR-a1-b5,Arp8,Arp8,300,396,96,3,14,715.16,5,0.8,0.29,26.65
KPFRGGSFNVKSPYYK-LDPAKAPPGKK-a11-b10,Arp8,Arp8,411,149,262,1,1,523.128,6,3,0.39,21.31
GGSFNVKSPYYK-VVLVIPDIFKK-a7-b10,Arp8,Arp8,411,459,48,1,1,689.393,4,0.2,0.7,24.2
TSSHKNSSLEFQLPESR-VVLVIPDIFKK-a5-b10,Arp8,Arp8,626,459,167,2,4,671.771,5,2.9,0.47,28.93
EGNLYCDLNDDLKILNR-QILQAQIKEK-a13-b8,Arp8,Arp8,670,801,131,3,42,850.953,4,3.1,0.27,27.93
ILDAHNIIDQLQDKPENYGNTLK-GGSFNVKSPYYK-a14-b7,Arp8,Arp8,688,411,277,2,4,1034.785,4,4.4,0.44,33.2
ILDAHNIIDQLQDKPENYGNTLK-VVLVIPDIFKK-a14-b10,Arp8,Arp8,688,459,229,3,6,812.859,5,6.1,0.38,21.67
EIKDLEGHYVNAPDKTEDENK-QILQAQIKEK-a3-b8,Arp8,Arp8,775,801,26,1,3,630.83,6,1.9,0.16,24.88
RKPKESNASK-LKSILK-a2-b2,Ies1,Ies1,113,283,170,1,1,397.447,5,2.8,0.28,29.01
RKPKESNASK-LKSILK-a4-b2,Ies1,Ies1,115,283,168,3,12,397.446,5,0.5,0.3,30.85
ESNASKYNR-LKSILK-a6-b2,Ies1,Ies1,121,283,162,1,4,636.361,3,4.2,0.33,28.42
HLKKPDGEPFNR-RKPKESNASK-a3-b2,Ies1,Ies1,127,113,14,2,3,544.7,5,1.1,0.31,30.95
HLKKPDGEPFNR-RKPKESNASK-a3-b4,Ies1,Ies1,127,115,12,5,20,680.62,4,2.9,0.35,27.36
HLKKPDGEPFNR-ESNASKYNR-a3-b6,Ies1,Ies1,127,121,6,3,5,661.589,4,2.2,0.32,25.31
HLKKPDGEPFNR-LKSILK-a3-b2,Ies1,Ies1,127,283,156,1,1,569.836,4,3.6,0.34,29.56
HLKKPDGEPFNRK-RKPKESNASK-a4-b4,Ies1,Ies1,128,115,13,5,19,475.433,6,0.6,0.48,31.08
HLKKPDGEPFNR-ESNASKYNR-a4-b6,Ies1,Ies1,128,121,7,4,12,661.589,4,2,0.36,29.38
HLKKPDGEPFNR-ESNASKYNR-a4-b6,Ies1,Ies1,128,121,7,2,4,661.59,4,3.5,0.35,28.9
HLKKPDGEPFNRK-LKSILK-a4-b2,Ies1,Ies1,128,283,155,3,8,481.689,5,2.9,0.29,33.47
QIFTNVLKPLYK-RFLSKYVEVESK-a8-b5,Ies1,Ies1,160,341,181,1,1,617.956,5,5.1,0.19,20.04
AQEQDMVDEQNEVKETEAENEKQESK-FLSKYVEVESK-a22-b4,Ies1,Ies1,370,341,29,2,2,907.032,5,2.5,0.3,23.18
FFNGLEDGAPAGKFILR-FLSKYVEVESK-a13-b4,Ies1,Ies1,434,341,93,3,22,830.191,4,2.2,0.58,34.72
VDKLISLDLNK-KYNSSATVNK-a3-b1,Ies1,Ies1,583,571,12,3,3,627.35,4,0.5,0.31,25.54
HVSENGKTQEEFLADLK-KSQVPNR-a7-b1,Ies1,Ies1,598,609,11,3,54,728.38,4,0.5,0.41,32.49
RSVPKGVR-KRHLHTR-a5-b1,Ies2,Ies2,53,86,33,1,1,397.444,5,1.8,0.31,30.93
SVPKGVR-SMDKR-a4-b4,Ies2,Ies2,53,96,43,1,3,505.95,3,2.4,0.84,37.56
SKMLLDLLEDGGSK-KKLTDEEIQLR-a2-b1,Ies2,Ies2,218,231,13,1,1,754.666,4,4.2,0.49,35.86
SKMLLDLLEDGGSK-KKLTDEEIQLR-a2-b2,Ies2,Ies2,218,232,14,2,5,603.934,5,3,0.58,35.28
MLLDLLEDGGSKK-KLTDEEIQLRR-a12-b1,Ies2,Ies2,230,232,2,6,21,592.128,5,1.6,0.69,30.02
RKNLSEK-AGKSR-a2-b3,Ies2,Ies2,250,275,25,2,2,383.226,4,2.6,0.51,36.89
RLEEEKQDTINK-KNLSEK-a6-b1,Ies2,Ies2,261,250,11,5,11,590.319,4,0.3,0.4,36.13
RLEEEKQDTINK-KNLSEKR-a6-b6,Ies2,Ies2,261,255,6,3,5,503.678,5,2.9,0.41,32.99
RLEEEKQDTINK-AGKSR-a6-b3,Ies2,Ies2,261,275,14,5,11,540.293,4,0.4,0.48,37.75
AGKSR-LLKKR-a3-b3,Ies2,Ies2,275,270,5,1,3,438.288,3,4,0.5,39.24
AGKSRSHLPNDDEK-NDGSSSFVKPR-a3-b9,Ies2,Ies2,275,295,20,1,4,577.691,5,1.9,0.09,16.2
SHLPNDDEKNDGSSSFVKPR-KNLSEK-a9-b1,Ies2,Ies2,286,250,36,2,6,617.71,5,2.3,0.23,26.68
SHLPNDDEKNDGSSSFVKPR-NLSEKR-a9-b5,Ies2,Ies2,286,255,31,1,1,623.315,5,3.9,0.4,21.96
SHLPNDDEKNDGSSSFVKPR-AGKSR-a9-b3,Ies2,Ies2,286,275,11,2,56,481.577,6,1.4,0.44,35.21
SHLPNDDEKNDGSSSFVKPR-AGKSR-a18-b3,Ies2,Ies2,295,275,20,4,12,481.577,6,1.5,0.53,37.24
SVKTPDFLEK-DPHHKK-a3-b5,Ies3,Ies3,27,39,12,1,2,516.28,4,1.3,0.34,29.95
HIVAVDDISKMNYEMIK-TPDFLEKDPHHK-a10-b7,Ies3,Ies3,88,34,54,1,1,722.169,5,4.6,0.43,27.4
DNSKPVLPWDYK-KKEPADEDPEVK-a4-b2,Ies4,Ies4,36,94,58,1,1,746.631,4,2.5,0.41,27.18
DNSKPVLPWDYKNK-SFSGYKVNFTGWIR-a12-b6,Ies4,Ies4,44,57,13,2,12,701.365,5,3.7,0.62,30.44
DNSKPVLPWDYKNK-GSDDKATR-a12-b5,Ies4,Ies4,44,89,45,4,12,673.341,4,0.5,0.56,37.09
DNSKPVLPWDYKNK-KKEPADEDPEVK-a12-b1,Ies4,Ies4,44,93,49,1,1,538.444,6,1.9,0.6,32.96
DNSKPVLPWDYKNK-KKEPADEDPEVK-a12-b2,Ies4,Ies4,44,94,50,4,29,807.164,4,0.1,0.39,30.46
SFSGYKVNFTGWIR-NKAIEIK-a6-b2,Ies4,Ies4,57,46,11,1,2,654.359,4,3.3,0.4,35.24
GSEFTASDVKGSDDK-DNSKPVLPWDYKNK-a10-b12,Ies4,Ies4,84,44,40,8,26,677.532,5,0.4,0.59,29.82
GSEFTASDVKGSDDK-KKEPADEDPEVK-a10-b1,Ies4,Ies4,84,93,9,4,4,613.697,5,2.2,0.44,33.36
GSEFTASDVKGSDDK-KKEPADEDPEVK-a10-b2,Ies4,Ies4,84,94,10,12,44,613.696,5,0.4,0.47,35.94
GSEFTASDVKGSDDKATR-DNSKPVLPWDYKNK-a15-b12,Ies4,Ies4,89,44,45,1,2,928.71,4,1,0.45,22.28
GSEFTASDVKGSDDKATR-KKEPADEDPEVK-a15-b1,Ies4,Ies4,89,93,4,1,2,566.28,6,2.5,0.46,30.86
GSEFTASDVKGSDDKATR-KKEPADEDPEVK-a15-b2,Ies4,Ies4,89,94,5,3,8,566.278,6,1.3,0.45,32.93
KKEPADEDPEVK-GSDDKATR-a1-b5,Ies4,Ies4,93,89,4,4,5,593.547,4,1,0.52,38.87
KKEPADEDPEVK-QLEKEGEDGLDS-a1-b4,Ies4,Ies4,93,108,15,1,3,711.097,4,4.6,0.36,25.57
KEPADEDPEVK-GSDDKATRK-a1-b5,Ies4,Ies4,94,89,5,6,55,791.06,3,0.8,0.6,29.69
KKEPADEDPEVK-QLEKEGEDGLDS-a2-b4,Ies4,Ies4,94,108,14,4,24,711.095,4,1.7,0.44,24.03
DPESVIDKEIR-KISAR-a8-b1,Ies5,Ies5,12,16,4,3,18,671.374,3,1.2,0.57,32.81
NDELIKQDGTLKR-KISAR-a6-b1,Ies5,Ies5,26,16,10,3,12,561.071,4,1.4,0.35,33.88
QLISDENKR-HKSAR-a8-b2,Ies6,Ies6,72,61,11,4,22,460.253,4,0.5,0.57,31.78
INALLTKANK-QLISDENKR-a7-b8,Ies6,Ies6,80,72,8,4,24,582.087,4,3.8,0.26,26.84
ANKAAESSTAAR-QLISDENKR-a3-b8,Ies6,Ies6,83,72,11,4,13,604.818,4,1.6,0.31,27.14
GFYKSPTNNIR-KYCDVTGLK-a4-b1,Ies6,Ies6,126,114,12,3,5,839.766,3,0.3,0.48,31.53
DISDFSKTTAGKSAK-GNGIQKSRK-a7-b6,Ino80,Ino80,19,182,163,1,1,536.893,5,3.2,0.03,21.57
GNGIQKSR-HTNGKSMR-a6-b5,Ino80,Ino80,182,173,9,1,3,643.006,3,4.9,0.51,33.03
KKDAAAAAAIGK-HTNGKSMR-a2-b5,Ino80,Ino80,186,173,13,3,4,546.3,4,0.1,0.29,26.52
KKDAAAAAAIGK-GNGIQKSR-a2-b6,Ino80,Ino80,186,182,4,4,16,423.045,5,0.2,0.47,35.69
INKNITINSDRPK-MCNKNK-a3-b4,Ino80,Ino80,324,345,21,4,6,611.825,4,0.8,0.28,23.17
NITINSDRPKIVR-ELIKMCNK-a10-b4,Ino80,Ino80,334,341,7,1,2,675.375,4,1.4,0.24,23.4
MCNKNK-HQKIK-a4-b3,Ino80,Ino80,345,350,5,1,2,396.967,4,4.8,0.58,29.97
KLINDAKR-QYHVKR-a1-b5,Ino80,Ino80,387,383,4,3,8,385.829,5,2.4,0.15,25.25
NNVGLDGNDLDNDEDGSESHKRR-KLNNNTANGADDANKR-a21-b1,Ino80,Ino80,424,427,3,4,24,882.614,5,1.1,0.65,28.29
NNVGLDGNDLDNDEDGSESHKRR-LNNNTANGADDANKRK-a21-b14,Ino80,Ino80,424,441,17,2,4,882.617,5,4.1,0.41,19.3
NNVGLDGNDLDNDEDGSESHKR-KFNTR-a21-b1,Ino80,Ino80,424,443,19,1,1,641.302,5,4.9,0.56,33.16
KLNNNTANGADDANKR-KFNTR-a1-b1,Ino80,Ino80,427,443,16,2,13,504.462,5,1.7,0.22,26.32
HGLPTYGMKMNAK-KFNTR-a9-b1,Ino80,Ino80,456,443,13,2,5,563.296,4,2.6,0.46,32.17
HGLPTYGMKMNAK-EAMEQAKK-a9-b7,Ino80,Ino80,456,566,110,1,1,630.572,4,6.7,0.09,21.01
MNAKEAR-KFNTR-a4-b1,Ino80,Ino80,460,443,17,1,3,406.22,4,3.9,0.52,32.27
HYDNTYTTIWKDMAR-KDSTK-a11-b1,Ino80,Ino80,478,483,5,2,9,877.427,3,3.3,0.39,26.75
KWQSKNFK-MNAKEAR-a1-b4,Ino80,Ino80,516,460,56,1,2,674.692,3,1,0.14,22.5
KWQSKNFK-QIKDFQTR-a5-b3,Ino80,Ino80,520,526,6,1,3,560.309,4,3.2,0.32,27.26
QIKDFQTR-WQSKNFK-a3-b4,Ino80,Ino80,526,520,6,1,2,528.285,4,3.6,0.22,28.19
KNEREER-KKIEK-a1-b2,Ino80,Ino80,545,556,11,1,2,436.501,4,2.8,0.31,26.04
IEKEAMEQAK-DLKKK-a3-b3,Ino80,Ino80,559,554,5,1,5,487.025,4,3.7,0.56,32.51
KIEKEAMEQAK-KEEEEK-a4-b1,Ino80,Ino80,559,567,8,2,7,745.049,3,1.4,0.52,39.21
EAMEQAKKEEEEK-KKIEK-a7-b1,Ino80,Ino80,566,555,11,2,4,591.061,4,0.9,0.21,31.76
EAMEQAKKEEEEK-KKIEK-a7-b2,Ino80,Ino80,566,556,10,1,7,787.75,3,4.5,0.26,36.62
EEEEKESKR-EAMEQAKK-a5-b7,Ino80,Ino80,572,566,6,2,7,745.701,3,3.2,0.18,23.31
KLNFLLTQTELYSHFIGR-QIKDFQTR-a1-b3,Ino80,Ino80,580,526,54,1,1,671.368,5,0.9,0.29,23.57
DIESHAEANTKLNQQQLR-KLNFLLTQTELYSHFIGR-a11-b1,Ino80,Ino80,915,580,335,1,1,883.272,5,6.8,0.35,27.91
KNVQSELGDKIEIDVLCDLTQR-ILACTLKEYQLK-a1-b7,Ino80,Ino80,938,707,231,1,1,838.852,5,4.2,0.36,24.14
KVCNHPDLFER-LDGSSKLEDRR-a1-b6,Ino80,Ino80,1009,1350,341,3,8,472.077,6,2.3,0.46,24.69
QKEQVQQVVMEGK-TQEKNIK-a2-b4,Ino80,Ino80,1439,1454,15,2,6,632.842,4,1.7,0.34,30.84
EQVQQVVMEGKTQEK-EGSKSISQDGIK-a11-b4,Ino80,Ino80,1450,1474,24,1,1,787.408,4,6.3,0.29,21.09
NIKTIEVGENDSEVTR-QKEQVQQVVMEGK-a3-b2,Ino80,Ino80,1457,1439,18,1,1,868.701,4,4.7,0.26,22.08
NIKTIEVGENDSEVTR-EQVQQVVMEGKTQEK-a3-b11,Ino80,Ino80,1457,1450,7,3,5,926.218,4,2.1,0.35,25.31
NIKTIEVGENDSEVTR-EGSKSISQDGIK-a3-b4,Ino80,Ino80,1457,1474,17,3,5,798.162,4,4.3,0.39,30.89
EGSKSISQDGIK-TQEKNIK-a4-b4,Ino80,Ino80,1474,1454,20,3,7,562.304,4,1.6,0.22,25.07
NLNEQDRKPYYK-IKNNEEGSSTK-a8-b2,Nhp10,Nhp10,137,178,41,1,1,728.617,4,0.6,0.23,24.29
KISNIDADDDKEENEQK-SKTKR-a1-b2,Nhp10,Nhp10,160,80,80,1,1,687.598,4,0.7,0.24,26.94
KISNIDADDDKEENEQK-VKERDPNMPK-a1-b2,Nhp10,Nhp10,160,87,73,3,14,1114.548,3,3.2,0.37,25.32
KISNIDADDDKEENEQK-NLNEQDRKPYYK-a1-b8,Nhp10,Nhp10,160,137,23,1,2,616.803,6,2.8,0.33,26.31
KISNIDADDDKEENEQK-KPYYKLYSEDRER-a1-b5,Nhp10,Nhp10,160,141,19,1,1,775.777,5,1.9,0.3,24.14
KISNIDADDDKEENEQK-IKNNEEGSSTK-a1-b2,Nhp10,Nhp10,160,178,18,3,8,834.402,4,2.1,0.35,28.95
KISNIDADDDKEENEQK-IKNNEEGSSTKVADSK-a1-b11,Nhp10,Nhp10,160,187,27,2,4,767.774,5,0.3,0.16,16.29
ISNIDADDDKEENEQK-YQMEMEIYNKK-a10-b10,Nhp10,Nhp10,170,159,11,3,4,869.901,4,2.2,0.59,36.46
ISNIDADDDKEENEQK-IKNNEEGSSTK-a10-b2,Nhp10,Nhp10,170,178,8,5,12,1069.5,3,0.4,0.43,34.11
ISNIDADDDKEENEQKIK-NNEEGSSTKVADSK-a10-b9,Nhp10,Nhp10,170,187,17,2,2,742.157,5,2.8,0.29,24.14
ISNIDADDDKEENEQKIK-YQMEMEIYNKK-a16-b10,Nhp10,Nhp10,176,159,17,1,1,744.359,5,3.7,0.36,21.47
ISNIDADDDKEENEQKIK-NNEEGSSTKVADSK-a16-b9,Nhp10,Nhp10,176,187,11,1,1,927.446,4,5.1,0.6,37.68
IKNNEEGSSTK-VKERDPNMPK-a2-b2,Nhp10,Nhp10,178,87,91,1,1,640.081,4,2.4,0.31,30.44
NNEEGSSTKVADSKGGEDGSLVSSN-ISNIDADDDKEENEQKIK-a14-b16,Nhp10,Nhp10,192,176,16,1,1,942.637,5,2.9,0.6,22.81
VADSKGGEDGSLVSSN-IKNNEEGSSTK-a5-b2,Nhp10,Nhp10,192,178,14,2,6,955.797,3,5.1,0.49,27.67
TAAHTHIKGLGLDESGVAK-EACGVIVDLIKAK-a8-b11,Rvb1,Rvb1,31,66,35,1,2,692.384,5,4.1,0.74,33.01
SDAYATEFDLETEEYVPLPKGEVHK-TISHVIVGLKSAK-a20-b10,Rvb1,Rvb1,234,171,63,2,5,1090.073,4,4.1,0.47,24.02
TEITEKLR-GEVHKKK-a6-b6,Rvb1,Rvb1,283,240,43,1,1,488.785,4,0.9,0.13,18.75
EIVVNDVNEAKLLFLDAKR-STKILETSANYL-a11-b3,Rvb1,Rvb1,443,454,11,5,274,1221.673,3,3.8,0.45,34.72
SITGGHKQGK-MIDGLTKEK-a7-b7,Rvb2,Rvb2,154,181,27,4,32,546.798,4,0.5,0.7,34.77
SITGGHKQGKLTIK-ASGKITK-a10-b4,Rvb2,Rvb2,157,198,41,1,1,578.094,4,0.5,0.22,17.32
TTDMETIYELGNKMIDGLTK-SITGGHKQGK-a13-b7,Rvb2,Rvb2,174,154,20,2,3,685.35,5,0.4,0.59,28.16
MIDGLTKEK-ASGKITK-a7-b4,Rvb2,Rvb2,181,198,17,4,12,469.768,4,1.9,0.35,33.71
EKVLAGDVISIDK-SITGGHKQGK-a2-b7,Rvb2,Rvb2,183,154,29,2,6,846.139,3,1.3,0.21,26.83
VLAGDVISIDKASGK-SITGGHKQGK-a11-b7,Rvb2,Rvb2,194,154,40,4,15,525.296,5,0.6,0.71,34.36
FVQCPEGELQKR-ASGKITK-a11-b4,Rvb2,Rvb2,231,198,33,1,5,583.816,4,3.7,0.46,35.76
KTVVHTVSLHEIDVINSR-ASGKITK-a1-b4,Rvb2,Rvb2,233,198,35,6,50,482.277,6,0.5,0.65,38.66
KTVVHTVSLHEIDVINSR-FVQCPEGELQKR-a1-b11,Rvb2,Rvb2,233,231,2,3,35,919.492,4,2.7,0.71,36.52
GTNYKSPHGLPLDLLDRSIIITTK-GVSKTR-a5-b4,Rvb2,Rvb2,338,331,7,6,216,573.66,6,1.9,0.41,31.53
AQEEEVELSSDALDLLTKTGVETSLR-NNTVEVEDVKR-a18-b10,Rvb2,Rvb2,389,424,35,2,80,1069.046,4,1.1,0.45,34.39
SVKYVQENESQYIDDQGNVQISIAK-NNTVEVEDVKR-a3-b10,Rvb2,Rvb2,438,424,14,2,36,1074.541,4,2.1,0.49,29.16
SGSTEETTANTGTIGKR-TTTNTTAEPKAK-a16-b10,Taf14,Taf14,149,161,12,3,7,778.146,4,3.6,0.26,27.99
SGSTEETTANTGTIGKR-AKTGSASTVK-a16-b2,Taf14,Taf14,149,166,17,6,12,932.814,3,0.9,0.52,27.32
SGSTEETTANTGTIGKR-TGSASTVKGSVDLEK-a16-b8,Taf14,Taf14,149,174,25,1,2,832.172,4,1.2,0.25,26.03
TTTNTTAEPKAK-RAKTGSASTVK-a10-b3,Taf14,Taf14,161,166,5,6,13,501.877,5,0.8,0.15,23.84
TTTNTTAEPKAKR-AKTGSASTVK-a12-b2,Taf14,Taf14,163,166,3,3,9,501.876,5,0.7,0.1,16.1
TGSASTVKGSVDLEK-TTTNTTAEPKAK-a8-b10,Taf14,Taf14,174,161,13,2,5,720.381,4,3.2,0.24,28.55
GSVDLEKLAFGLTK-TTTNTTAEPKAK-a7-b10,Taf14,Taf14,181,161,20,1,4,720.144,4,2.8,0.38,30
GSVDLEKLAFGLTK-AKTGSASTVK-a7-b2,Taf14,Taf14,181,166,15,4,13,855.478,3,0.2,0.43,32.25
GSVDLEKLAFGLTK-SLWDYVKK-a7-b7,Taf14,Taf14,181,240,59,1,3,664.12,4,2.7,0.63,32.57
