Type,Protein1,Sequence 1,Link position 1,AbsPos1,Protein2,Sequence 2,Link position 2,AbsPos2,Precursor,Charge,Confidence,Mass error (ppm),Score
Intra-protein,sp|P04050|Rpb1,MVGQQYSSAPLR,1,1,sp|P04050|Rpb1,LKGK,2,330,640.3506,3,Low,-1.2,15
Intra-protein,sp|P04050|Rpb1,KVCECVCMoxHCGK,1,101,sp|P04050|Rpb1,FAAIWTLCKTK,9,143,612.6863,5,Low,-1.3,15
Intra-protein,sp|P04050|Rpb1,KVCECVCMoxHCGK,1,101,sp|P04050|Rpb1,KDGLK,1,176,571.0104,4,Low,-1.9,15
Intra-protein,sp|P04050|Rpb1,KVCECVCMoxHCGK,1,101,sp|P04050|Rpb1,KDGLK,1,176,457.0098,5,Low,-2.1,15
Intra-protein,sp|P04050|Rpb1,FAAIWTLCKTK,9,143,sp|P04050|Rpb1,KDGLK,1,176,679.3795,3,Low,0.7,15
Intra-protein,sp|P04050|Rpb1,FAAIWTLCKTK,9,143,sp|P04050|Rpb1,KDGLK,1,176,679.3790,3,Low,0.1,15
Intra-protein,sp|P04050|Rpb1,FAAIWTLCKTK,9,143,sp|P04050|Rpb1,KDGLK,1,176,509.7863,4,Low,0.2,15
Intra-protein,sp|P04050|Rpb1,FAAIWTLCKTK,9,143,sp|P04050|Rpb1,KDGLK,1,176,509.7858,4,Low,-0.7,15
Intra-protein,sp|P04050|Rpb1,FAAIWTLCKTK,9,143,sp|P04050|Rpb1,KDGLK,1,176,509.7859,4,Low,-0.6,15
Intra-protein,sp|P04050|Rpb1,FAAIWTLCKTK,9,143,sp|P04050|Rpb1,KDR,1,187,474.2609,4,Low,-1.1,15
Intra-protein,sp|P04050|Rpb1,TKMoxVCETDVPSEDDPTQLVSR,2,145,sp|P04050|Rpb1,LVGSWKK,6,186,845.1697,4,Low,0.5,15
Intra-protein,sp|P04050|Rpb1,TKMVCETDVPSEDDPTQLVSR,2,145,sp|P04050|Rpb1,LVGSWKK,6,186,841.1709,4,Low,0.3,15
Intra-protein,sp|P04050|Rpb1,DGLKLVGSWK,4,180,sp|P04050|Rpb1,KDR,1,187,415.2367,4,Low,-0.6,15
Intra-protein,sp|P04050|Rpb1,TVISGDPNLELDQVGVPKSIAK,18,368,sp|P04050|Rpb1,VKVIPYSTFR,2,461,1209.6719,3,Low,0.7,15
Intra-protein,sp|P04050|Rpb1,TVISGDPNLELDQVGVPKSIAK,18,368,sp|P04050|Rpb1,VKVIPYSTFR,2,461,726.2055,5,Low,-0.3,15
Intra-protein,sp|P04050|Rpb1,SIAKTLTYPEVVTPYNIDR,4,372,sp|P04050|Rpb1,NGPNEHPGAKYVIR,10,403,968.0102,4,Low,0.4,15
Intra-protein,sp|P04050|Rpb1,SIAKTLTYPEVVTPYNIDR,4,372,sp|P04050|Rpb1,NGPNEHPGAKYVIR,10,403,968.0109,4,Low,1.1,15
Intra-protein,sp|P04050|Rpb1,SIAKTLTYPEVVTPYNIDR,4,372,sp|P04050|Rpb1,NGPNEHPGAKYVIR,10,403,968.0107,4,Low,1.0,15
Intra-protein,sp|P04050|Rpb1,SIAKTLTYPEVVTPYNIDRLTQLVR,4,372,sp|P04050|Rpb1,NGPNEHPGAKYVIR,10,403,764.0825,6,Low,-0.6,15
Intra-protein,sp|P04050|Rpb1,SIAKTLTYPEVVTPYNIDR,4,372,sp|P04050|Rpb1,YSKR,3,419,957.5151,3,Low,1.8,15
Intra-protein,sp|P04050|Rpb1,VKVIPYSTFR,2,461,sp|P04050|Rpb1,KFLR,1,941,478.2869,4,Low,0.7,15
Intra-protein,sp|P04050|Rpb1,VKVIPYSTFR,2,461,sp|P04050|Rpb1,KFLR,1,941,478.2864,4,Low,-0.4,15
Intra-protein,sp|P04050|Rpb1,KVLDVTK,1,689,sp|P04050|Rpb1,EAQANLLTAKHGMTLR,10,705,674.1304,4,Low,0.4,15
Intra-protein,sp|P04050|Rpb1,DKAGR,2,728,sp|P04050|Rpb1,LAEVNLKDLNNVK,7,738,539.0522,4,Low,-1.4,15
Intra-protein,sp|P04050|Rpb1,GSFINIAQMSACVGQQSVEGKR,21,773,sp|P04050|Rpb1,KVTSGVPR,1,1093,1116.5781,3,Low,1.5,15
Intra-protein,sp|P04050|Rpb1,GSFINIAQMSACVGQQSVEGKR,21,773,sp|P04050|Rpb1,KVTSGVPR,1,1093,837.6838,4,Low,-0.6,15
Intra-protein,sp|P04050|Rpb1,LQVLLDEEYKQLVK,10,934,sp|P04050|Rpb1,DRKFLR,3,941,538.7108,5,Low,-0.5,15
Intra-protein,sp|P04050|Rpb1,LQVLLDEEYKQLVK,10,934,sp|P04050|Rpb1,KFLR,1,941,806.8046,3,Low,0.7,15
Intra-protein,sp|P04050|Rpb1,LQVLLDEEYKQLVK,10,934,sp|P04050|Rpb1,KFLR,1,941,605.3554,4,Low,0.8,15
Intra-protein,sp|P04050|Rpb1,LQVLLDEEYKQLVK,10,934,sp|P04050|Rpb1,KFLR,1,941,605.3552,4,Low,0.4,15
Intra-protein,sp|P04050|Rpb1,LQVLLDEEYKQLVK,10,934,sp|P04050|Rpb1,KFLR,1,941,605.3546,4,Low,-0.5,15
Intra-protein,sp|P04050|Rpb1,LQVLLDEEYKQLVK,10,934,sp|P04050|Rpb1,KFLR,1,941,605.3549,4,Low,0.0,15
Intra-protein,sp|P04050|Rpb1,QLVKDR,4,938,sp|P04050|Rpb1,DIVLGVKDLQENLLVLR,7,991,708.9191,4,Low,0.9,15
Intra-protein,sp|P04050|Rpb1,QLVKDR,4,938,sp|P04050|Rpb1,DIVLGVKDLQENLLVLR,7,991,708.9185,4,Low,0.1,15
Intra-protein,sp|P04050|Rpb1,LKEILNVAK,2,1102,sp|P04050|Rpb1,NMKTPSLTVYLEPGHAADQEQAK,3,1112,739.3958,5,Low,-0.6,15
Intra-protein,sp|P04050|Rpb1,TPSLTVYLEPGHAADQEQAKLIR,20,1132,sp|P04050|Rpb1,VVMMKYDR,5,1286,1239.3099,3,Low,0.7,15
Intra-protein,sp|P04050|Rpb1,TPSLTVYLEPGHAADQEQAKLIR,20,1132,sp|P04050|Rpb1,VVMMKYDR,5,1286,929.7342,4,Low,0.5,15
Intra-protein,sp|P04050|Rpb1,TPSLTVYLEPGHAADQEQAKLIR,20,1132,sp|P04050|Rpb1,VVMMoxKYDR,5,1286,933.7335,4,Low,1.0,15
Intra-protein,sp|P04050|Rpb1,TPSLTVYLEPGHAADQEQAKLIR,20,1132,sp|P04050|Rpb1,VVMMoxKYDR,5,1286,933.7321,4,Low,-0.5,15
Intra-protein,sp|P04050|Rpb1,TPSLTVYLEPGHAADQEQAKLIR,20,1132,sp|P04050|Rpb1,VVMoxMoxKYDR,5,1286,937.7316,4,Low,0.5,15
Intra-protein,sp|P04050|Rpb1,IKQTFK,2,1217,sp|P04050|Rpb1,VVRPKSLDAETEAEEDHMLK,5,1246,800.4224,4,Low,0.2,15
Intra-protein,sp|P04050|Rpb1,IKQTFK,2,1217,sp|P04050|Rpb1,VVRPKSLDAETEAEEDHMLK,5,1246,533.9501,6,Low,-1.1,15
Intra-protein,sp|P04050|Rpb1,IKQTFK,2,1217,sp|P04050|Rpb1,VVRPKSLDAETEAEEDHMoxLK,5,1246,536.6161,6,Low,-0.8,15
Intra-protein,sp|P04050|Rpb1,VVRPKSLDAETEAEEDHMLK,5,1246,sp|P04050|Rpb1,KIENTMLENITLR,1,1262,802.6177,5,Low,0.7,15
Intra-protein,sp|P04050|Rpb1,VVRPKSLDAETEAEEDHMLK,5,1246,sp|P04050|Rpb1,KIENTMLENITLR,1,1262,669.0154,6,Low,-0.3,15
Intra-protein,sp|P04050|Rpb1,VVRPKSLDAETEAEEDHMoxLK,5,1246,sp|P04050|Rpb1,KIENTMLENITLR,1,1262,805.8167,5,Low,0.7,15
Intra-protein,sp|P04050|Rpb1,VVMMKYDR,5,1286,sp|P04050|Rpb1,VPSPTGEYVKEPEWVLETDGVNLSEVMoxTVPGIDPTR,10,1300,1284.6361,4,Low,0.1,15
Intra-protein,sp|P04050|Rpb1,VVMMoxKYDR,5,1286,sp|P04050|Rpb1,VPSPTGEYVKEPEWVLETDGVNLSEVMTVPGIDPTR,10,1300,1027.9100,5,Low,-0.3,15
Intra-protein,sp|P08518|Rpb2,KYEISFGK,1,87,sp|P08518|Rpb2,NLTYSSGLFVDVKK,13,133,670.6123,4,Low,1.0,15
Intra-protein,sp|P08518|Rpb2,KAAPSPISHVAEIR,1,228,sp|P08518|Rpb2,LAKPR,3,510,440.2614,5,Low,-0.7,15
Intra-protein,sp|P08518|Rpb2,SALEKGSR,5,246,sp|P08518|Rpb2,DILQKEFLPHITQLEGFESR,5,358,677.7614,5,Low,0.7,15
Intra-protein,sp|P08518|Rpb2,ATLPYIKQDIPIVIIFR,7,277,sp|P08518|Rpb2,KEK,1,345,636.1310,4,Low,0.0,15
Intra-protein,sp|P08518|Rpb2,ATLPYIKQDIPIVIIFR,7,277,sp|P08518|Rpb2,EKR,2,347,857.1746,3,Low,0.5,15
Intra-protein,sp|P08518|Rpb2,ATLPYIKQDIPIVIIFR,7,277,sp|P08518|Rpb2,EKR,2,347,643.1331,4,Low,0.9,15
Intra-protein,sp|P08518|Rpb2,ATLPYIKQDIPIVIIFR,7,277,sp|P08518|Rpb2,EKR,2,347,643.1326,4,Low,0.0,15
Intra-protein,sp|P08518|Rpb2,KEK,1,345,sp|P08518|Rpb2,IQYAKDILQK,5,353,441.0089,4,Low,-0.4,15
Intra-protein,sp|P08518|Rpb2,EKR,2,347,sp|P08518|Rpb2,IQYAKDILQK,5,353,597.0114,3,Low,-0.1,15
Intra-protein,sp|P08518|Rpb2,EKR,2,347,sp|P08518|Rpb2,IQYAKDILQK,5,353,597.0109,3,Low,-0.9,15
Intra-protein,sp|P08518|Rpb2,EKR,2,347,sp|P08518|Rpb2,IQYAKDILQK,5,353,448.0103,4,Low,-0.5,15
Intra-protein,sp|P08518|Rpb2,EKR,2,347,sp|P08518|Rpb2,IQYAKDILQK,5,353,448.0103,4,Low,-0.5,15
Intra-protein,sp|P08518|Rpb2,EKR,2,347,sp|P08518|Rpb2,DILQKEFLPHITQLEGFESR,5,358,743.1485,4,Low,1.0,15
Intra-protein,sp|P08518|Rpb2,DILQKEFLPHITQLEGFESR,5,358,sp|P08518|Rpb2,TLFKK,4,422,635.5505,5,Low,0.8,15
Intra-protein,sp|P08518|Rpb2,KGDINPEVSMIR,1,606,sp|P08518|Rpb2,ELKVR,3,652,714.0635,3,Low,-0.3,15
Intra-protein,sp|P08518|Rpb2,KGDINPEVSMIR,1,606,sp|P08518|Rpb2,ELKVR,3,652,714.0636,3,Low,-0.2,15
Intra-protein,sp|P08518|Rpb2,KGDINPEVSMIR,1,606,sp|P08518|Rpb2,ELKVR,3,652,714.0639,3,Low,0.2,15
Intra-protein,sp|P08518|Rpb2,KGDINPEVSMIR,1,606,sp|P08518|Rpb2,ELKVR,3,652,535.7995,4,Low,-0.5,15
Intra-protein,sp|P08518|Rpb2,KGDINPEVSMoxIR,1,606,sp|P08518|Rpb2,ELKVR,3,652,719.3955,3,Low,0.2,15
Intra-protein,sp|P08518|Rpb2,KGDINPEVSMoxIR,1,606,sp|P08518|Rpb2,ELKVR,3,652,719.3953,3,Low,-0.1,15
Intra-protein,sp|P08518|Rpb2,RKGDINPEVSMIR,2,606,sp|P08518|Rpb2,ELKVR,3,652,574.8242,4,Low,-1.3,15
Intra-protein,sp|P08518|Rpb2,RKGDINPEVSMoxIR,2,606,sp|P08518|Rpb2,ELKVR,3,652,578.8231,4,Low,-0.9,15
Intra-protein,sp|P08518|Rpb2,SYMDQEKK,7,864,sp|P08518|Rpb2,MKHGTYDKLDDDGLIAPGVR,2,886,561.9441,6,Low,-0.7,15
Intra-protein,sp|P08518|Rpb2,SYMDQEKK,7,864,sp|P08518|Rpb2,TAYHSKR,6,934,507.7508,4,Low,-1.1,15
Intra-protein,sp|P08518|Rpb2,TAYHSKR,6,934,sp|P08518|Rpb2,STENGIVDQVLVTTNQDGLKFVK,20,962,701.7721,5,Low,0.7,15
Intra-protein,sp|P20433|Rpb4,LVIKEALVER,4,60,sp|P20433|Rpb4,AFKR,3,71,457.7814,4,Low,-0.1,15
Intra-protein,sp|P20434|Rpb5,AKYCDSMoxGRPQR,2,45,sp|P20434|Rpb5,KMMSFQANPTEESISK,1,56,690.7244,5,Low,0.4,15
Intra-protein,sp|P20434|Rpb5,LSSDEKR,6,161,sp|P20434|Rpb5,ADPVALYLGLKR,11,191,763.0924,3,Low,0.1,15
Intra-protein,sp|P20434|Rpb5,LSSDEKR,6,161,sp|P20434|Rpb5,ADPVALYLGLKR,11,191,763.0922,3,Low,-0.3,15
Intra-protein,sp|P20434|Rpb5,LSSDEKR,6,161,sp|P20434|Rpb5,ADPVALYLGLKR,11,191,572.5710,4,Low,-0.4,15
Intra-protein,sp|P38902|Rpb11,KVLFAAYK,1,55,sp|P38902|Rpb11,IQTTEGYDPKDALKNACNSIINK,10,84,918.2349,4,Low,0.9,15
Intra-protein,sp|P40422|Rpb12,TATLKYICAECSSK,5,28,sp|P40422|Rpb12,CKDCGHR,2,49,901.0766,3,Low,-0.4,15
Intra-protein,sp|P40422|Rpb12,TATLKYICAECSSK,5,28,sp|P40422|Rpb12,CKDCGHR,2,49,676.0594,4,Low,-0.4,15
Intra-protein,sp|P40422|Rpb12,TATLKYICAECSSK,5,28,sp|P40422|Rpb12,CKDCGHR,2,49,676.0588,4,Low,-1.3,15
Intra-protein,sp|P40422|Rpb12,TATLKYICAECSSK,5,28,sp|P40422|Rpb12,CKDCGHR,2,49,541.0485,5,Low,-1.5,15
Intra-protein,sp|P40422|Rpb12,TATLKYICAECSSK,5,28,sp|P40422|Rpb12,CKDCGHR,2,49,541.0488,5,Low,-0.8,15
Intra-protein,sp|P40422|Rpb12,TATLKYICAECSSK,5,28,sp|P40422|Rpb12,TKR,2,62,725.0366,3,Low,-0.5,15
Inter-protein,sp|P04050|Rpb1,MoxVGQQYSSAPLR,1,1,sp|P08518|Rpb2,KRTYEAIDVPGR,1,134,724.3769,4,Low,2.3,15
Inter-protein,sp|P04050|Rpb1,YSKR,3,419,sp|P08518|Rpb2,MKHGTYDKLDDDGLIAPGVR,2,886,723.6220,4,Low,-0.7,15
Inter-protein,sp|P04050|Rpb1,YSKR,3,419,sp|P08518|Rpb2,MKHGTYDKLDDDGLIAPGVR,2,886,579.0988,5,Low,-1.3,15
Inter-protein,sp|P04050|Rpb1,YSKR,3,419,sp|P08518|Rpb2,MKHGTYDKLDDDGLIAPGVR,2,886,482.7508,6,Low,-0.3,15
Inter-protein,sp|P04050|Rpb1,YSKR,3,419,sp|P08518|Rpb2,MKHGTYDKLDDDGLIAPGVR,2,886,482.7505,6,Low,-1.0,15
Inter-protein,sp|P04050|Rpb1,YSKR,3,419,sp|P08518|Rpb2,MoxKHGTYDKLDDDGLIAPGVR,2,886,582.2978,5,Low,-1.3,15
Inter-protein,sp|P04050|Rpb1,YSKR,3,419,sp|P08518|Rpb2,HGTYDKLDDDGLIAPGVR,6,892,658.8388,4,Low,0.0,15
Inter-protein,sp|P04050|Rpb1,YSKR,3,419,sp|P08518|Rpb2,VSGEDVIIGKTTPISPDEEELGQR,10,914,815.6716,4,Low,-0.1,15
Inter-protein,sp|P04050|Rpb1,YSKR,3,419,sp|P08518|Rpb2,VSGEDVIIGKTTPISPDEEELGQR,10,914,815.6711,4,Low,-0.6,15
Inter-protein,sp|P04050|Rpb1,EGLIDTAVKTAETGYIQR,9,830,sp|P08518|Rpb2,DGKLAKPR,3,507,598.1288,5,Low,-0.7,15
Inter-protein,sp|P04050|Rpb1,NMKTPSLTVYLEPGHAADQEQAK,3,1112,sp|P08518|Rpb2,GTALGIKKEK,7,344,928.2426,4,Low,1.8,15
Inter-protein,sp|P04050|Rpb1,NMKTPSLTVYLEPGHAADQEQAK,3,1112,sp|P08518|Rpb2,DGKLAKPR,3,507,592.4785,6,Low,0.5,15
Inter-protein,sp|P04050|Rpb1,NMoxKTPSLTVYLEPGHAADQEQAK,3,1112,sp|P08518|Rpb2,DGKLAKPR,3,507,713.9708,5,Low,-0.6,15
Inter-protein,sp|P04050|Rpb1,NMKTPSLTVYLEPGHAADQEQAK,3,1112,sp|P08518|Rpb2,LAKPR,3,510,650.7436,5,Low,-0.2,15
Inter-protein,sp|P04050|Rpb1,QALAIKDSK,6,129,sp|P20434|Rpb5,LSSDEKR,6,161,487.0195,4,Low,-1.0,15
Inter-protein,sp|P04050|Rpb1,QALAIKDSK,6,129,sp|P20434|Rpb5,YRLKESQLPR,4,171,800.7900,3,Low,-1.0,15
Inter-protein,sp|P04050|Rpb1,QALAIKDSKK,6,129,sp|P20434|Rpb5,LKESQLPR,2,171,553.0773,4,Low,-0.7,15
Inter-protein,sp|P04050|Rpb1,LQVLLDEEYKQLVKDR,10,934,sp|P20434|Rpb5,KSETSGR,1,201,964.1882,3,Low,0.8,15
Inter-protein,sp|P04050|Rpb1,KVCECVCMHCGK,1,101,sp|P20435|Rpb6,DGETTDANGKTIVTGGNGPEDFQQHEQIR,10,46,804.0261,6,Low,-0.1,15
Inter-protein,sp|P04050|Rpb1,LVGSWKK,6,186,sp|P20435|Rpb6,DGETTDANGKTIVTGGNGPEDFQQHEQIR,10,46,814.6024,5,Low,-0.3,15
Inter-protein,sp|P04050|Rpb1,TVKEVQFGLFSPEEVR,3,15,sp|P20435|Rpb6,KTLK,1,67,831.1311,3,Low,0.6,15
Inter-protein,sp|P04050|Rpb1,TVKEVQFGLFSPEEVR,3,15,sp|P20435|Rpb6,TLKEK,3,70,655.8608,4,Low,0.5,15
Inter-protein,sp|P04050|Rpb1,TVKEVQFGLFSPEEVR,3,15,sp|P20435|Rpb6,EKAIPK,2,72,896.4919,3,Low,-0.2,15
Inter-protein,sp|P04050|Rpb1,TVKEVQFGLFSPEEVR,3,15,sp|P20435|Rpb6,EKAIPK,2,72,672.6212,4,Low,0.3,15
Inter-protein,sp|P04050|Rpb1,TVKEVQFGLFSPEEVR,3,15,sp|P20435|Rpb6,EKAIPK,2,72,672.6209,4,Low,-0.1,15
Inter-protein,sp|P04050|Rpb1,GKNEIIQNAQR,2,1003,sp|P20435|Rpb6,KTLK,1,67,633.0342,3,Low,2.0,15
Inter-protein,sp|P04050|Rpb1,VLDVTKEAQANLLTAK,6,695,sp|P27999|Rpb9,NKR,2,117,756.7676,3,Low,-0.4,15
Inter-protein,sp|P04050|Rpb1,VLDVTKEAQANLLTAK,6,695,sp|P27999|Rpb9,NKR,2,117,756.7681,3,Low,0.3,15
Inter-protein,sp|P04050|Rpb1,VLDVTKEAQANLLTAK,6,695,sp|P27999|Rpb9,NKR,2,117,756.7675,3,Low,-0.6,15
Inter-protein,sp|P04050|Rpb1,VLDVTKEAQANLLTAK,6,695,sp|P27999|Rpb9,NKR,2,117,756.7670,3,Low,-1.1,15
Inter-protein,sp|P04050|Rpb1,VLDVTKEAQANLLTAK,6,695,sp|P27999|Rpb9,NKR,2,117,567.8275,4,Low,-0.7,15
Inter-protein,sp|P04050|Rpb1,VVRPKSLDAETEAEEDHMLK,5,1246,sp|P27999|Rpb9,EDKENNR,3,20,835.4089,4,Low,0.5,15
Inter-protein,sp|P04050|Rpb1,VVRPKSLDAETEAEEDHMLK,5,1246,sp|P27999|Rpb9,EDKENNR,3,20,557.2740,6,Low,-1.6,15
Inter-protein,sp|P08518|Rpb2,NCYLSEATESDLYKLK,14,191,sp|P16370|Rpb3,KGQELK,1,149,925.1366,3,Low,1.0,15
Inter-protein,sp|P08518|Rpb2,NCYLSEATESDLYKLK,14,191,sp|P22139|Rpb10,YNPLEKRD,6,68,1035.8409,3,Low,1.4,15
Inter-protein,sp|P08518|Rpb2,NCYLSEATESDLYKLK,14,191,sp|P22139|Rpb10,YNPLEKRD,6,68,777.1311,4,Low,-0.6,15
Inter-protein,sp|P08518|Rpb2,NCYLSEATESDLYKLK,14,191,sp|P40422|Rpb12,ILLKAR,4,58,696.8763,4,Low,0.6,15
Inter-protein,sp|P08518|Rpb2,YGMoxSITETFEKPQR,11,876,sp|P40422|Rpb12,TKR,2,62,561.7875,4,Low,-1.0,15
Inter-protein,sp|P08518|Rpb2,STENGIVDQVLVTTNQDGLKFVK,20,962,sp|P40422|Rpb12,ILLKAR,4,58,839.7247,4,Low,-0.5,15
Inter-protein,sp|P08518|Rpb2,STENGIVDQVLVTTNQDGLKFVK,20,962,sp|P40422|Rpb12,ILLKAR,4,58,839.7252,4,Low,0.1,15
Inter-protein,sp|P16370|Rpb3,EASKDNVDFILSNVDLAMANSLR,4,15,sp|P22139|Rpb10,LGLKR,4,42,812.1849,4,Low,0.8,15
Inter-protein,sp|P16370|Rpb3,EASKDNVDFILSNVDLAMoxANSLR,4,15,sp|P22139|Rpb10,LGLKR,4,42,816.1829,4,Low,-0.1,15
Inter-protein,sp|P16370|Rpb3,NIGHPIIQDKEGNGVLICK,10,137,sp|P22139|Rpb10,LGLKR,4,42,707.8996,4,Low,-0.4,15
Inter-protein,sp|P16370|Rpb3,NIGHPIIQDKEGNGVLICK,10,137,sp|P22139|Rpb10,LGLKR,4,42,566.5217,5,Low,0.3,15
Inter-protein,sp|P16370|Rpb3,KGQELK,1,149,sp|P22139|Rpb10,YNPLEKR,6,68,440.4987,4,Low,-0.2,15
Inter-protein,sp|P16370|Rpb3,KGQELK,1,149,sp|P22139|Rpb10,YNPLEKRD,6,68,625.3375,3,Low,-0.8,15
Inter-protein,sp|P16370|Rpb3,KGQELK,1,149,sp|P22139|Rpb10,YNPLEKRD,6,68,625.3378,3,Low,-0.4,15
Inter-protein,sp|P16370|Rpb3,KGQELK,1,149,sp|P40422|Rpb12,YICAECSSKLSLSR,9,37,629.0728,4,Low,-0.7,15
Inter-protein,sp|P16370|Rpb3,KGQELK,1,149,sp|P40422|Rpb12,YICAECSSKLSLSR,9,37,629.0726,4,Low,-0.8,15
Inter-protein,sp|P16370|Rpb3,KGQELK,1,149,sp|P40422|Rpb12,YICAECSSKLSLSR,9,37,629.0722,4,Low,-1.6,15
Inter-protein,sp|P20433|Rpb4,MNVSTSTFQTR,1,1,sp|P20434|Rpb5,ELLKR,4,166,689.7007,3,Low,0.0,15
Inter-protein,sp|P20433|Rpb4,MNVSTSTFQTR,1,1,sp|P20434|Rpb5,ELLKR,4,166,689.7016,3,Low,1.2,15
Inter-protein,sp|P20433|Rpb4,MoxNVSTSTFQTR,1,1,sp|P20434|Rpb5,ELLKR,4,166,695.0326,3,Low,0.3,15
Inter-protein,sp|P20433|Rpb4,MoxNVSTSTFQTR,1,1,sp|P20434|Rpb5,ELLKR,4,166,695.0321,3,Low,-0.4,15
Inter-protein,sp|P20434|Rpb5,ELLKR,4,166,sp|P20435|Rpb6,DGETTDANGKTIVTGGNGPEDFQQHEQIR,10,46,782.7889,5,Low,-0.2,15
Inter-protein,sp|P20434|Rpb5,LKESQLPR,2,171,sp|P20435|Rpb6,EKAIPK,2,72,449.0181,4,Low,-0.6,15
Inter-protein,sp|P20434|Rpb5,LKESQLPR,2,171,sp|P20435|Rpb6,EKAIPK,2,72,449.0185,4,Low,0.2,15
Inter-protein,sp|P20435|Rpb6,EKAIPK,2,72,sp|P34087|Rpb7,ILPTDGSAEFNVKYR,13,73,844.7943,3,Low,0.4,15
Inter-protein,sp|P20435|Rpb6,EKAIPK,2,72,sp|P34087|Rpb7,ILPTDGSAEFNVKYR,13,73,844.7940,3,Low,0.0,15
Inter-protein,sp|P20435|Rpb6,EKAIPK,2,72,sp|P34087|Rpb7,ILPTDGSAEFNVKYR,13,73,844.7943,3,Low,0.4,15
Inter-protein,sp|P20435|Rpb6,EKAIPK,2,72,sp|P34087|Rpb7,ILPTDGSAEFNVKYR,13,73,633.8477,4,Low,0.4,15
Inter-protein,sp|P20435|Rpb6,EKAIPKDQR,2,72,sp|P34087|Rpb7,ILPTDGSAEFNVKYR,13,73,587.1156,5,Low,-1.8,15
