Id,Protein1,Protein2,AbsPos1,AbsPos2,score
TPQIGDKFSSR-VRVLPNEKTLR-a7-b8,sp|P22138|RPA2_YEAST,sp|P10964|RPA1_YEAST,916,612,44.83
RLEEDNDEEQSHKK-SDNKLYR-a13-b4,sp|P10964|RPA1_YEAST,sp|P22138|RPA2_YEAST,1376,740,42.44
YRLKESQLPR-EKAIPK-a4-b2,sp|P20434|RPAB1_YEAST,sp|P20435|RPAB2_YEAST,171,72,41.58
FTVIKPGQFGR-LLLKLK-a5-b4,sp|Q01080|RPA49_YEAST,sp|P22138|RPA2_YEAST,306,140,41.23
DGFTKIFETALNEK-TASKDLPTR-a5-b4,sp|P10964|RPA1_YEAST,sp|Q01080|RPA49_YEAST,250,170,39.92
EGLIDTAVKTSR-TPQIGDKFSSR-a9-b7,sp|P10964|RPA1_YEAST,sp|P22138|RPA2_YEAST,1012,916,38.81
RSEYVDMAIAKALSDGR-LSSDEKR-a11-b6,sp|P10964|RPA1_YEAST,sp|P20434|RPAB1_YEAST,195,161,38.61
RLEEDNDEEQSHKK-RTPQIGDKFSSR-a13-b8,sp|P10964|RPA1_YEAST,sp|P22138|RPA2_YEAST,1376,916,37.9
CVHPEPENGKR-KSETSGR-a10-b1,sp|P10964|RPA1_YEAST,sp|P20434|RPAB1_YEAST,1516,201,37.71
NPDAPKGSTDPK-FINPPKDK-a6-b6,sp|P07703|RPAC1_YEAST,sp|P22138|RPA2_YEAST,148,30,37.6
TASKDLPTR-LLLKLK-a4-b4,sp|Q01080|RPA49_YEAST,sp|P22138|RPA2_YEAST,170,140,37.39
HMVNDKFQVR-VLPNEKTLR-a6-b6,sp|P22138|RPA2_YEAST,sp|P10964|RPA1_YEAST,1043,612,37.14
KDVPKVEGLK-VIKPPGQAR-a1-b3,sp|P47006|RPA34_YEAST,sp|P22138|RPA2_YEAST,158,6,37.04
RLEEDNDEEQSHKK-HGQKGVCSR-a13-b4,sp|P10964|RPA1_YEAST,sp|P22138|RPA2_YEAST,1376,924,36.38
LKESQLPR-EKAIPK-a2-b2,sp|P20434|RPAB1_YEAST,sp|P20435|RPAB2_YEAST,171,72,35.79
TPQIGDKFSSR-VLPNEKTLR-a7-b6,sp|P22138|RPA2_YEAST,sp|P10964|RPA1_YEAST,916,612,35.78
KHSKEPHYK-KSETSGR-a4-b1,sp|P10964|RPA1_YEAST,sp|P20434|RPAB1_YEAST,1110,201,35.19
FTVIKPGQFGR-VKGFIR-a5-b2,sp|Q01080|RPA49_YEAST,sp|P10964|RPA1_YEAST,306,267,35.17
HSKEPHYK-KSETSGR-a3-b1,sp|P10964|RPA1_YEAST,sp|P20434|RPAB1_YEAST,1110,201,34.98
CTRNPDAPKGSTDPK-FINPPKDK-a9-b6,sp|P07703|RPAC1_YEAST,sp|P22138|RPA2_YEAST,148,30,34.75
NRIDSDKLTDSAIDIVDSVR-TSGKVPIPGVK-a7-b4,sp|Q01080|RPA49_YEAST,sp|P10964|RPA1_YEAST,153,450,34.54
LLLKLK-TKLLER-a4-b2,sp|P22138|RPA2_YEAST,sp|Q01080|RPA49_YEAST,140,282,34.41
AKQQQVWLIK-KSIQLYK-a2-b1,sp|P47006|RPA34_YEAST,sp|Q01080|RPA49_YEAST,49,86,34.35
DKVSLEDRR-TASKDLPTR-a2-b4,sp|P10964|RPA1_YEAST,sp|Q01080|RPA49_YEAST,410,170,34.01
KAKQQQVWLIK-KSIQLYK-a3-b1,sp|P47006|RPA34_YEAST,sp|Q01080|RPA49_YEAST,49,86,33.96
VIFDGKPLNSEDEISNSGYLGNK-KAIADLER-a6-b1,sp|P22138|RPA2_YEAST,sp|Q01080|RPA49_YEAST,77,139,33.43
EGLIDTAVKTSR-HGQKGVCSR-a9-b4,sp|P10964|RPA1_YEAST,sp|P22138|RPA2_YEAST,1012,924,33.41
DKVSLEDRR-KELQFIR-a2-b1,sp|P10964|RPA1_YEAST,sp|Q01080|RPA49_YEAST,410,211,33.17
RTPQIGDKFSSR-VRVLPNEKTLR-a8-b8,sp|P22138|RPA2_YEAST,sp|P10964|RPA1_YEAST,916,612,33.03
DGFTKIFETALNEK-FTVIKPGQFGR-a5-b5,sp|P10964|RPA1_YEAST,sp|Q01080|RPA49_YEAST,250,306,32.77
VNAITSQVVSKCVPDGTMK-DGATIKEK-a11-b6,sp|P10964|RPA1_YEAST,sp|P32529|RPA12_YEAST,910,83,32.64
SEYVDMAIAKALSDGR-LSSDEKR-a10-b6,sp|P10964|RPA1_YEAST,sp|P20434|RPAB1_YEAST,195,161,32.64
DNAPLQFDKVFSVSETAK-KSIQLYK-a9-b1,sp|P47006|RPA34_YEAST,sp|Q01080|RPA49_YEAST,135,86,32.48
DGATIKEK-IKNEYWGK-a6-b2,sp|P32529|RPA12_YEAST,sp|P10964|RPA1_YEAST,83,756,32.02
TSGKVPIPGVK-TASKDLPTR-a4-b4,sp|P10964|RPA1_YEAST,sp|Q01080|RPA49_YEAST,450,170,31.98
CTRNPDAPKGSTDPK-YNPLEKRD-a9-b6,sp|P07703|RPAC1_YEAST,sp|P22139|RPAB5_YEAST,148,68,31.79
LEEDNDEEQSHKK-HGQKGVCSR-a12-b4,sp|P10964|RPA1_YEAST,sp|P22138|RPA2_YEAST,1376,924,31.56
KVYPSESR-YNPLEKRD-a1-b6,sp|P22138|RPA2_YEAST,sp|P22139|RPAB5_YEAST,120,68,31.49
VIFDGKPLNSEDEISNSGYLGNK-TASKDLPTR-a6-b4,sp|P22138|RPA2_YEAST,sp|Q01080|RPA49_YEAST,77,170,30.64
TKQAVSYDEPDEDEIETMR-SDNKLYR-a2-b4,sp|P10964|RPA1_YEAST,sp|P22138|RPA2_YEAST,1379,740,30.59
RLEEDNDEEQSHKK-TASKDLPTR-a13-b4,sp|P10964|RPA1_YEAST,sp|Q01080|RPA49_YEAST,1376,170,30.53
LQTDVANSSSNSKR-TASKDLPTR-a13-b4,sp|P10964|RPA1_YEAST,sp|Q01080|RPA49_YEAST,1363,170,29.84
VSSILKEADKEK-DKVSLEDRR-a6-b2,sp|Q01080|RPA49_YEAST,sp|P10964|RPA1_YEAST,223,410,29.83
YLGSVSENFQDKLESFLDK-KSETSGR-a12-b1,sp|P10964|RPA1_YEAST,sp|P20434|RPAB1_YEAST,1143,201,29.65
VRVLPNEKTLR-HMVNDKFQVR-a8-b6,sp|P10964|RPA1_YEAST,sp|P22138|RPA2_YEAST,612,1043,29.55
RLEEDNDEEQSHKK-TEKVDLALNR-a13-b3,sp|P10964|RPA1_YEAST,sp|P22138|RPA2_YEAST,1376,808,29.37
VIFDGKPLNSEDEISNSGYLGNK-TKLLER-a6-b2,sp|P22138|RPA2_YEAST,sp|Q01080|RPA49_YEAST,77,282,29.29
LRHMVNDKFQVR-TPQIGDKFSSR-a8-b7,sp|P22138|RPA2_YEAST,sp|P22138|RPA2_YEAST,1043,916,46.89
FRLPSKLGEEVHENSQNQLLSK-KHMMGK-a6-b1,sp|P10964|RPA1_YEAST,sp|P10964|RPA1_YEAST,372,469,45.64
IASTAKDNAPLQFDK-AKQQQVWLIK-a6-b2,sp|P47006|RPA34_YEAST,sp|P47006|RPA34_YEAST,126,49,44.24
TPQIGDKFSSR-HGQKGVCSR-a7-b4,sp|P22138|RPA2_YEAST,sp|P22138|RPA2_YEAST,916,924,43.82
TPQIGDKFSSR-HMVNDKFQVR-a7-b6,sp|P22138|RPA2_YEAST,sp|P22138|RPA2_YEAST,916,1043,43.61
RTPQIGDKFSSR-HMVNDKFQVR-a8-b6,sp|P22138|RPA2_YEAST,sp|P22138|RPA2_YEAST,916,1043,43.53
LRHMVNDKFQVR-SDNKLYR-a8-b4,sp|P22138|RPA2_YEAST,sp|P22138|RPA2_YEAST,1043,740,43.11
TDILKTSVDTGR-LTAEGNKWR-a5-b7,sp|P10964|RPA1_YEAST,sp|P10964|RPA1_YEAST,848,841,42.53
IPAIDYSKVR-KDVPKVEGLK-a8-b1,sp|P47006|RPA34_YEAST,sp|P47006|RPA34_YEAST,152,158,42.47
LRHMVNDKFQVR-RTPQIGDKFSSR-a8-b8,sp|P22138|RPA2_YEAST,sp|P22138|RPA2_YEAST,1043,916,41.99
HMVNDKFQVR-HGQKGVCSR-a6-b4,sp|P22138|RPA2_YEAST,sp|P22138|RPA2_YEAST,1043,924,41.88
HMVNDKFQVR-SDNKLYR-a6-b4,sp|P22138|RPA2_YEAST,sp|P22138|RPA2_YEAST,1043,740,41.3
GRFYSGIKPQEYYFHCMAGR-TDILKTSVDTGR-a8-b5,sp|P10964|RPA1_YEAST,sp|P10964|RPA1_YEAST,991,848,41.22
TASKDLPTR-KELQFIR-a4-b1,sp|Q01080|RPA49_YEAST,sp|Q01080|RPA49_YEAST,170,211,41.07
FYSGIKPQEYYFHCMAGR-TDILKTSVDTGR-a6-b5,sp|P10964|RPA1_YEAST,sp|P10964|RPA1_YEAST,991,848,40.95
VNAITSQVVSKCVPDGTMK-TDILKTSVDTGR-a11-b5,sp|P10964|RPA1_YEAST,sp|P10964|RPA1_YEAST,910,848,40.94
FTVIKPGQFGR-TASKDLPTR-a5-b4,sp|Q01080|RPA49_YEAST,sp|Q01080|RPA49_YEAST,306,170,40.85
LLTKSEDGEK-FEDAKK-a4-b5,sp|P22138|RPA2_YEAST,sp|P22138|RPA2_YEAST,1144,1139,40.26
LKSVEVHR-VKGFIR-a2-b2,sp|P10964|RPA1_YEAST,sp|P10964|RPA1_YEAST,111,267,40.1
GKCDNCGMFSPK-LKSVEVHR-a2-b2,sp|P10964|RPA1_YEAST,sp|P10964|RPA1_YEAST,232,111,39.87
FTVIKPGQFGR-KAIADLER-a5-b1,sp|Q01080|RPA49_YEAST,sp|Q01080|RPA49_YEAST,306,139,39.69
FRLPSKLGEEVHENSQNQLLSK-RLEEDNDEEQSHKK-a6-b13,sp|P10964|RPA1_YEAST,sp|P10964|RPA1_YEAST,372,1376,39.55
RGEVVKIIR-KSETSGR-a6-b1,sp|P20434|RPAB1_YEAST,sp|P20434|RPAB1_YEAST,197,201,39.23
KETSIGVSATGGK-KTTFADE-a1-b1,sp|P50106|RPA14_YEAST,sp|P50106|RPA14_YEAST,118,131,39.12
CHLNKMSPYELVQHKEESDEIGGYFIVNGIEK-KVYPSESR-a5-b1,sp|P22138|RPA2_YEAST,sp|P22138|RPA2_YEAST,174,120,39.06
GKCDNCGMFSPK-VKGFIR-a2-b2,sp|P10964|RPA1_YEAST,sp|P10964|RPA1_YEAST,232,267,38.96
QSVKYDPVLAK-KHSKEPHYK-a4-b1,sp|P10964|RPA1_YEAST,sp|P10964|RPA1_YEAST,1119,1107,38.56
TATLKYICAECSSK-CKDCGHR-a5-b2,sp|P40422|RPAB4_YEAST,sp|P40422|RPAB4_YEAST,28,49,38.5
TASKDLPTR-KAIADLER-a4-b1,sp|Q01080|RPA49_YEAST,sp|Q01080|RPA49_YEAST,170,139,38.46
APVLVSKVVSK-SSKNLR-a7-b3,sp|Q01080|RPA49_YEAST,sp|Q01080|RPA49_YEAST,99,106,38.07
VNAITSQVVSKCVPDGTMK-LTAEGNKWR-a11-b7,sp|P10964|RPA1_YEAST,sp|P10964|RPA1_YEAST,910,841,37.83
DLNDDLSKLQK-DKVSLEDRR-a8-b2,sp|P10964|RPA1_YEAST,sp|P10964|RPA1_YEAST,405,410,37.66
TASKDLPTR-TKLLER-a4-b2,sp|Q01080|RPA49_YEAST,sp|Q01080|RPA49_YEAST,170,282,37.66
FTVIKPGQFGR-TKLLER-a5-b2,sp|Q01080|RPA49_YEAST,sp|Q01080|RPA49_YEAST,306,282,37.61
VGGVVLGYEGLKILDADPLSK-EDTSEKLIK-a12-b6,sp|P46669|RPA43_YEAST,sp|P46669|RPA43_YEAST,88,103,37.52
LSVSVEQVSIAKPMSNDGVSSAVER-KVYPSESR-a12-b1,sp|P22138|RPA2_YEAST,sp|P22138|RPA2_YEAST,106,120,37.42
IFETALNEKQITNNR-VKGFIR-a9-b2,sp|P10964|RPA1_YEAST,sp|P10964|RPA1_YEAST,259,267,37.19
RTPQIGDKFSSR-HGQKGVCSR-a8-b4,sp|P22138|RPA2_YEAST,sp|P22138|RPA2_YEAST,916,924,37.18
LLPQINILQPIKGESAR-YEEFADKVK-a12-b7,sp|P07703|RPAC1_YEAST,sp|P07703|RPAC1_YEAST,240,288,36.85
FTVIKPGQFGR-KELQFIR-a5-b1,sp|Q01080|RPA49_YEAST,sp|Q01080|RPA49_YEAST,306,211,36.63
QSKDISSTLLNELK-LKSVEVHR-a3-b2,sp|P10964|RPA1_YEAST,sp|P10964|RPA1_YEAST,171,111,36.41
NRIDSDKLTDSAIDIVDSVR-KAIADLER-a7-b1,sp|Q01080|RPA49_YEAST,sp|Q01080|RPA49_YEAST,153,139,36.37
SADERGFGYGTMYKTEK-SDNKLYR-a14-b4,sp|P22138|RPA2_YEAST,sp|P22138|RPA2_YEAST,805,740,36.26
HIKNRDVVLMNR-ASMMGHKVR-a3-b7,sp|P10964|RPA1_YEAST,sp|P10964|RPA1_YEAST,582,604,35.75
SKSDTRPSALR-NLRGPKIK-a2-b6,sp|Q01080|RPA49_YEAST,sp|Q01080|RPA49_YEAST,116,112,35.63
LRPGQEISLKAHCILGIGGDHAK-DLKFEPQGR-a10-b3,sp|P07703|RPAC1_YEAST,sp|P07703|RPAC1_YEAST,205,168,35.36
VIFDGKPLNSEDEISNSGYLGNK-GMAINFKDKR-a6-b7,sp|P22138|RPA2_YEAST,sp|P22138|RPA2_YEAST,77,441,35.35
QSKDISSTLLNELK-VKGFIR-a3-b2,sp|P10964|RPA1_YEAST,sp|P10964|RPA1_YEAST,171,267,34.79
KHSKEPHYK-TLKYRK-a4-b3,sp|P10964|RPA1_YEAST,sp|P10964|RPA1_YEAST,1110,1103,34.73
EAAAEVTNLDKDTPADDPELLKR-DNNKSGILDAVTSSK-a22-b4,sp|P10964|RPA1_YEAST,sp|P10964|RPA1_YEAST,877,888,34.59
DGFTKIFETALNEK-TSGKVPIPGVK-a5-b4,sp|P10964|RPA1_YEAST,sp|P10964|RPA1_YEAST,250,450,34.57
NRIDSDKLTDSAIDIVDSVR-SKSDTRPSALR-a7-b2,sp|Q01080|RPA49_YEAST,sp|Q01080|RPA49_YEAST,153,116,34.2
TLPSFKPYETDAMAGGYVKGR-TDILKTSVDTGR-a19-b5,sp|P10964|RPA1_YEAST,sp|P10964|RPA1_YEAST,983,848,34.15
LQTDVANSSSNSKR-TSGKVPIPGVK-a13-b4,sp|P10964|RPA1_YEAST,sp|P10964|RPA1_YEAST,1363,450,34.05
NRIDSDKLTDSAIDIVDSVR-TKLLER-a7-b2,sp|Q01080|RPA49_YEAST,sp|Q01080|RPA49_YEAST,153,282,34.03
VKGFIRQDMIK-LKSVEVHR-a2-b2,sp|P10964|RPA1_YEAST,sp|P10964|RPA1_YEAST,267,111,33.87
GSFTATVNDERKK-LVHEFHKK-a12-b7,sp|P10964|RPA1_YEAST,sp|P10964|RPA1_YEAST,217,225,33.68
VNAITSQVVSKCVPDGTMK-WRTDILKTSVDTGR-a11-b7,sp|P10964|RPA1_YEAST,sp|P10964|RPA1_YEAST,910,848,33.42
NRIDSDKLTDSAIDIVDSVR-FTVIKPGQFGR-a7-b5,sp|Q01080|RPA49_YEAST,sp|Q01080|RPA49_YEAST,153,306,33.33
IAMKELAEK-KIPLVIR-a4-b1,sp|P20435|RPAB2_YEAST,sp|P20435|RPAB2_YEAST,123,129,33.06
APVLVSKVVSK-SSKNLRGPK-a7-b3,sp|Q01080|RPA49_YEAST,sp|Q01080|RPA49_YEAST,99,106,33.03
SEDGEKIFIDDSQIWEDGQGNK-FEDAKK-a6-b5,sp|P22138|RPA2_YEAST,sp|P22138|RPA2_YEAST,1150,1139,32.97
RLEEDNDEEQSHKK-TSGKVPIPGVK-a13-b4,sp|P10964|RPA1_YEAST,sp|P10964|RPA1_YEAST,1376,450,32.93
LLPQINILQPIKGESAR-EVLRYEEFADKVK-a12-b11,sp|P07703|RPAC1_YEAST,sp|P07703|RPAC1_YEAST,240,288,32.9
EKKLELFPYQNNSK-VSSILKEADK-a3-b6,sp|Q01080|RPA49_YEAST,sp|Q01080|RPA49_YEAST,230,223,32.58
KLELFPYQNNSK-VSSILKEADKEK-a1-b6,sp|Q01080|RPA49_YEAST,sp|Q01080|RPA49_YEAST,230,223,32.39
GFGYGTMYKTEK-SDNKLYR-a9-b4,sp|P22138|RPA2_YEAST,sp|P22138|RPA2_YEAST,805,740,32.28
DGALLCGILDKSQYGASK-NKIKNEYWGK-a11-b4,sp|P10964|RPA1_YEAST,sp|P10964|RPA1_YEAST,783,756,31.86
NRIDSDKLTDSAIDIVDSVR-TASKDLPTR-a7-b4,sp|Q01080|RPA49_YEAST,sp|Q01080|RPA49_YEAST,153,170,31.65
IAMKELAEK-KIPLVIRR-a4-b1,sp|P20435|RPAB2_YEAST,sp|P20435|RPAB2_YEAST,123,129,31.64
GFGYGTMYKTEK-HMVNDKFQVR-a9-b6,sp|P22138|RPA2_YEAST,sp|P22138|RPA2_YEAST,805,1043,31.42
LKESQLPR-ELLKRYR-a2-b4,sp|P20434|RPAB1_YEAST,sp|P20434|RPAB1_YEAST,171,166,31.35
QSVKYDPVLAK-KHSKEPHYK-a4-b4,sp|P10964|RPA1_YEAST,sp|P10964|RPA1_YEAST,1119,1110,30.58
FTVIKPGQFGR-SKSDTRPSALR-a5-b2,sp|Q01080|RPA49_YEAST,sp|Q01080|RPA49_YEAST,306,116,30.52
LEEDNDEEQSHKK-TSGKVPIPGVK-a12-b4,sp|P10964|RPA1_YEAST,sp|P10964|RPA1_YEAST,1376,450,30.21
LKESQLPR-RELLKR-a2-b5,sp|P20434|RPAB1_YEAST,sp|P20434|RPAB1_YEAST,171,166,30.14
NRIDSDKLTDSAIDIVDSVR-VSSILKEADKEK-a7-b6,sp|Q01080|RPA49_YEAST,sp|Q01080|RPA49_YEAST,153,223,30.05
CVHPEPENGKR-HSKEPHYK-a10-b3,sp|P10964|RPA1_YEAST,sp|P10964|RPA1_YEAST,1516,1110,30.04
SHHDDEEESSEKK-ENKKEPK-a12-b4,sp|P47006|RPA34_YEAST,sp|P47006|RPA34_YEAST,208,191,29.91
LKESQLPR-LSSDEKR-a2-b6,sp|P20434|RPAB1_YEAST,sp|P20434|RPAB1_YEAST,171,161,29.43
NALGEAFGTKK-KAIADLER-a10-b1,sp|Q01080|RPA49_YEAST,sp|Q01080|RPA49_YEAST,135,139,29.43
CFPPGVIGIDEGSDEAYVKDAR-KDTVSR-a19-b1,sp|P07703|RPAC1_YEAST,sp|P07703|RPAC1_YEAST,268,272,29.39
GMAINFKDKR-LLLKLK-a9-b4,sp|P22138|RPA2_YEAST,sp|P22138|RPA2_YEAST,443,140,28.96
FTVIKPGQFGR-NALGEAFGTKK-a5-b10,sp|Q01080|RPA49_YEAST,sp|Q01080|RPA49_YEAST,306,135,28.84
TSGKVPIPGVK-QALEKK-a4-b5,sp|P10964|RPA1_YEAST,sp|P10964|RPA1_YEAST,450,462,28.77
VSSILKEADK-TASKDLPTR-a6-b4,sp|Q01080|RPA49_YEAST,sp|Q01080|RPA49_YEAST,223,170,28.4
KNELKDGATIK-KSVVKTSLK-a5-b5,sp|P32529|RPA12_YEAST,sp|P32529|RPA12_YEAST,77,68,28.35
DISSTLLNELKSK-LKSVEVHR-a11-b2,sp|P10964|RPA1_YEAST,sp|P10964|RPA1_YEAST,182,111,28.32
IPAIDYSKVR-VPRKDVPK-a8-b4,sp|P47006|RPA34_YEAST,sp|P47006|RPA34_YEAST,152,158,28.23
KNELKDGATIK-SVVKTSLK-a5-b4,sp|P32529|RPA12_YEAST,sp|P32529|RPA12_YEAST,77,68,28.04
AKYCDSMGRPQRK-TVKEMVK-a2-b3,sp|P20434|RPAB1_YEAST,sp|P20434|RPAB1_YEAST,45,20,27.96
LRHMVNDKFQVR-HGQKGVCSR-a8-b4,sp|P22138|RPA2_YEAST,sp|P22138|RPA2_YEAST,1043,924,27.06
LQEILRDNNKSGILDAVTSSK-DTPADDPELLKR-a10-b11,sp|P10964|RPA1_YEAST,sp|P10964|RPA1_YEAST,888,877,26.82
KHSKEPHYK-TLKYRK-a1-b3,sp|P10964|RPA1_YEAST,sp|P10964|RPA1_YEAST,1107,1103,26.76
NALGEAFGTKK-TASKDLPTR-a10-b4,sp|Q01080|RPA49_YEAST,sp|Q01080|RPA49_YEAST,135,170,26.39
LQTDVANSSSNSKR-LEEDNDEEQSHKK-a13-b12,sp|P10964|RPA1_YEAST,sp|P10964|RPA1_YEAST,1363,1376,25.45
QAVINGPDKWPGATQIQNEDGSLVSLIGMSVEQR-KALANQLLTPSSNVSTHTLNKK-a9-b1,sp|P10964|RPA1_YEAST,sp|P10964|RPA1_YEAST,529,555,25.34
YRLKESQLPR-LSSDEKR-a4-b6,sp|P20434|RPAB1_YEAST,sp|P20434|RPAB1_YEAST,171,161,25.29
KLELFPYQNNSKYVAK-EADKEK-a12-b4,sp|Q01080|RPA49_YEAST,sp|Q01080|RPA49_YEAST,241,227,25
RTPQIGDKFSSR-HGQKGVCSRK-a8-b4,sp|P22138|RPA2_YEAST,sp|P22138|RPA2_YEAST,916,924,24.91
VSSILKEADKEK-TASKDLPTR-a6-b4,sp|Q01080|RPA49_YEAST,sp|Q01080|RPA49_YEAST,223,170,24.65
LQTDVANSSSNSKR-KLVHEFHKK-a13-b8,sp|P10964|RPA1_YEAST,sp|P10964|RPA1_YEAST,1363,225,23.53
LQTDVANSSSNSKR-EGLIDTAVKTSR-a13-b9,sp|P10964|RPA1_YEAST,sp|P10964|RPA1_YEAST,1363,1012,22.44
AKYCDSMGRPQRK-TVKEMVKDR-a2-b3,sp|P20434|RPAB1_YEAST,sp|P20434|RPAB1_YEAST,45,20,22.41
KQVTNPIDEKNGTSNCIVR-SLGHWVDSNGEPIDGKLR-a1-b16,sp|P46669|RPA43_YEAST,sp|P46669|RPA43_YEAST,22,228,22.4
LQTDVANSSSNSKR-QALEKK-a13-b5,sp|P10964|RPA1_YEAST,sp|P10964|RPA1_YEAST,1363,462,22.2
GLPPAQDFSAAPIQVSTTEKK-KTTFADE-a20-b1,sp|P50106|RPA14_YEAST,sp|P50106|RPA14_YEAST,117,131,21.99
KAKQQQVWLIK-a1-a3,sp|P47006|RPA34_YEAST,sp|P47006|RPA34_YEAST,47,49,48.79
SHHDDEEESSEKKK-a12-b13,sp|P47006|RPA34_YEAST,sp|P47006|RPA34_YEAST,208,209,47.77
LVHEFHKKLLSR-a7-b8,sp|P10964|RPA1_YEAST,sp|P10964|RPA1_YEAST,225,226,45.51
HKKQVTNPIDEK-a2-b3,sp|P46669|RPA43_YEAST,sp|P46669|RPA43_YEAST,21,22,42.83
KSEKDEFVLHGENER-a1-b4,sp|Q01080|RPA49_YEAST,sp|Q01080|RPA49_YEAST,45,48,41.21
GLPPAQDFSAAPIQVSTTEKKETSIGVSATGGK-a20-b21,sp|P50106|RPA14_YEAST,sp|P50106|RPA14_YEAST,117,118,37.27
SHHDDEEESSEKKK-a12-b14,sp|P47006|RPA34_YEAST,sp|P47006|RPA34_YEAST,208,210,37.09
DLNDDLSKLQKDK-a8-b11,sp|P10964|RPA1_YEAST,sp|P10964|RPA1_YEAST,405,408,36.6
QSVKYDPVLAKYNPAK-a4-b11,sp|P10964|RPA1_YEAST,sp|P10964|RPA1_YEAST,1119,1126,35.74
IATMKVPFKLPEMTR-a5-b9,sp|Q01080|RPA49_YEAST,sp|Q01080|RPA49_YEAST,398,402,35.39
NALGEAFGTKKAK-a10-b11,sp|Q01080|RPA49_YEAST,sp|Q01080|RPA49_YEAST,135,136,34.88
VGGVVLGYEGLKILDADPLSKEDTSEK-a12-b21,sp|P46669|RPA43_YEAST,sp|P46669|RPA43_YEAST,88,97,34.31
LEEDNDEEQSHKKTK-a12-b15,sp|P10964|RPA1_YEAST,sp|P10964|RPA1_YEAST,1376,1379,34.3
IKSKSDTRPSALR-a2-b4,sp|Q01080|RPA49_YEAST,sp|Q01080|RPA49_YEAST,114,116,32.23
NALGEAFGTKKAK-a10-b13,sp|Q01080|RPA49_YEAST,sp|Q01080|RPA49_YEAST,135,138,31.99
LEEDNDEEQSHKKTK-a12-b13,sp|P10964|RPA1_YEAST,sp|P10964|RPA1_YEAST,1376,1377,29.23
ELAEKKIPLVIR-a5-b6,sp|P20435|RPAB2_YEAST,sp|P20435|RPAB2_YEAST,128,129,27.07
HLKNFPLNGDNKK-a3-b12,sp|P47006|RPA34_YEAST,sp|P47006|RPA34_YEAST,36,45,22.8
AQLDEITSNDRPTPLANIDATDVEQIYPIESIIPKKELQFIR-a35-b36,sp|Q01080|RPA49_YEAST,sp|Q01080|RPA49_YEAST,210,211,20.7
FQKCFPPGVIGIDEGSDEAYVKDAR-a3-b22,sp|P07703|RPAC1_YEAST,sp|P07703|RPAC1_YEAST,249,268,19.84
HLKNFPLNGDNKK-a3-b13,sp|P47006|RPA34_YEAST,sp|P47006|RPA34_YEAST,36,46,19.04
SHHDDEEESSEKK-a12-b13,sp|P47006|RPA34_YEAST,sp|P47006|RPA34_YEAST,208,209,17.12
VPIPGVKQALEKK-a7-b12,sp|P10964|RPA1_YEAST,sp|P10964|RPA1_YEAST,457,462,15.27
LKSLPVDFESSTTMTIDKHDYK-a2-b22,sp|P47006|RPA34_YEAST,sp|P47006|RPA34_YEAST,68,88,14.91
GLKDLMDLCDVVESKFTEK-a3-b19,sp|P28000|RPAC2_YEAST,sp|P28000|RPAC2_YEAST,122,138,13.93
TGSTYILSTEVKNILDTVFRK-a12-b21,sp|P10964|RPA1_YEAST,sp|P10964|RPA1_YEAST,321,330,13.5
KALANQLLTPSSNVSTHTLNK-a1-b21,sp|P10964|RPA1_YEAST,sp|P10964|RPA1_YEAST,555,575,13.39
KNELKDGATIK-a1-b11,sp|P32529|RPA12_YEAST,sp|P32529|RPA12_YEAST,73,83,12.42
KRSHHDDEEESSEK-a1-b14,sp|P47006|RPA34_YEAST,sp|P47006|RPA34_YEAST,195,208,12.42
NALGEAFGTKK-a10-b11,sp|Q01080|RPA49_YEAST,sp|Q01080|RPA49_YEAST,135,136,12.33
LLTKSEDGEKIFIDDSQIWEDGQGNK-a10-b26,sp|P22138|RPA2_YEAST,sp|P22138|RPA2_YEAST,1150,1166,11.74
LESFLDKNSKLFK-a7-b10,sp|P10964|RPA1_YEAST,sp|P10964|RPA1_YEAST,1150,1153,10
IASTAKDNAPLQFDKVFSVSETAK-a6-b24,sp|P47006|RPA34_YEAST,sp|P47006|RPA34_YEAST,126,144,9.01
VLLSEVIDKVIVTETTGTSNTAGGNAAR-a9,sp|P10964|RPA1_YEAST,-,1269,n/a,56.66
FRLPSKLGEEVHENSQNQLLSK-a6,sp|P10964|RPA1_YEAST,-,372,n/a,53.52
FRLPSKLGEEVHENSQNQLLSK-a6,sp|P10964|RPA1_YEAST,-,372,n/a,52.33
LRPGQEISLKAHCILGIGGDHAK-a10,sp|P07703|RPAC1_YEAST,-,205,n/a,49.23
NRGDPITQHFGFGNDEWPKEWLEK-a19,sp|P22138|RPA2_YEAST,-,834,n/a,48.63
APVLVSKVVSK-a7,sp|Q01080|RPA49_YEAST,-,99,n/a,48.42
NLNNLKQENAYLLIR-a6,sp|P20436|RPAB3_YEAST,-,136,n/a,48.07
LMNAFVTIQNDVNAFIDSTKAQGR-a20,sp|P10964|RPA1_YEAST,-,442,n/a,47.37
LRPGQEISLKAHCILGIGGDHAK-a10,sp|P07703|RPAC1_YEAST,-,205,n/a,47.18
GLPPAQDFSAAPIQVSTTEKK-a21,sp|P50106|RPA14_YEAST,-,118,n/a,47.03
KLELFPYQNNSKYVAK-a12,sp|Q01080|RPA49_YEAST,-,241,n/a,47.01
EGLIDTAVKTSR-a9,sp|P10964|RPA1_YEAST,-,1012,n/a,46.97
RGEVVKIIR-a6,sp|P20434|RPAB1_YEAST,-,197,n/a,46.97
VTNTTSTDFPGFSKDAENEWNVEK-a14,sp|P07703|RPAC1_YEAST,-,25,n/a,46.34
YRLKESQLPR-a4,sp|P20434|RPAB1_YEAST,-,171,n/a,46.08
YRLKESQLPR-a4,sp|P20434|RPAB1_YEAST,-,171,n/a,46.03
RFQKCFPPGVIGIDEGSDEAYVK-a4,sp|P07703|RPAC1_YEAST,-,249,n/a,46
VTNTTSTDFPGFSKDAENEWNVEK-a14,sp|P07703|RPAC1_YEAST,-,25,n/a,45.92
GFRAPSDTTFDLYKK-a14,sp|Q01080|RPA49_YEAST,-,42,n/a,45.89
YLGSVSENFQDKLESFLDK-a12,sp|P10964|RPA1_YEAST,-,1143,n/a,45.84
WRTDILKTSVDTGR-a7,sp|P10964|RPA1_YEAST,-,848,n/a,45.83
RTPQIGDKFSSR-a8,sp|P22138|RPA2_YEAST,-,916,n/a,45.82
RSEYVDMAIAKALSDGR-a11,sp|P10964|RPA1_YEAST,-,195,n/a,45.67
KALANQLLTPSSNVSTHTLNK-a1,sp|P10964|RPA1_YEAST,-,555,n/a,45.51
RSHHDDEEESSEKK-a13,sp|P47006|RPA34_YEAST,-,208,n/a,45.4
LQTDVANSSSNSKR-a13,sp|P10964|RPA1_YEAST,-,1363,n/a,45.22
GLPPAQDFSAAPIQVSTTEKK-a20,sp|P50106|RPA14_YEAST,-,117,n/a,44.99
GSLENEVLFKDGALLCGILDK-a10,sp|P10964|RPA1_YEAST,-,772,n/a,44.81
KALANQLLTPSSNVSTHTLNKK-a1,sp|P10964|RPA1_YEAST,-,555,n/a,44.69
KLELFPYQNNSKYVAK-a12,sp|Q01080|RPA49_YEAST,-,241,n/a,44.61
HMVNDKFQVR-a6,sp|P22138|RPA2_YEAST,-,1043,n/a,44.35
APVLVSKVVSK-a7,sp|Q01080|RPA49_YEAST,-,99,n/a,44.21
VGGVVLGYEGLKILDADPLSK-a12,sp|P46669|RPA43_YEAST,-,88,n/a,44.19
KAKQQQVWLIK-a3,sp|P47006|RPA34_YEAST,-,49,n/a,44.1
CTRNPDAPKGSTDPK-a9,sp|P07703|RPAC1_YEAST,-,148,n/a,43.99
VLLSEVIDKVIVTETTGTSNTAGGNAAR-a9,sp|P10964|RPA1_YEAST,-,1269,n/a,43.94
QHLNPLVMKYNNK-a9,sp|P46669|RPA43_YEAST,-,72,n/a,43.83
KALANQLLTPSSNVSTHTLNK-a1,sp|P10964|RPA1_YEAST,-,555,n/a,43.51
LQTDVANSSSNSKR-a13,sp|P10964|RPA1_YEAST,-,1363,n/a,43.26
RLEEDNDEEQSHKK-a13,sp|P10964|RPA1_YEAST,-,1376,n/a,43.09
MILTHVDLIEKFLR-a11,sp|P22139|RPAB5_YEAST,-,59,n/a,42.85
DGFTKIFETALNEK-a5,sp|P10964|RPA1_YEAST,-,250,n/a,42.84
NLNNLKQENAYLLIR-a6,sp|P20436|RPAB3_YEAST,-,136,n/a,42.81
EAAAEVTNLDKDTPADDPELLKR-a22,sp|P10964|RPA1_YEAST,-,877,n/a,42.74
VIFDGKPLNSEDEISNSGYLGNK-a6,sp|P22138|RPA2_YEAST,-,77,n/a,42.65
NPTTRPKTGSTYILSTEVK-a7,sp|P10964|RPA1_YEAST,-,309,n/a,42.58
NRGDPITQHFGFGNDEWPKEWLEK-a19,sp|P22138|RPA2_YEAST,-,834,n/a,42.54
CVHPEPENGKR-a10,sp|P10964|RPA1_YEAST,-,1516,n/a,42.12
IASTAKDNAPLQFDK-a6,sp|P47006|RPA34_YEAST,-,126,n/a,41.66
RFQKCFPPGVIGIDEGSDEAYVK-a4,sp|P07703|RPAC1_YEAST,-,249,n/a,41.51
SQFSNLKVVTTTADDAFPSSLR-a7,sp|P32529|RPA12_YEAST,-,46,n/a,41.35
GKCDNCGMFSPKFR-a12,sp|P10964|RPA1_YEAST,-,242,n/a,41.32
SISKVLLSEVIDK-a4,sp|P10964|RPA1_YEAST,-,1260,n/a,41.09
LKSVEVHR-a2,sp|P10964|RPA1_YEAST,-,111,n/a,40.84
SHHDDEEESSEKK-a12,sp|P47006|RPA34_YEAST,-,208,n/a,40.82
TMKTFVIHIQEK-a3,sp|P20434|RPAB1_YEAST,-,94,n/a,40.79
VSSILKEADKEK-a6,sp|Q01080|RPA49_YEAST,-,223,n/a,40.75
IKTYHSSEPAYIEEVNLIGDESNK-a2,sp|P22138|RPA2_YEAST,-,872,n/a,40.67
KEQCVLQYVFHSRPNLSR-a1,sp|P10964|RPA1_YEAST,-,330,n/a,40.49
LVHEFHKK-a8,sp|P10964|RPA1_YEAST,-,226,n/a,40.39
DISSTLLNELKSK-a11,sp|P10964|RPA1_YEAST,-,182,n/a,40.38
LPSKLGEEVHENSQNQLLSK-a4,sp|P10964|RPA1_YEAST,-,372,n/a,40.31
DGETTDANGKTIVTGGNGPEDFQQHEQIRR-a10,sp|P20435|RPAB2_YEAST,-,46,n/a,40.28
HLKNFPLNGDNK-a3,sp|P47006|RPA34_YEAST,-,36,n/a,40
TSVDTGREAAAEVTNLDKDTPADDPELLK-a18,sp|P10964|RPA1_YEAST,-,866,n/a,39.91
VNAITSQVVSKCVPDGTMK-a11,sp|P10964|RPA1_YEAST,-,910,n/a,39.88
SEKDEFVLHGENER-a3,sp|Q01080|RPA49_YEAST,-,48,n/a,39.83
AKQQQVWLIK-a2,sp|P47006|RPA34_YEAST,-,49,n/a,39.6
TMKTFVIHIQEK-a3,sp|P20434|RPAB1_YEAST,-,94,n/a,39.45
GSTDPKELYNNAHVYAR-a6,sp|P07703|RPAC1_YEAST,-,154,n/a,39.41
EAAAEVTNLDKDTPADDPELLK-a11,sp|P10964|RPA1_YEAST,-,866,n/a,39.4
RLEEDNDEEQSHKK-a13,sp|P10964|RPA1_YEAST,-,1376,n/a,39.13
LSVSVEQVSIAKPMSNDGVSSAVERK-a12,sp|P22138|RPA2_YEAST,-,106,n/a,39.09
ELAEKKIPLVIR-a5,sp|P20435|RPAB2_YEAST,-,128,n/a,38.77
KALANQLLTPSSNVSTHTLNKK-a1,sp|P10964|RPA1_YEAST,-,555,n/a,38.68
GLPPAQDFSAAPIQVSTTEKK-a20,sp|P50106|RPA14_YEAST,-,117,n/a,38.63
KEQCVLQYVFHSRPNLSRK-a1,sp|P10964|RPA1_YEAST,-,330,n/a,38.58
EAAAEVTNLDKDTPADDPELLKR-a22,sp|P10964|RPA1_YEAST,-,877,n/a,38.56
SQFSNLKVVTTTADDAFPSSLR-a7,sp|P32529|RPA12_YEAST,-,46,n/a,38.52
NLSAKQITNPTVLDNLGHPVSGGLYDLALGAFLR-a5,sp|P10964|RPA1_YEAST,-,30,n/a,38.49
VNAITSQVVSKCVPDGTMK-a11,sp|P10964|RPA1_YEAST,-,910,n/a,38.45
KETSIGVSATGGKK-a13,sp|P50106|RPA14_YEAST,-,130,n/a,38.39
TSGKVPIPGVKQALEK-a11,sp|P10964|RPA1_YEAST,-,457,n/a,38.34
KSEKDEFVLHGENER-a1,sp|Q01080|RPA49_YEAST,-,45,n/a,38.3
KEQCVLQYVFHSRPNLSR-a1,sp|P10964|RPA1_YEAST,-,330,n/a,38.23
KLVHEFHKK-a8,sp|P10964|RPA1_YEAST,-,225,n/a,38.02
LRHMVNDKFQVR-a8,sp|P22138|RPA2_YEAST,-,1043,n/a,37.93
KAKQQQVWLIK-a1,sp|P47006|RPA34_YEAST,-,47,n/a,37.81
DGETTDANGKTIVTGGNGPEDFQQHEQIR-a10,sp|P20435|RPAB2_YEAST,-,46,n/a,37.77
GSFFAQLKTTTVRK-a8,sp|P22138|RPA2_YEAST,-,513,n/a,37.65
LVHEFHKK-a7,sp|P10964|RPA1_YEAST,-,225,n/a,37.54
ELAEKKIPLVIR-a6,sp|P20435|RPAB2_YEAST,-,129,n/a,37.39
GSFFAQLKTTTVRK-a8,sp|P22138|RPA2_YEAST,-,513,n/a,37.38
QVTNPIDEKNGTSNCIVR-a9,sp|P46669|RPA43_YEAST,-,31,n/a,37.28
DGETTDANGKTIVTGGNGPEDFQQHEQIR-a10,sp|P20435|RPAB2_YEAST,-,46,n/a,37.26
SGILDAVTSSKVNAITSQVVSK-a11,sp|P10964|RPA1_YEAST,-,899,n/a,37.22
QVTNPIDEKNGTSNCIVR-a9,sp|P46669|RPA43_YEAST,-,31,n/a,37.21
LQEILRDNNKSGILDAVTSSK-a10,sp|P10964|RPA1_YEAST,-,888,n/a,37.19
HIKNRDVVLMNR-a3,sp|P10964|RPA1_YEAST,-,582,n/a,37.15
RLEEDNDEEQSHKK-a14,sp|P10964|RPA1_YEAST,-,1377,n/a,37.07
KNELKDGATIK-a5,sp|P32529|RPA12_YEAST,-,77,n/a,36.8
FTVIKPGQFGR-a5,sp|Q01080|RPA49_YEAST,-,306,n/a,36.68
VSSILKEADKEK-a6,sp|Q01080|RPA49_YEAST,-,223,n/a,36.51
KLVHEFHKK-a8,sp|P10964|RPA1_YEAST,-,225,n/a,36.46
KSEKDEFVLHGENER-a4,sp|Q01080|RPA49_YEAST,-,48,n/a,36.26
ILDADPLSKEDTSEKLIK-a15,sp|P46669|RPA43_YEAST,-,103,n/a,36.23
LQTDVANSSSNSKRLEEDNDEEQSHK-a13,sp|P10964|RPA1_YEAST,-,1363,n/a,36.08
NLNNLKQENAYLLIRR-a6,sp|P20436|RPAB3_YEAST,-,136,n/a,36.05
VFSVSETAKIPAIDYSK-a9,sp|P47006|RPA34_YEAST,-,144,n/a,35.61
STGPVNSLTMQPVKGR-a14,sp|P22138|RPA2_YEAST,-,1061,n/a,35.22
AKYCDSMGRPQRK-a2,sp|P20434|RPAB1_YEAST,-,45,n/a,35.18
EVLRYEEFADKVK-a11,sp|P07703|RPAC1_YEAST,-,288,n/a,35.06
KNEYLVPVVMILK-a1,sp|P22138|RPA2_YEAST,-,266,n/a,34.77
TATEVTPQEPKHIQEEEEQDVDMTGDEEQEEEPDREK-a11,sp|P28000|RPAC2_YEAST,-,20,n/a,34.77
TYHSSEPAYIEEVNLIGDESNKFQELQTVSIK-a22,sp|P22138|RPA2_YEAST,-,894,n/a,34.62
SLGHWVDSNGEPIDGKLR-a16,sp|P46669|RPA43_YEAST,-,228,n/a,34.6
GLPPAQDFSAAPIQVSTTEKK-a21,sp|P50106|RPA14_YEAST,-,118,n/a,34.51
SADEGATVFYTCTSCGYKFR-a18,sp|P32529|RPA12_YEAST,-,120,n/a,34.47
TLPSFKPYETDAMAGGYVKGR-a19,sp|P10964|RPA1_YEAST,-,983,n/a,34.09
LQEILRDNNKSGILDAVTSSK-a10,sp|P10964|RPA1_YEAST,-,888,n/a,33.89
HSKEPHYK-a3,sp|P10964|RPA1_YEAST,-,1110,n/a,33.8
FYSGIKPQEYYFHCMAGR-a6,sp|P10964|RPA1_YEAST,-,991,n/a,33.74
NILDTVFRKEQCVLQYVFHSRPNLSR-a9,sp|P10964|RPA1_YEAST,-,330,n/a,33.6
KLLPESWGFLCPVHTPDGSPCGLLNHFAHKCR-a30,sp|P22138|RPA2_YEAST,-,548,n/a,33.46
SADEGATVFYTCTSCGYKFR-a18,sp|P32529|RPA12_YEAST,-,120,n/a,33
FTVIKPGQFGRSKDR-a5,sp|Q01080|RPA49_YEAST,-,306,n/a,32.99
NLSAKQITNPTVLDNLGHPVSGGLYDLALGAFLR-a5,sp|P10964|RPA1_YEAST,-,30,n/a,32.96
SVSEIEIESVQDQPSVAVGSFFKGFR-a23,sp|Q01080|RPA49_YEAST,-,28,n/a,32.66
RSEYVDMAIAKALSDGR-a11,sp|P10964|RPA1_YEAST,-,195,n/a,32.52
DKVSLEDRR-a2,sp|P10964|RPA1_YEAST,-,410,n/a,32.51
NALGEAFGTKK-a11,sp|Q01080|RPA49_YEAST,-,136,n/a,32.05
MTEDIEQKKTATEVTPQEPK-a8,sp|P28000|RPAC2_YEAST,-,8,n/a,32.04
IPAIDYSKVRVPR-a8,sp|P47006|RPA34_YEAST,-,152,n/a,31.99
SHHDDEEESSEKKK-a14,sp|P47006|RPA34_YEAST,-,210,n/a,31.93
AKYCDSMGRPQRK-a2,sp|P20434|RPAB1_YEAST,-,45,n/a,31.89
IVVGKLNNVGTGSFDVLAK-a5,sp|P10964|RPA1_YEAST,-,1645,n/a,31.64
CLTKQLEGVHVSYDNSIR-a4,sp|P10964|RPA1_YEAST,-,1025,n/a,31.36
KLLPESWGFLCPVHTPDGSPCGLLNHFAHKCR-a30,sp|P22138|RPA2_YEAST,-,548,n/a,31.31
KIPLVIRR-a1,sp|P20435|RPAB2_YEAST,-,129,n/a,31.29
MSYETTCQFLTKAVLDNEREQLDSPSAR-a12,sp|P10964|RPA1_YEAST,-,1624,n/a,31.29
DGETTDANGKTIVTGGNGPEDFQQHEQIRR-a10,sp|P20435|RPAB2_YEAST,-,46,n/a,31.15
EVLRYEEFADKVK-a13,sp|P07703|RPAC1_YEAST,-,290,n/a,31.13
NPTTRPKTGSTYILSTEVK-a7,sp|P10964|RPA1_YEAST,-,309,n/a,30.93
KLDGSNEASANDEESFDVGRNPTTRPK-a1,sp|P10964|RPA1_YEAST,-,283,n/a,30.68
NILDTVFRKEQCVLQYVFHSRPNLSR-a9,sp|P10964|RPA1_YEAST,-,330,n/a,30.59
KLLTKSEDGEK-a5,sp|P22138|RPA2_YEAST,-,1144,n/a,30.55
HIKNRDVVLMNR-a3,sp|P10964|RPA1_YEAST,-,582,n/a,30.43
IVTLPPTIFKPYPLWTGK-a10,sp|P10964|RPA1_YEAST,-,721,n/a,30.41
IIGWVSHEQGKIIADTLR-a11,sp|P22138|RPA2_YEAST,-,602,n/a,30.13
MTEDIEQKKTATEVTPQEPK-a9,sp|P28000|RPAC2_YEAST,-,9,n/a,30.02
TATLKYICAECSSK-a5,sp|P40422|RPAB4_YEAST,-,28,n/a,29.88
VGGVVLGYEGLKILDADPLSKEDTSEK-a12,sp|P46669|RPA43_YEAST,-,88,n/a,29.56
LEEDNDEEQSHKK-a12,sp|P10964|RPA1_YEAST,-,1376,n/a,29.54
KLDGSNEASANDEESFDVGRNPTTRPK-a1,sp|P10964|RPA1_YEAST,-,283,n/a,28.84
KSEKDEFVLHGENER-a4,sp|Q01080|RPA49_YEAST,-,48,n/a,28.61
RTPQIGDKFSSR-a8,sp|P22138|RPA2_YEAST,-,916,n/a,28.52
EKCPQCGNEEMNYHTLQLR-a2,sp|P32529|RPA12_YEAST,-,85,n/a,28.51
SEKDEFVLHGENER-a3,sp|Q01080|RPA49_YEAST,-,48,n/a,27.9
DISSTLLNELKSK-a11,sp|P10964|RPA1_YEAST,-,182,n/a,27.82
VGGVVLGYEGLKILDADPLSKEDTSEK-a12,sp|P46669|RPA43_YEAST,-,88,n/a,27.71
KIPLVIRR-a1,sp|P20435|RPAB2_YEAST,-,129,n/a,27.56
SKIVTLPPTIFKPYPLWTGK-a2,sp|P10964|RPA1_YEAST,-,711,n/a,27.47
TYHSSEPAYIEEVNLIGDESNKFQELQTVSIK-a22,sp|P22138|RPA2_YEAST,-,894,n/a,27.35
VKGFIRQDMIK-a2,sp|P10964|RPA1_YEAST,-,267,n/a,27.15
NKIKNEYWGK-a2,sp|P10964|RPA1_YEAST,-,754,n/a,26.85
TLPSFKPYETDAMAGGYVKGR-a19,sp|P10964|RPA1_YEAST,-,983,n/a,26.13
DNNKSGILDAVTSSK-a4,sp|P10964|RPA1_YEAST,-,888,n/a,26.07
ASMMGHKVR-a7,sp|P10964|RPA1_YEAST,-,604,n/a,25.69
RLEEDNDEEQSHKK-a14,sp|P10964|RPA1_YEAST,-,1377,n/a,25.29
GRFYSGIKPQEYYFHCMAGR-a8,sp|P10964|RPA1_YEAST,-,991,n/a,25.24
LEEDNDEEQSHKK-a13,sp|P10964|RPA1_YEAST,-,1377,n/a,24.6
AQLDEITSNDRPTPLANIDATDVEQIYPIESIIPKK-a35,sp|Q01080|RPA49_YEAST,-,210,n/a,24.41
EKCPQCGNEEMNYHTLQLR-a2,sp|P32529|RPA12_YEAST,-,85,n/a,24.3
KQVTNPIDEKNGTSNCIVR-a10,sp|P46669|RPA43_YEAST,-,31,n/a,23.96
LDGSNEASANDEESFDVGRNPTTRPKTGSTYILSTEVK-a26,sp|P10964|RPA1_YEAST,-,309,n/a,23.87
SKIVTLPPTIFKPYPLWTGK-a2,sp|P10964|RPA1_YEAST,-,711,n/a,23.41
DKSAFPLLQEAVQPHIGSFNALTEGPDGGLLNLGVK-a2,sp|P22138|RPA2_YEAST,-,32,n/a,23.3
KLVKADSFFMDVLVVPPTR-a4,sp|P10964|RPA1_YEAST,-,351,n/a,23.3
LLPESWGFLCPVHTPDGSPCGLLNHFAHKCR-a29,sp|P22138|RPA2_YEAST,-,548,n/a,23.01
LNNVGTGSFDVLAKVPNAA-a14,sp|P10964|RPA1_YEAST,-,1659,n/a,22.31
CHLNKMSPYELVQHKEESDEIGGYFIVNGIEK-a15,sp|P22138|RPA2_YEAST,-,184,n/a,21.81
STGPVNSLTMQPVKGRK-a14,sp|P22138|RPA2_YEAST,-,1061,n/a,21.8
LDGSNEASANDEESFDVGRNPTTRPKTGSTYILSTEVK-a38,sp|P10964|RPA1_YEAST,-,321,n/a,21.34
VEGKTPGLPIDLEIGYVPPSTR-a4,sp|P22138|RPA2_YEAST,-,616,n/a,21.3
AKYCDSMGRPQR-a2,sp|P20434|RPAB1_YEAST,-,45,n/a,19.09
EQLDSPSARIVVGKLNNVGTGSFDVLAK-a14,sp|P10964|RPA1_YEAST,-,1645,n/a,18.04
LEEDNDEEQSHKK-a12,sp|P10964|RPA1_YEAST,-,1376,n/a,17.77
DISSTLLNELKSKR-a11,sp|P10964|RPA1_YEAST,-,182,n/a,17.67
DKSAFPLLQEAVQPHIGSFNALTEGPDGGLLNLGVK-a2,sp|P22138|RPA2_YEAST,-,32,n/a,17.09
GRFYSGIKPQEYYFHCMAGR-a8,sp|P10964|RPA1_YEAST,-,991,n/a,16.35
IPSILYSLGVAPASHTFAAGPSLCCVQIDGKIIGWVSHEQGK-a31,sp|P22138|RPA2_YEAST,-,591,n/a,15.87
VEGLKLEHFATGYDAEDFHVAEEVK-a5,sp|P47006|RPA34_YEAST,-,167,n/a,15.83
IKSKSDTRPSALR-a4,sp|Q01080|RPA49_YEAST,-,116,n/a,15.15
VEGKTPGLPIDLEIGYVPPSTR-a4,sp|P22138|RPA2_YEAST,-,616,n/a,14.83
KSEKDEFVLHGENER-a1,sp|Q01080|RPA49_YEAST,-,45,n/a,14.09
KQVTNPIDEKNGTSNCIVR-a1,sp|P46669|RPA43_YEAST,-,22,n/a,13.78
NLNNLKQENAYLLIRR-a6,sp|P20436|RPAB3_YEAST,-,136,n/a,13.73
GSTDPKELYNNAHVYAR-a6,sp|P07703|RPAC1_YEAST,-,154,n/a,13.6
VKGFIRQDMIK-a11,sp|P10964|RPA1_YEAST,-,276,n/a,13.53
QITNNRVKGFIR-a8,sp|P10964|RPA1_YEAST,-,267,n/a,13.4
DFKGLPPAQDFSAAPIQVSTTEKK-a3,sp|P50106|RPA14_YEAST,-,97,n/a,13.28
DISSTLLNELKSKR-a11,sp|P10964|RPA1_YEAST,-,182,n/a,12.87
IDSDKLTDSAIDIVDSVR-a5,sp|Q01080|RPA49_YEAST,-,153,n/a,12.39
EVLRYEEFADKVK-a11,sp|P07703|RPAC1_YEAST,-,288,n/a,12.02
DISSTLLNELKSKR-a13,sp|P10964|RPA1_YEAST,-,184,n/a,11.92
DGALLCGILDKSQYGASK-a11,sp|P10964|RPA1_YEAST,-,783,n/a,11.42
KETSIGVSATGGKK-a1,sp|P50106|RPA14_YEAST,-,118,n/a,10.74
SLGHWVDSNGEPIDGKLR-a16,sp|P46669|RPA43_YEAST,-,228,n/a,10.34
SLPVDFESSTTMTIDKHDYK-a16,sp|P47006|RPA34_YEAST,-,84,n/a,9.79
SLPVDFESSTTMTIDKHDYK-a20,sp|P47006|RPA34_YEAST,-,88,n/a,9.27
EKIKLLTQATSEDGTSASFQIVEEDHTLGNALR-a4,sp|P28000|RPAC2_YEAST,-,48,n/a,9.24
KMMSFQANPTEESISK-a1,sp|P20434|RPAB1_YEAST,-,56,n/a,8.75
EGFQIPTNLDAAAAGTSQARTATLKYICAECSSK-a25,sp|P40422|RPAB4_YEAST,-,28,n/a,8.62
KRSHHDDEEESSEK-a1,sp|P47006|RPA34_YEAST,-,195,n/a,8.45
FRALMQLKYMR-a8,sp|P10964|RPA1_YEAST,-,1173,n/a,8.22
YNKVCRIEAASTTQDQCK-a3,sp|P20436|RPAB3_YEAST,-,22,n/a,7.91
AKYCDSMGRPQR-a2,sp|P20434|RPAB1_YEAST,-,45,n/a,7.8
YNNKVGGVVLGYEGLK-a4,sp|P46669|RPA43_YEAST,-,76,n/a,7.5
